nome_arquivo,x_face,y_face,w_face,h_face,porcentagem_preto,max_preto_linha,preto_borda_superior,preto_borda_inferior,cores_pretas,cor1_media,cor2_media,cor3_media,texto_extraido,quantidade_palavras,proibido,plastificar
aug_cnh_001.jpg,873.0,558.0,90.0,90.0,4.3,14.36,3.22,3.33,1,253.0,247.0,42.33,Valida EM Todo TerritÓrio NACIONAL 2952662900 2952662900 ; g 1 1 1 1 8 Vn 5 8 H ; 1 1 HI 2 7F ! 4 :; 1 ; 1 ; 1 HI 2 1 8 RI 1 7 | 8 1 1 1 JI  1 2 1 1 1 1,51,0,0
aug_cnh_002.jpg,176.0,294.0,136.0,136.0,6.43,58.67,18.71,1.3,0,226.67,228.33,235.0,"Reoblica frdiraTiva Doaras1l Fi GRte Carfeira Nacional De Habilttacio / drtver Ecexse / PeRMISO De conouccion Auquuto_Rodrlousi {0s/05/1980 Camora E28/222 [23/10/2032 {5531739 ~BIPf {80,*2133517 05963878522 {auniro | Ollver Borge? Sabrlna Forlas 1 [ 1 MINAS GERAIS",36,0,0
aug_cnh_003.jpg,623.0,212.0,54.0,54.0,7.86,39.65,3.74,4.24,2,238.33,245.67,12.0,"Valida EM Todo 0 TerritÓrio NACIoNAL 2952662900 2952662900 1 1 F 1 I 1 1 2 1 1 9 1 8 ; H :, ; 11 TI | : 2 H  g 1 HH ;: | 1 1 1 1 II | 1 L 5 5 1",47,0,0
aug_cnh_004.jpg,873.0,558.0,92.0,92.0,5.0,17.58,3.5,3.45,2,253.0,247.67,253.67,VaLIDA EM TODo TerritÓrio NACIoNAL 2952662900 2952662900 9 1 1 [ : JIn 1 U 5 7 UI 2 78 1 1 1 : 1 ; R Fi 1 HE 2 1 8 hly] k 1 7 1 ' 1 1 { JI  5 1 1 1,47,0,0
aug_cnh_005.jpg,176.0,296.0,134.0,134.0,8.28,82.25,18.74,2.1,2,212.33,221.67,8.33,"REPÚBLICA FEDERATIVA Do BRASIL ministerio Dos TRANSPORTES BR S ECRETARia Nacional DE TRAnSito carteira nacional de HabilitAçio / DRIVER LICENSE / PERMISO DE ConDUCCIÓN Nomee SobRenoke KABIUTAÇRO Lais Azevedo Daia [ocaleuf denascimenio 19/04/1961 Rosa MG Daiaeuissac VAlidade 20/10/2022 17/10/2032 1 8( DOC IDENIIDADE / ORG EWissor / UF 81.598.224-OIPF AdoPC N"" REGISTRO e 1 768.593.140-01 36299221500 NacohavDADE BRASILEIRO(A) FILIAÇO : 1 Caua Martins 3 Sarah Vasconcelos 1 ais Assivaturadoporiado ACC E Ee OBSERVAÇOES AssinADO DIGITALMENTE DgpariangmioesiADuAl IRasuo LOCAL 4336+407081 | BELO HORIZONTE, MG MG681606770 MINAS GERAIS Jcuedo",87,0,0
aug_cnh_006.jpg,176.0,298.0,132.0,132.0,7.28,81.98,18.49,1.82,2,238.67,247.67,14.67,"REPÚBLICA FEDERATIVA Do BRASIL ministerio Dos TRANSPORTES BR SECRETARia Nacional DE TRAnSito carteira nacional de Habilitaçio / DRIVERLICENSE / PERMISO DE ConDUCCIÓN Nomee SoBReNOME HABILTAÇ^O Julia Leao Daia Localeuf denascimevio 25/02/1971 DaiAevissac VAlidade 27/09/2023 24/09/2033 1 4c DOC [DeNTIDADE ORG EMissor / UF 35.151.707-O DETRAN 4d [PF NªREGISTRO e 817.543.269-19 35169791055 1 NacionAlIDADE BRASILEIRO(A) FiLIAÇAO i 1 Luiz Otavio da Conceicao 3 Maria Siqueira 1 ulia_Yeao Assinatura Do poriADOR ACC Ee OBSERVAÇOES AssinaADO DICITALMENTE DePaRIAMENIO {SIADUAl IRasuo LOCAL 4336+407081 1 BELO HORIZONTE, MG MG681606770 MINAS GERAIS",86,0,0
aug_cnh_007.jpg,173.0,294.0,138.0,138.0,4.54,77.78,17.45,0.32,1,227.67,236.0,164.0,REPÚBLica FedeRaTiva Do BRASiL NisteRio Dos VRanstoris BR Secreiaria Nacional 0 (ransio CaRTEIRANACIONAL DE HABIuTAÇÃO / DRIVERUcENSE / PeRMISO DE Conduccion Ronee Aui Ivoque Comar Daia (om Nascimenio 05/12/1961 Pochoco Fuiliad Vlioan 01/04/2018 29/05/2028 1 Dioeniioaiy /onivisyoa /v 65.186.545 9acre iaiiro Fat Vaa 430.821.576-53 2752051885 Aaimalinai 1 ARASIULIRO(A) 1 [Sr. Jose Miguel do Cruz 3 Femanda Comes 1 JonyueBomore Alnanieaoonikiaix)s Aao Aynanionhiannn Oaaakiameyioisiaoial 0r iravuio 40doadan In 1 OuloioRlonil MG Moasicoor MINAS GERAIS,73,0,0
aug_cnh_008.jpg,180.0,302.0,124.0,124.0,8.09,81.98,18.49,1.82,2,238.33,248.67,13.0,"REPÚBLICA FEDERATIVA Do BRASIL ministerio Dos TRANSPORTES BR SECRETARia Nacional DE TRAnSito carteira nacional de Habilitaçio / DRIVERLICENSE / PERMISO DE ConDUCCIÓN Nomee SoBReNOME HABILTAÇ^O Alexia Albuquerque Daia Localeufdenascimevio 31/07/1961 Castro MG Daiaeuissac 46 Valipade 10/08/2020 08/08/2030 1 DoCioeniDADEhorgenissor(UE 29.601.849-3PC 4d CPF NPEGistpo e 256.348.197-09 46717342725 1 NacionAlIDADE BRASILEIRO(A) FiLIAÇAO 1 1 Marcos Vinicius Macedo Sra_ Manuella Aragao 1 Assinaiurado poriador ACC Ee OBSERVAÇOES AssinaADO DICITALMENTE DePaRIAMENIO {SIADUAl IRasuo LOCAL 4336+407081 1 BELO HORIZONTE, MG MG681606770 MINAS GERAIS",78,0,0
aug_cnh_009.jpg,174.0,293.0,136.0,136.0,5.39,50.68,16.73,1.13,0,225.33,226.67,235.67,cqiheyUraua  hseetwopeanaCan E2 Gres Pt | | MuAs StKais,9,0,0
aug_cnh_010.jpg,177.0,297.0,130.0,130.0,7.28,71.0,23.97,1.44,0,217.33,219.33,220.0,"Refubuca fidfrativa 0o RRasil 4k(o Carteira NaCtonat de Habhlttaçao/ drwer License / permiso de Conduccion Cnoro Moryure [27/02/1903 Ribolrv  de Winus [5170/2016 [22/10/2026 [76.,323,833 Le 1 | [Paulo Gusrra Nina Fovaoa 1 [ | MINAS GERAIS [2124"" - H (83222836872",40,0,0
aug_cnh_011.jpg,182.0,300.0,124.0,124.0,5.2,81.44,17.19,0.7,1,238.33,248.67,99.67,Republica Federativa Do BRasil tro Dos trsrorie BR Secreiari acional De 7ransno Carteira NaCiONAl De habiUtAÇiO /DrieRUCense / Perhiso Deconouccion Quw Mnue Voaek Gre 2onp Cnnn 00sF0is Cs Si8Jiff Su60 s Ssassin 1 Aaasileiat aa) ! 1 Arthur Asrwues Conyme Ares 1 Uoaanliii | Reioin kliie M; Mafaine MINAS GERAIS,50,0,0
aug_cnh_012.jpg,61.0,77.0,89.0,89.0,7.73,39.16,4.13,3.94,2,238.67,245.33,13.67,1 7 1 1   II < 8 1 1 1 201 1 Ii 11 1 ' 5 Hk H 1 ; p 2 1 5 ; ià ; 2 3 # | 8 !  1 ; ; 0062992562 0062992562 Ivnoijvk oiuoliuu3l 0 0001 WJ VOIJVA,45,0,0
aug_cnh_013.jpg,37.0,92.0,90.0,90.0,7.43,15.43,6.09,7.57,2,237.33,242.33,26.33,"1 62 1 1 "" 9 1 9 1 1 J % 1 1 8: ' { 1 2 1 1 5 1 8 1 1 8 HJLL | ; 1 9 { 8; 8i , M Le | 1",40,0,0
aug_cnh_014.jpg,,,,,4.08,22.17,4.43,1.55,1,231.33,235.67,212.33,Valida Em Todo 0 Territorio NACioNAl 2662900 2952662900 ; 1 1 6 8 2 14 2 F 2 : II 1 2 5 O 1 @ 1 1 [ 1 1 [ 1 | 1 1 2 1 { 1 1 1 F ; 2 | 1 1 1 1 1 1 1 1 1 1,56,0,0
aug_cnh_015.jpg,178.0,297.0,131.0,131.0,8.12,81.98,18.49,1.82,2,238.67,247.67,14.33,"REPÚBLICA FEDERATIVA Do BRASIL ministerio Dos TRANSPORTES BR S ECRETARia Nacional DE TRAnSito carteira nacional de Habilitaçio / DRIVERLICENSE / PERMISO DE ConDUCCIÓN Nomee SoBReNOME HABILTAÇ^O Dra. Sabrina Caldeira Daia Localeufdenascimevio 12/02/1997 da Mota DaiAeuissao Validade 26/05/2019 23/05/2029 1 DOC [DENTIDADE / ORG eVissor / Ue 94.603.863-4IFP 4d [PF N? REGISTRO e 857.049.631-10 86827109155 1 NacionAlIDADE BRASILEIRO(A) FiLIAÇAO 1 1 Anthony Gomes Larissa Moura 1 YakrtneBakkiro Assinaiurado poriador ACC E Ee OBSERVAÇOES AssinaADO DICITALMENTE DePaRIAMENIO {SIADUAl IRasuo LOCAL 4336+407081 1 BELO HORIZONTE, MG MG681606770 MINAS GERAIS",86,0,0
aug_cnh_016.jpg,167.0,287.0,150.0,150.0,6.31,61.25,18.4,1.52,0,226.33,228.33,235.33,REPÚBUCA feugrativa do @RASii Eruo85 oar Carteira aacional d5 habhlhtacio /orhverzicense {PerMiso De Cowpucchón {ois 8a Mota {sho798 {278725 {09/10/2029 L:sss+z_*Fc {22.570.455-32 83234873941 6 1 | Eryan Flinenia Pisira Borgos 1 e 1 1 MINAS GERAIS,36,0,0
aug_cnh_017.jpg,161.0,284.0,164.0,164.0,7.88,72.49,47.73,0.38,2,238.33,242.67,163.67,"Do BRASIL Bh PORTES Dos Nacional DE Ria DEmABiltAçio / DRIERUICEKSE / PERMISO DEC MabiutAÇ^O carteiranacional D 261 SoBR[NOME Joao Sousa ZoCalF UF De NASCIMENTO DaIA RJ 03/05/1974 Farios VaLIQAD DAIA {Vissao 18/01/2024 15/01, DOC ioENtIDADE / ÓRG EMisSOR / UE 1 89.519.517-7DETRAN To MC PEGLSTRO CAT MAB 4d [Pe 651.783.240-80 05436815465 1 BRASILEIROKA) fillacko : 1 Otto Melo 5 Moriane Freitos 1 cac Yousa assinaturaDo poriador ACC Cie 0ie ObservaÇoes ; FEDERATIVA REPÚBLICA TRans TRansito ministerio ConDUCCIÓN SecReta Noee ACC 1/2034",82,0,0
aug_cnh_018.jpg,170.0,290.0,145.0,145.0,7.63,81.98,18.49,1.82,2,238.67,248.67,151.0,"REPÚBLICA FEDERATIVA Do BRASIL ministerio Dos TRANSPORTES BR SECRETARia Nacional DE TRAnSito carteira nacional de Habilitaçio / DRIVERLICENSE / PERMISO DE ConDUCCIÓN Nomee SoBReNOME HABILTAÇ^O Eloa Siqueira Daia [ocaleufdenascimevio 10/09/1999 Mendes Daiaevissac VAlidade 08/07/2024 06/07/2034 1 DoCioeniDADEhorgenissor(UE 35.589.771-SPC 4d [PF NPEGistpo e 420.518.637-17 15353107804 1 NacionAlIDADE BRASILEIRO(A) FiLIAÇAO 1 1 Otto Costela Julia Guerra 1 Sloa iqucira AssinaiuraDo PoriaDoR ACC Ee OBSERVAÇOES AssinaADO DICITALMENTE DePaRIAMENIO {SIADUAl IRasuo LOCAL 4336+407081 1 BELO HORIZONTE, MG MG681606770 MINAS GERAIS",76,0,0
aug_cnh_019.jpg,,,,,4.45,62.87,0.14,41.0,0,247.33,244.67,160.0,"SIVà39 SVNIW oeogovisosw 21 71nozinoho0]""]  auamonsono Vroaoarntos 5109vaaiho ""001o Oonbsy oquopuen Diydos o0 ouod Kuouiuy 2 1 Slzyiiyzlly Yo-Szi*846Yos Uhn ganoraen Nà USSS-Sly 569*76 ""055in19*0 / POrOlN101 200 9z0z/90/y2 910z/90/92 varaine onsiniriro Ua Ins OP neuqy 2161/0/zo @nosrnno 7ooivivo ( Oroyinu 0091 100vinnos/nov 91)nano) 30 0SiMi3d / 35N3217 *3A*0 / O!óYL/IBYH 30 TYNOIDWYàIZIXK) O1isnyà 1 70 Zynoizvn Y1av17*das 49 Sjidojsnva1 so0 oi*J1iniw ""sva8 00 Vanivdioga""s'and]d Gof oun1",67,0,0
aug_cnh_020.jpg,,,,,3.06,21.29,1.48,1.21,0,238.33,243.67,164.0,"Valida Em Todo 0 Territorio Macional 2662900 2952662900 { [ 5 1 0 EEN 6 7 "" { 1 8 3 6 5 1 1 1 1 í ; 1 1 1 1 8 [ 1 1 | 1 1 ; 1",42,0,0
aug_cnh_021.jpg,618.0,213.0,52.0,52.0,11.22,44.92,5.41,6.14,2,211.33,222.0,7.0,"Valida EM Todo 0 TerritÓrio MACIoNAL 2952662900 2952662900 ; 8 # 1 1 | & 7 1 JIn 1 2 1 1 ;2 1 8 UI 4 HFR 1 1 : 1 ; 1[ ; | { HI 5 1: 1 7 1  2 [ 5 "" 1 II | 4 1 L 95",54,0,0
aug_cnh_022.jpg,171.0,295.0,142.0,142.0,7.12,57.45,18.95,1.63,0,220.33,222.33,223.0,"PEPUBLICA Federativa Do Brasil 887 TE ""tusata Carteiranacional @e Fabilitacid / drner Zicense 7 PeRMSO De COvouCÇIón [saonne_ der Neres {25/07/1962 Conlelo; dosSul {05/07/2924 7{2s/08/205F [:zces-2552 {732518498_5 | Joco da Cunho 3 Moya Abrou [ 5 1 MINAS GERAIS (2C864855 Lsrs",41,0,0
aug_cnh_023.jpg,160.0,377.0,207.0,207.0,10.46,89.57,39.65,1.84,2,222.33,228.33,85.67,REPÚBLICA FEDERATIVA DO BRASIL ministerio Dos TRanSPORTES B SECRETARia Nacional DE Transito carteira nacional de Habiltaçio / DRIVER License / Perhiso DECONE 2 € 1 NOME E SOBReNOME Raquel da Rocho 3 DAIA LOCA] UF De Nascimento SC 06/03/1963 Vieiro 4b Valiqade Data 29/06/2026 (o1/07 identidadE ORG EMIsSOR 4C DOC RO 79.536.491-1SSP 4d (PF 1415.962. [Gustavo Fogaca Costa Dra. Ana 2 d 0o ACC Cie Die {Vissao /2016 reGistbo 23897376374 037-06 1 naciomalidadE BRASILEIRO(A) Filiacko Cecilio 0 Rocho Raqudl 0 Poriador ASSiyAtUAA( ObservacOES,83,0,0
aug_cnh_024.jpg,178.0,293.0,133.0,133.0,6.08,53.66,17.42,1.57,0,225.67,227.33,235.67,"REpuBuca Floreativa Do 8,8451 CaRTEIANACIONAL Dehabiiiacho /orherlicemse {#erhsode co#nUecion {{Suinsrne_Cunhs Lez7se2z 5072; {{277972029 (@-ss {7538422149 }l:o2szss4cas _ Csi 1 Aoroa-calabo [ | MINAS GERAIS",24,0,0
aug_cnh_025.jpg,873.0,557.0,93.0,93.0,4.97,16.21,3.27,3.17,0,227.67,229.0,227.0,taeeeeee ZaretRa8u 2952662985 2932662985 112182 1,6,0,0
aug_cnh_026.jpg,,,,,6.89,69.24,1.59,21.03,0,229.33,230.0,227.67,SIV839 SVNIW Omlsottfyet | 5 DlexaªL Dsq8y DoDboJ YDON Nowilusvdy II OLESS I ZSBZS 10-62{*918 +so 9d8-OSL'OSZ06 ~cai Pfa rsoz/vo/05 rzoz/so/zo oJiSAIIS 646V/io/s} snsef 4dydw N9L22n0N0)30 os1/*7d /35N72/7*7A/*0 / ovsvuigvh 30 7NOI?YN Pyizixy) olisnv#1 10 7vnoijy 4215 s1l4ojs4441 500 88 5yaa 00 VA11v41g]] Vonnaoa3u,44,0,0
aug_cnh_027.jpg,174.0,296.0,136.0,136.0,4.63,81.71,17.35,0.07,1,253.0,247.33,42.33,"REPÚBLICA FEDERATIVA Do BRASIL ministerio Dos TRANSPORTES BR S ECRETARia Nacional DE TRansito carteira nacional de Habiltaçio / DRIVER LICENSE / PERMISO DE Conducción NoMee SOBRENOME Madinitacao Joao Gabriel Rezende DAIA [Ocal { Uf De Nascimenio 28/01/1979 Rocha de do Curitfà Daiaevissac Validade 21/08/2021 19/08/2031 1 DoCioenDADE ORG EWISSOR / UF 82.158.260-OIPF Ed [PF oagigipo ee 128.567.309- 53650821 1 Nacionalidade BRASILEIRO(A) FILIACAO : 1 Sr. Ryan da Paz 5 Vitoria Novaes 1 SabrilSozendk Assiyaiura Do poriador 92 7o7 OBSERVAÇOES Assinado DicIALMENTE VePknauolun Tpksuo LoCai 43361107081 1 BELO HORIZONTE, MG ue 606770 MINAS GERAIS",93,0,0
aug_cnh_028.jpg,61.0,76.0,88.0,88.0,7.58,39.36,4.14,3.92,2,231.33,240.67,166.67,1 1 5 1 1   II  2f 1 1 1 g0 5 1 78  8 1 p 1 ' 2 1 1 88 | [ I 8 1 2 88 3  1 IL 1 1 1 ; ; 0062992562 0062992562 Ivnoiavk oiuoliuu3l 0 0001 WJ VOIIVA 1,47,0,0
aug_cnh_029.jpg,181.0,300.0,126.0,126.0,6.55,53.93,17.51,1.55,0,226.0,227.33,235.67,"Repuglica Federafiva Do GRas} Carteira Kac7onal Dekabhlhincao /drnerracense {#Erxiiso DE €OnDuCción Larce_S2ua2 {31/os/1978 Corvain {22/95/2022 012s/04/2032 {56.525.696-7ire (""12222 42160568334 1 | caron csvornona 2 # | MINAS GERAIS C9 {Lucas",30,0,0
aug_cnh_030.jpg,167.0,287.0,151.0,151.0,6.31,81.98,18.2,1.52,2,221.33,229.67,28.67,"REPÚBLICA FEDERATIVA Do BRASIL ministerio Dos TRANSPORTES BR SECRETARia Nacional DE TRanSito carteiranacIonal DE HABILITAÇÃO / DRIVERLICENSE / PERMISO DE ConDUCCIÓN Nomee SoBReNOME Kadiuitacao Pedro Henrique Correia Daia Localeufdenascimevio 25/12/1959 Castro das Flores Daiaeuissac Validade 06/08/2018 03/08/2028 1 DoCiDeNDADEHorgenissor(UE 30.872.727-OPC AdGPC NC Pegistpo e 1 531.902.684-60 88605454546 NacionALIDADE BRASILEIRO(A) FILIAÇAO 1 1 Nicolas Melo Kamilly  Pinto 1 Pedbe tn AssinaiuraDo poriador ACC Ee OBSERVAÇOES AssinADO DIGITALMENTE DePaRIAMENIO {SIADUAL IRAsuo LOCAL 4336+407081 1 BELO HORIZONTE, MG MC681606770 MINAS GERAIS Xnr",79,0,0
aug_cnh_031.jpg,172.0,288.0,140.0,140.0,6.45,53.93,19.29,1.61,0,225.33,227.0,235.67,cmeertsiezc t Be 62 @== @2 | 1 | JNAS GERAIS,11,0,0
aug_cnh_032.jpg,17.0,36.0,126.0,126.0,8.68,19.43,9.58,4.59,2,237.33,243.0,15.0,"05 1 1 1 | [ 1 8 1 1 J 8 | 5 9 [ 2 | , ; 1 1! 1 ; 1 1 1 1 ; 41 8; ; í 8 4 [ 2 IL 1 1 0067997562 1 1 5 00629",45,0,0
aug_cnh_033.jpg,147.0,243.0,178.0,178.0,7.88,76.02,50.83,0.23,1,238.0,239.67,14.67,REPÚBLICA FEDERATIVA B RASIL ministERi0 Dos TRASSprRxesto S ECRETaRiA Nacional TRans NACIONAL DE HABILITAÇÃO / DRIVER LICENSE / PERMISO DE CON CARTEIRA ! 1 NoMe[ SobREnoMe Luiso Sllveira ZoCMeUf De Nascimento DAIa Nogueira de Goios RS 21/12/1998 4b Valilade DaTA EVIssao 08/07/2032 (;/07/2022 4 Docioentidade  ORG DISSOR / PPR 27_ 578-6IiRGD 5 N REGiSTRD 4d CPf 21911547026 495.062.187 _49 NaCIONALIDADE BRASILEIROWN FILUGO Vicente Fonseco Pietra Marques Yuoa Yilucira ASSimatura Do PorTADOR Cie De DIE Do 0E 826. 1 ACC OBSerVACoes DiGITALNENTI AssinADo {Siadu  Deparianenio 43304407081 7c68160o7o,86,0,0
aug_cnh_034.jpg,176.0,298.0,133.0,133.0,8.33,81.98,18.49,1.82,2,238.33,247.33,18.0,"REPÚBLICA FEDERATIVA Do BRASIL ministerio Dos TRANSPORTES BR S ECRETARia Nacional DE TRAnSito carteira nacional de Habilitaçio / DRIVERLICENSE / PERMISO DE ConDUCCIÓN Nomee SoBReNOME HABILTAÇ^O Lara Costela Daia Localeufdenascimevio 02/05/1984 Pires Grande DaiAeuissac Validade 29/03/2020 27/03/2030 1 DoCioeniDADEhorgevissor(UE 12.170.706 DETRAN 4d CPF NPEGistpo e 851.397.620-21 70054323341 1 NacionAlIDADE BRASILEIRO(A) FiLIAÇAO 1 1 Joao Gabriel Andrade Ana Luiza Peixoto 1 YamaBoslela Assiyatura Do poriador ACC Ee OBSERVAÇOES AssinaADO DICITALMENTE DePaRIAMENIO {SIADUAl IRasuo LOCAL 4336+407081 1 BELO HORIZONTE, MG MG681606770 MINAS GERAIS",81,0,0
aug_cnh_035.jpg,175.0,293.0,134.0,134.0,3.8,81.03,16.2,0.0,1,252.33,237.67,38.67,republica Federativa do BrasIl Iisterio D0sWiaspo2es BR SecreannMacional Oeuasio CuHNf nconrnnE '#saqA Caoinv Aves 524848 9Cune 936985 20829 522 42401 9278 {542 : 7 8 2 3 ; ;  ã MINAS GERAIS 2,33,0,0
aug_cnh_036.jpg,182.0,302.0,123.0,123.0,8.17,81.98,18.49,1.82,2,238.67,248.33,13.67,"REPÚBLICA FEDERATIVA Do BRASIL ministerio Dos TRANSPORTES BR S ECRETARia Nacional DE TRAnSito carteira nacional de Habilitaçio / DRIVERLICENSE / PERMISO DE ConDUCCIÓN Nomee SoBReNOME HABILTAÇ^O Jose Miguel Souza Daia Localeufdenascimevio 26/10/1978 Gomes Daiaeuissac VAlidade 01/08/2021 30/07/2031 1 DoCioeniDADEhorgenissor (UE 78.179.192-9IPF NPegistpo e 357.610.924-25 57338582756 1 NacionAlIDADE BRASILEIRO(A) FiLIAÇAO 1 1 Matheus Moreira Eduarda Pereira 1 AssinaiuraDo PoriaDoR ACC Ee OBSERVAÇOES AssinaADO DICITALMENTE DePaRIAMENIO {SIADUAl IRasuo LOCAL 4336+407081 1 BELO HORIZONTE, MG MG681606770 MINAS GERAIS d CPY Jone",78,0,0
aug_cnh_037.jpg,873.0,556.0,92.0,92.0,5.21,17.48,3.4,3.32,1,238.33,244.33,158.0,Valida EM Todo Tenhitokio Kaciomal 2952662900 2952662900 5f V 1 81 1 1 1 H 1 7 { I 5 I { 8 1 2 1 ; { 8 ? 1 2 1 8 1 1 H 1 1 0,40,0,0
aug_cnh_038.jpg,171.0,291.0,142.0,142.0,3.12,34.96,8.94,0.67,0,229.0,228.33,237.0,"Rerughesfederativa Do #Rasil 'Chprewrasaciokal 2e ""abilxtacie ;Drevss Eecesse;PerhhisotecuVeuechw 20o5/1985v2roos [20/05/2024 Juee |a4 852.56028IPGG {07s46125-5 38528498978 1 1 MANAS GERAIS EeShe",20,0,0
aug_cnh_039.jpg,61.0,75.0,91.0,91.0,2.93,10.25,2.15,2.01,0,232.33,231.67,236.0,1 0062993562 006299286* eh#is 08u04unag 0 8mn4 W7 War}ra,9,0,0
aug_cnh_040.jpg,874.0,557.0,91.0,91.0,7.38,39.65,3.74,4.24,2,238.33,245.67,13.0,"Valida EM Todo 0 TerritÓrio NACIoNAL 2952662900 2952662900 1 1 1 1 H 2 1 1 A/ "" 8 5 1 : ; 1 1 JERER 5 2 H ; 1 4l ;: 1 9 1 1 1 II | 5 1 L 89 1 1",46,0,0
aug_cnh_041.jpg,178.0,298.0,130.0,130.0,12.44,100.0,35.11,2.89,2,177.33,192.0,175.0,"REPÚBLICA FEDERATIVA DO BRASIL MinisteRio Dos TRANSPORTES BR 5 EC RETARia NacionaL DE TRANSito carteiranacional De HabilITAçho / DRIVERLICENSE / PERMISO DE CoNDUCCIÓN Nomee SobREnoME KABIUTAÇAO Vinicius da Paz 3 Daia Localeuf denascimenio 19/12/1992 das Neves Daiaeuissac 46Yalidade 31/10/2018 28/10/2028 1 DocioeniidadehorgenissorAUe 85.459.576~8SSP 4d CPF 'N"" REGISTRO e 1 072.891.634-78 1090509530 NACIONALIDADE BRASILEIRO(A) FILIAÇIO 1 | Caio Cunha Clarice Porto 1 Uiniciuo d0 Assinaturadoporiador ACC E Ee 5 5 OBSERVAÇOES ASSINADO DIGITALMENTE DgpariangnioesiADua IRasuo LOCAL 43364407081 | BELO HORIZONTE, MG MG681606770 MINAS GERAIS Par",84,0,0
aug_cnh_042.jpg,154.0,169.0,183.0,183.0,3.48,24.39,16.95,0.47,0,225.33,225.33,225.33,"Ccue ""o BR 03 1 [x2s . 0 @ 1 018-35 1 [ 1 ~asil HAbiltacdo / DRIVERLICENSE/ [Bruno Rornor I PErMISO DE ConoUCCIÓN 117/01/1961 Siqvviro 3/03/2017 106/03/2027 2411- ~9PC {3s4728  47453545466 1 Mrasiliron) (Oustovo Henriaus Fogaco Snia Cerolino Cosiro",40,0,0
aug_cnh_043.jpg,174.0,294.0,135.0,135.0,6.25,58.4,18.25,1.45,0,226.67,228.0,235.33,REPuBlica TedeRativa Do ARasil 2160a 08765 Tran Carteira nacionsl de Habxhfacao / dexver License } PerMiso DE CQMEUcCIón [Bernasrde_Goncalvss {04/11/1970 Gcacatvae {05/03/2016 7ls/os/2926 E5: {285.03974 ~50 28371263455 @n 1 1 Doat Abosids 2 5 | MINAS GERAIS,37,0,0
aug_cnh_044.jpg,177.0,297.0,131.0,131.0,2.98,34.55,9.64,0.44,0,229.67,228.67,236.33,8584u e Ceury Scewoitooce} 1 5 1 WWASGERAIS,8,0,0
aug_cnh_045.jpg,61.0,77.0,89.0,89.0,7.54,39.16,4.13,3.94,2,238.67,248.0,11.0,"1 1 7 1 |   II < 8 1 1 1 "" 8 ; 1 1 11  1 9 p 1 ' 2 1 1 88 gli 8L 8 1 g 1 2 3 # | , 1  1 ; 1 0062992562 0062992562 Ivnoijvk oiuoliuu3l 0 0001 WJ VOIJVA 1",50,0,0
aug_cnh_046.jpg,166.0,288.0,151.0,151.0,6.89,81.98,18.49,1.82,2,238.67,246.67,22.33,"REPÚBLICA FEDERATIVA Do BRASIL ministerio Dos TRANSPORTES BR S ECRETARia Nacional DE TRAnSito carteira nacional de Habilitaçio / DRIVERLICENSE / PERMISO DE ConDUCCIÓN NomeesobReNoME Mariutacao Bella Pimenta Daia Localeufdenascimevio 19/06/1998 Borges Daiaevissac VAlidade 08/10/2021 06/10/2031 1 DOC [DENTIDADE / ORGeVissor / Ue 17.426.429-7IPF N? REGISTRO e 702.394.615-25 52845860388 1 NacionAlIDADE BRASILEIRO(A) FiLIAÇAO 1 1 Dr. Thomas Monteiro Maria Julia Sousa 1 Bella Pimenla AssinaiuraDo PoriaDoR ACC Ee OBSERVAÇOES AssinaADO DICITALMENTE DePaRIAMENIO {SIADUAl IRasuo LOCAL 4336+407081 1 BELO HORIZONTE, MG MG681606770 MINAS GERAIS d CPY",84,0,0
aug_cnh_047.jpg,,,,,5.68,21.09,2.66,6.74,1,238.33,231.33,156.0,valida EM Todo 0 TERRITÓRIO NACIONAL 2952662900 2952662900 5 8 | 3 é 5 9 1 8 8 5 8 5 I 2 5 1 1 1 4 1 1 1 1 5 1 | 1 { 1 2 # | 2 1 1 1 8 { 9 ; 1 1 1 1 | { ; 1 1 | 1,60,0,0
aug_cnh_048.jpg,168.0,287.0,149.0,149.0,5.44,81.98,17.94,0.6,2,253.67,247.67,170.67,"REPÚBLICA FEDERATIVA Do BRASIL ministeRio Dos TRANSPORTES BR S ECRETARia Nacional DE TRansito carteira nacional de habilitaçio / druver License / permiso De ConducciÓn Nomee SoBReNoME Madinitacao Caroline Machado DAIA [Ocal { UF De Nascimenio 27/10/1957 Campos de Pereira MS Daiaeuissac Yalidade 15/05/2022 12/05/2032 1 DoCioenudADE ORgevissor /UE 51.403.661-9 DETRAN Ad CPC YPegistpo oe 074.519.382-04 36957037753 1 Nacioualidade BRASILEIRO(A) FiLIAÇAO 1 1 Lucca Mendonca Isabella Lima 1 Carolinc Nachado Assiyaiura Do poriacor Ee 7o7 OBSERVAÇOES Assinado DicitaLMENTE VoPknaonusuuig 7paasuo LoCa 43361107081 1 BELO HORIZONTE, MG Mgbe 600770 MINAS GERAIS",89,0,0
aug_cnh_049.jpg,,,,,10.23,100.0,2.36,34.87,2,182.0,196.0,177.0,SIVà39 SVNIW o8oo9s9esw 2w Jnozinoh 01f) | ouskyuL30 TvnavIsi OINJWYIYYd30 ainzkiroia QoynISSY 5302YAN3590 EOOioa YuniynISSY 1 DJibjoh sisi 5 DijJds Uildlueg moaiasvda | 1 JoyonykODYN {tS8LZ98484 S9-LS6*0Zv*98S 1 OYM 11d 04151978NS d) Ps a9ui/0-981*+69*SS In / MOSsIM] J*0 aoyauvaqiooa 27 8zoz/z1/oz 81oz/z1 /sz 1 arourArQr Orsslngeo Gr DIDJd DP DPpiewly Lv6v /z1/ LZ Oikjnijsvk (301n31201 YiYa € senbJDM Dlinr DUDW Oysvinidyh JHONJubos ) JKioN / > N9I))70N0230 OSI//*3d /35N3217 *3A/*0 / Ov5YL/7qyH J0 7YNOIYN YlJLYY) Ol1Snya 1 10 7vnoijvn Viav11a)35 S ]1à0dSNVd1 soa oid]1Siniw 49 USVà 9 o0 VAIlVd101J VJi790d3à,90,0,0
aug_cnh_050.jpg,182.0,305.0,121.0,121.0,7.54,81.98,18.49,1.82,2,238.33,246.0,15.0,"REPÚBLICA FEDERATIVA Do BRASIL ministerio Dos TRANSPORTES BR SECRETARia Nacional DE TRAnSito carteira nacional de Habilitaçio / DRIVERLICENSE / PERMISO DE ConDUCCIÓN nome [ SobREnoME HABILTAÇ^O Ryan Androde Daia Localeufdenascimevio 20/05/1967 Cavalcanti das PedrSP DaiAeuissac Validade 21/03/2024 19/03/2034 1 DoCioeniDADEhorgevissor(UE 39.981.777-1 DETRAN 4d [PF NPEGistpo e 916.354.028- 30055407561 1 NacionAlIDADE BRASILEIRO(A) FILIAÇAO 1 1 Carlos Eduardo Moreira Maria Isis da Rosa 1 Ruandndrode AssinaiuraDo PoriaDoR ACC Ee OBSERVAÇOES AssinaADO DICITALMENTE DePaRIAMENIO {SIADUAl IRasuo LOCAL 4336+407081 1 BELO HORIZONTE, MG MG681606770 MINAS GERAIS",82,0,0
aug_cnh_051.jpg,131.0,413.0,247.0,247.0,5.16,52.98,30.22,0.53,0,250.67,245.0,163.0,FeRio TVA Do DE 2 € de 7 DE DAIA LOCA Uf De 4 DaTA do Sul Evissao DOC 7ORG 1 283-8 RS ed CPe 319.675 9 ; 1 Dr. Cal Calebe 1 Malleo [Sophie do Assinatura Do PoriadoR ACC Cie Die 12 OBSERVAÇOES ; AsSiMaDo DICITALVENTI Depariaventoestadualde SECRETA Dos B RASIL Ria TRansp Nacio CARTEIRA } ORTES Nal NACIONAL Trans ito HABILITAÇÀO / Rouee DRIVER] Sobrfnome LICENSE / Motteo Sontos PERMISO [ 1 03/05/1971 Nascimewio Androde 20/10/2018 Valiqadl 17/10/2028 IDehtidade 34.342 evissor / UF DETRAN Begistro 280-12 02704267913 NACIO AlioaDE BRASILEIRO(A) Arogao Moto Yanlos,95,0,0
aug_cnh_052.jpg,170.0,292.0,147.0,147.0,5.0,53.25,16.82,1.02,0,226.0,227.0,235.67,cnasuicnacpe#nureeho}#RAek Ucuxse z PiusWee pcownetecily laid poae0te 80a8y @4hoosew 0 | 1 MInas GERAIS;,14,0,0
aug_cnh_053.jpg,61.0,77.0,89.0,89.0,7.3,39.16,4.13,3.94,2,238.67,248.67,154.67,"1 7 1 |   II < 8 1 1 1 "" 80 1 88 f { 1 ' 5 1 1 8x | 1 9 I1 8 1 1 p 2 ª 2 3 # | 1 {  1 1 ; 0062992562 0062992562 Ivnoijvk oiuoliuu3l 0 0001 WJ VOIJVA 1",50,0,0
aug_cnh_054.jpg,58.0,76.0,93.0,93.0,6.08,17.38,3.77,4.03,0,223.0,225.0,224.33,Jaheew 1 0067992562 008z99zsgz sars1u feuieKskYulhie,6,0,0
aug_cnh_055.jpg,60.0,76.0,90.0,90.0,5.46,19.24,3.19,3.56,1,238.0,244.67,158.0,"0 1 | 1 8 1 8 A 8 : < H 1 8HL 3 8 p ; 3 1 "" | 1 006299z562 006z99z562 iynoijvn Oivolinmal 0 0o0l Wn} Voiiva",31,0,0
aug_cnh_056.jpg,165.0,296.0,159.0,159.0,7.21,61.65,42.09,0.14,2,238.33,242.33,155.0,"DE DE 1 DE HABilTAçiO / Go DATA Silva DatA 27/01 (30/01, 1ÔRg SP AC DOC CAT 5 N 4064 1 4d (PF 476.81 FiLAÇkO 1 1 Mendes Monlenegrs 1 ACC Cie Die AssINADO D Enioes FEDERA' ' Transportes Transito REPÚBLICA Dos CONDUCCI Ministerio nacional 'PERMISO [ SecREtaRia 'LICENSE / 'HabilntacAo )/DrIVER L INACIONAL 5 carteiRAN Sobrinove mscivewio NoMee loCeuf de Montenegro ACC Poulo 14/02/2004 ValiQADE /2029 {Vissao 1/2019 eissor/uf IDenTIDADE / 553-8DETRAN 26.328 reGIsIro 0306071 '390-93 NacioyaliDADE 1 BRASILEIRO(A) Andrade Bonjomin Brendo Poriadoe assinaiura Do Oeseryakoes",87,0,0
aug_cnh_057.jpg,173.0,293.0,140.0,140.0,8.68,81.98,18.49,1.82,2,238.67,248.33,17.33,"REPÚBLICA FEDERATIVA Do BRASIL ministerio Dos TRANSPORTES BR S ECRETARia Nacional DE TRAnSito carteira nacional de Habilitaçio / DRIVERLICENSE / PERMISO DE ConDUCCIÓN Nomee SoBReNOME HABILTAÇ^O Heloisa Aragao Daia Localeufdenascimevio 30/04/1961 Martins da Serra DaiAevissac Validade 12/04/2022 09/04/2032 1 8( DOC IDENIIDADE / ORG evissor / UF 33.864.194-2IIRGD 4d [PF NPEGistpo e 847.265.103-71 25732320129 1 NacionalIDADE BRASILEIRO(A) FiLIAÇAO 1 1 Felipe Nunes Alana Pereira 1 Hcloisasdraqao Assiyatura Do PoriADOR ACC E Ee OBSERVAÇOES AssinaADO DICITALMENTE DePaRIAMENIO {SIADUAl IRasuo LOCAL 4336+407081 1 BELO HORIZONTE, MG MG681606770 MINAS GERAIS",87,0,0
aug_cnh_058.jpg,167.0,264.0,172.0,172.0,6.91,69.92,46.29,0.82,1,225.33,225.67,225.0,REPÚBLICA FEDERATivA Do BRaSTE Esterto DostRanspcrtssto SECRetarin NaCional 0€ Carteiranacional dehabiltaçio /Druver LiceNSE { PerMISO DE CondUC Vinicius Santos 24/05/1956 Perelro DF {07/01/2020 04/01/2030 Qto Ybsok {81.630.145-1ifP Ro 1413.295.087-50 50210365452 1 apasilhiroia) SLLQo 1 | Bruno Souza Pletro Silveire 1 Yanlos 1 2 42 4 55 ; Grso Borizoni,49,0,0
aug_cnh_059.jpg,,,,,5.72,62.47,1.14,18.98,0,226.67,228.33,226.33,"S1aJ9 SVnIW | | 1 Pe"" @saifvo/50 401232080)39 051834/3687377834/80 /Q0(vifuexu j0 740u2in y4sh?",13,0,0
aug_cnh_060.jpg,169.0,274.0,147.0,147.0,6.54,80.22,39.7,1.14,2,238.33,241.0,14.0,"REPÚBLICA FEDERATIvA Do BRASIL BR isterio Dos TranSPORTES SECRETARIA Nacional DE TRansito carTeiRANACIONAL DE HABILTAÇÃO / DRIVER LICENSE / PERMISO DE CoNDUCCIÓN Mabilitacao NoMe { Sobr[noMe Ana Julia Machodo DAIA locn e UF De nascimento 08/12/1971 Plmento Kaliqade 23/05/2016 21/03/2026 1 DOC iDeNTiDADE / ORg {VISSOR / Uf 89.730 33-8DETRAN AacPf PEGESTRO Cat Hab 238.517.960-12 77746656435 1 BRASILEIRO(N) FilIAÇko 1 1 Doa Menolo Fernandes 1 Machadb Assinaiura Do PoriaDoR ACC OBSEKVAÇOES AsslMADO DiGIALMENTE Deparianewio [Siadual De Iransiio 4336 ,407081 I BELO HORIZONTE, MG 4c68160o70 [VISSO",85,0,0
aug_cnh_061.jpg,874.0,559.0,91.0,91.0,7.17,24.8,3.76,4.19,0,229.67,230.67,228.33,"Vauida En Yobo 0 TERRitÓrio Hacioral 2952662900 2952662900 kylphphkF [ { 1 1 1 "" 1 TERER | { 1 7 | """,23,0,0
aug_cnh_062.jpg,872.0,556.0,93.0,93.0,10.96,45.21,5.46,6.3,2,194.33,204.0,12.0,Valida EM Todo 0 TeraitÓrio ACioMAL 2952662900 2952662900 { | 1 1 { JIn | 2 1 2 = 5 HH TI 4 1 Hr 1 | 1 1 ; ; ª | 1 1 5 2 8 4 1 1 8 1 7 1 | [ II | 1 0 1 L 95 f U,56,0,0
aug_cnh_063.jpg,174.0,293.0,141.0,141.0,6.57,81.84,17.5,1.06,1,238.33,247.33,19.67,REPÚBLICA FEDERATIva Do BRASIL inisteRio Dos TRansPORTEs BR SecRetaRia Nacional DE TRansito CARTEIRANACIONAL DE HABILITAÇÃO / DRIVER LICENSE / PeRMISO DE ConducciÓn NOnC ( SOBrENout lutAco Srta. Morio Isis Limo DAlA lOCa [uf Denascimenio 22/02/1989 Pacheco de Goias Daiaruiso aliodl 12/08/2023 09/08/2033 1 DOC IoentiDADE / Osg [VISSOR /UF 36.590.261 =1 PC Jd CF Kregisiro Ciha 271.890.564-67 45588060100 Yacionioaor | BRASILEIROC | Diogo Fonseca Livio Vargos 1 Komn assinaiuea Do Foriador OesrvAkOes Diciunente ; Deparianekio [SiADUl De iraasiio LocAL 4330440/081 DELOMORZONIL KIG Mcesicoono 8 MINAS GERAIS,86,0,0
aug_cnh_064.jpg,165.0,284.0,152.0,152.0,6.21,81.98,18.17,1.44,2,252.33,248.33,252.67,"REPÚBLICA FEDERATIVA Do BRASIL ministeRio Dos TRANSPORTES BR S ECRETARia Nacional DE TRansito carteira nacional de habilitaçio / drhver License / permiso De ConducciÓn NohefSobrenohf Madinitacao Bryan da Mota DAIA [Ocal { UF De Nascimenio 18/11/1962 Andrade Daiaevissac Validadl 22/09/2020 20/09/2030 1 DoCioenidADE ORgevissor / ui 50.198.113-2SSP Ad CPC nn ae 852.340.917-32 55157295243 1 Nacioualidade BRASILEIRO(A) FiLIAÇAO : 1 Vitor Gabriel Campos 5 Stephany Sousa 1 ruan da ~Mlola Assiyaiura Do poriacor Ee 7 OBSERVAÇÔES assinado DicitalmeniE Upahiekknkna 7pamsuo 4336-H0/081 LoCa 1 BELO HORIZONTE, MG Mgoe 60077o MINAS GERAIS",89,0,0
aug_cnh_065.jpg,178.0,297.0,131.0,131.0,2.53,74.12,11.6,0.0,1,252.0,231.33,164.33,"Reyublica Fedekativa Do Brasil Mistevio Dos (ansyovtls BR Seceeiavia Nacional 06 (amsio capteira nacional de Habilitacao / dpuver license / pepmiso de conduccion Anno Llz Mooodo 7/07/1077 Caldeiro de Mendes PE 21/09/7070 75/09/7060 8 406676 Ciiked fgsio 896,017 876 700796789/ Wvasileivoia) tilin t 1 Iabyc mnoso 8s Qas6t1u/001 1 Wllohovvomtl Mg Mag6ai6t6tio MINAS GERAIS Lulol",55,0,0
aug_cnh_066.jpg,,,,,4.58,16.02,4.93,2.68,1,237.33,241.67,158.0,Valida [M Iouo 0 7lanitonio Nacional 2952662900 52662900 6 ;; TFFERL ! { 1 5 1 { 1 8 6 1,21,0,0
aug_cnh_067.jpg,151.0,320.0,147.0,147.0,14.55,81.17,57.43,2.28,2,156.67,160.33,14.67,DO bh DOs DE 'KaBULTÇio/DBERuIceuse[ PEBWSO DE coxucc DE Nomee [Moyso Albuquorgue _ Daia ioCALE UF De Nascimento  da Mala AP Goncalves ACC 4 DaIA[ Evissao 09 /04/2017 AC DOC 'iDentidaDE / ÓRG EMISSOR / UF 1 31 1.464.732-7PC MS CaT HAB 5 w registRo Jd CPF 49471170251 [783.295.064-10 1 (Brasilenrogn [Loandro Vieira i 2 | Ano Julia Cunha 1 assinatura Do oriaDor AC 2 Die 12 OBsErvAÇOES AsSiVADO DIGIIALMENTE ; Depariaminioesiadual De irinsito BRASIL FEDERATIVA REPÚBLICA TransportE s Transito Ministerio nacionl  CONDUCCIÓN SEcreiaria carteira NaCIonal D Sobrikove 09/07/1978 Vaqad( (07/04/2027 llço,92,0,0
aug_cnh_068.jpg,915.0,620.0,102.0,102.0,8.43,31.15,4.82,4.57,2,237.67,237.33,23.33,valida EM Todo 0  TERRITÓRIO NACIONAL 2952662900 662900 | ? 1 f 1 6 1 1 ; M MI ; 9 : 8 1 1 : p 2 Ii 9 | 1 8 BIL 8 1 1 2 1 Ili | II 1 0 8 1 1 1 1 ª f | 1 1 } 1 2 | { 1 1 1,62,0,0
aug_cnh_069.jpg,171.0,257.0,196.0,196.0,7.85,65.72,43.67,0.17,2,248.0,250.33,12.0,L PEDErativa Do BRASIL SeCRETSTER' roGnrAnSPorTES BR nacional de Transito cartehra NacioNal  dehabhlTAçio/DRWVERLUCENSE / PErwso de conduccoón NomeesoBReNOME [Luiz Gustavo Mendonca Nabilitacko J DATa LOCA {UF de Nascimento 08/09/1957 Porto AC DatA [VISSo 46 Valipade 1 31/01/2016 28/01/2026 ACC { DOC iDeNTIDADE / ÓRG EMISSOR / UF 47.965.297 -4DETRAN AC 1 4d CPE SkregistRo Ct MaB (125.907.364-52 15285272571 1 RaciohaliDADE BRASILEIRO(A) : | [Lucos Gobrial Noscimento 2 Julia Gorcia 1 Mondnce Assinatura Doporiador ACC Cie Die 12 OBSERVAÇOES 0,79,0,0
aug_cnh_070.jpg,874.0,557.0,91.0,91.0,8.36,39.65,3.74,4.24,2,238.67,248.67,18.0,"Valida EM Todo 0 TerritÓrio MACIONAL 2952662900 2952662900 1 1 f 1 H 1 1 2 1 1 1 7; 2 H :, ; : 8 EEEE 5 2 H , 1 4l ;: 1 4 5 1 ! 1 II | 5 1 L 5 1 1",48,0,0
aug_cnh_071.jpg,179.0,300.0,128.0,128.0,11.81,100.0,34.96,2.59,2,222.33,234.0,6.0,"REPÚBLICA FEDERATIVA Do BRASIL ministeRio Dos TRANSPORTEs BR 5 EC R ETA Ria Naciona L DE TRANSito carteiranacional De HabilITAçiO / DRIVERLICENSE / PERMISO DE ConDUCCIÓN Nomee SobRenome KaBiUtacaO Ana Julia Peixoto Daia [ocaleuf denascimewio 22/05/1968 Nascimento DaiAevissac Validade 08/09/2017 06/09/2027 1 DoCioenDADEHorgenissor UE 73.354.417-7SSP 4d [PF N Pagistpo es 580.749.621-30 1197696876 1 NACIONALIDADE BRASILEIRO(A) FILIAÇO 1 1 Thiago da Rosa Luara Pocheco 1 JuloPutsob Assinaturado poriador ACC E Ee E 5 OBSERVAÇÔES AssInADO DICITALMENTE Dgpariangmio esiADuA IRAsuo LOCAL 4336+407081 1 BELO HORIZONTE, MG MG681606770 MINAS GERAIS",87,0,0
aug_cnh_072.jpg,179.0,299.0,133.0,133.0,8.49,82.25,18.59,1.98,2,226.33,235.67,13.67,"REPÚBLICA FEDERATIVA Do BRASIL ministerio Dos TRANSPORTES BR S ECRETARia Nacional DE TRAnSito carteira nacional de HabilitAçho / DRIVERLICENSE / PERMISO DE ConDUCCIÓN Nomee SoBReNOME KABIUTAÇRO Isabel Guerra Daia [ocaleuf denascimevio 08/06/1997 Guerra DaiAevissac VAlidade 26/04/2018 23/04/2028 1 8( DOC IDENIIDADE / ORG evissor / UF 68.436.691-9IFP 4d [PF Nª REGISTRO e 1 862.043.917-04 84215564311 NAcIONALIDADE BRASILEIRO(A) FILIAÇAO 1 1 Pedro Santos Srta. Valentina Marques 1 Jsabd Assinaiurado poriador ACC Ee OBSERVAÇOES AssinADO DICITALMENTE DePaRIAMENIO {SIADUAl Ipasuo LOCAL 4336+407081 1 BELO HORIZONTE, MG MG681606770 MINAS GERAIS Suerra",87,0,0
aug_cnh_073.jpg,174.0,297.0,136.0,136.0,7.5,80.22,17.69,0.92,1,238.33,248.33,16.33,REPÚBlica FEDERaTiva Do BRaSIL Nistepio Dos Teansportes BR Secyetapia Wacional DE Transito CARTEIRANACIONAL DE HABILTAÇÃO / DRIVER LICENSE / PErMISO DE CoNDUCCIÓN WovU orelvoul Diogo Toizsiro Daiaioultufde uivuito 19/01/1956 Covolconte do OosteTo Vical 07/05/2021 05/05/2031 1 Dociletioeoe Cegevlorile 85.705.213~7ipf U; Dicisipo AAi 1 479526.301-99 2897953981 Nnollioade BPaSiLEiPO(A) Hllho : 2 1 Vinicius Costelo Ano Louro Alo 1 Jevrawa Aaueadopobidor F E 52 Cndolkivewil ; Dpiiivuoetoundetio Un 83364407081 Belohovvowil Mc Mcorigootio ; MINAS GERAIS DuY,74,0,0
aug_cnh_074.jpg,122.0,345.0,185.0,185.0,7.54,74.25,29.18,0.23,2,238.0,240.67,160.0,FEDERATIVA Do BRASIL REPÚBLICA TRANSPORTES #sRER'QronrA dE TRansiTo SECRETARIA LICENSE / PeRMISO DE CoNDUCC CAPTEIRANACIONAL DE HABIuTAÇÃO/DRIERL MapilITACAO 2€ 1 NOME E SOBRENOME Levi Castro LoCALeuf De RS 02/10/1963 Cassiano ACC ValIQADE Data 01 /06/2026 (03/06/2016 IdektidADE / ÓRG EMISSOR / URPl AC DOC RN 34.452.227-2SSP UTa NE PEGLSTRO 4d (Pf 31846705070 697.431.082-03 NaCIONALIDADE BRASILEIRO(N) Eduardo Macedo 1 1 Yosmin Costro 0 {cui_Banbromonso ASSINAJURA  ACC Ce D1e 12 OBSERVAÇOES 2 AssinADO DigITALMEN BR Dos MAscimenIO OAIA {VisSO Filç^o,78,0,0
aug_cnh_075.jpg,192.0,276.0,178.0,178.0,8.46,76.15,54.69,0.54,1,237.67,240.0,228.33,"REPÚBLICA FEDERAT'YA Do BRaSiL SECRETARER'%aro8nRAnSpoRtEs Nal DE IRansito CARTEIRA [ 2 0 NACIONAL DE HABILITAÇÃO / DRIVER LICENSE / NoME€ SOBRENOME 1 'PERMISO Giovanna Vasconcolos Daia lOCa UF DeNascimento 25/03/1974 Nascimonto do Mlno 1 1/07/2097 Valioaoe 13/07/2027 AC DOC iDenTiDADE OrgevissoR (57.166.442~61RGD u AP 1 d (Pe Regisiro 471.365.892-82 7398172795 NacionalidaDE @ 3 1 [52899 1 Ano Vltorio Polxoto Un Cahe Assinatura Do poriADow ACC C1l Die 12 Oasenvacoes ; LOCAl DapamAssinao Melo MORVONTE , MG Borges",77,0,0
aug_cnh_076.jpg,176.0,297.0,132.0,132.0,4.24,49.59,12.27,0.71,0,233.33,233.67,236.33,"REPÚBLICA FEDerativa Do B RASIL 1575Rio Dos NRAnS rRtsto R8 seCreTaRia Nacional 0 Carteira nacional de habilitacio /drIver LiCeNSe { Perhiso De Conducción Caua Camargo {31/07/1950 Costela {10/10/2022 07/10/2032 1 27.360.872-8hRGd [3o8. ,478.651-39 47734944594 1 | Arihur do Cruz | Stelio Pelxcto 2 2 1 1 MINAS GERAIS {urasusross",49,0,0
aug_cnh_077.jpg,,,,,6.51,57.18,1.55,17.93,0,226.0,227.67,236.0,sIyd39 SVNIW 1 Shexier Sune 7 nbck {320}485 1 zz0c/80/o8  5 (0z/b0/10 DiPW oP '0181ioa 6668/60/9 8i042302802 30 0547838 7 15472/1824280 / 005xir7igyk 30 74404V*+2wJihy) usvy4 0qV4t1yu1gi{ 79179043a,28,0,0
aug_cnh_078.jpg,172.0,291.0,141.0,141.0,11.8,100.0,35.15,2.93,2,168.33,175.67,9.67,"REPÚBLICA FEDERATIVA DO BRASIL ministeRio Dos TRANSPORTES BR SEC RETARia NacionaL DE TRANSito carteiranacional De HaBilITAçho / DRIVERLICENSE / PERMISO DE CoNDUCCIÓN Nomee SobRENoME KABIUTAÇAO Hellena Moura Daia localeuf denascimenio 12/07/1992 Campos Daiaeuissc Validadg 05/01/2024 02/01/2034 4c DOC IDENIIDADE / ORG evissor / UF 65.176.629-2IPF 1 406.592.738-29 56692963695 es NAcIONALDADE BRASILEIRO(A) FILIAÇIO 1 1 Theo Almeida Heloisa Castro 1 Xellena soura Assinauradoporiador ACC E Ee 22 5 OBSERVAÇOES Assinado DiciTALMENTE DgpariangmoesiADuA Ipsuo LOCAL 43364407081 | BELO HORIZONTE, MG MG681606770 MINAS GERAIS",81,0,0
aug_cnh_079.jpg,,,,,7.16,81.98,1.84,18.96,2,238.67,248.67,15.0,"SIVà39 SVNIW o8oo9r9esw 9w J1nozidoh 01f) 1 OuskYuL IynayIs} OIMJWYIYYd)0 ainzkiyoia QoyniSSY 53024A83590 EoOyoaoQanaisst 1 senbupoy J0/s3 5 OpeneZY SJoxiaSvria | 1 JoyonykOiyN 66/8971661 ! 01-860 +SLS91 1 OYM 1Yd 0d151938 X d) Pe a9uii0-6S7*6LS*88 In / OSSIn} HuQ / JOYOILNJOI JOO > Isoz/vo/vz Izoz/vo/9z 1 JordiIrA 9r OrssInafiyo € oznos 6161/80/0z OiNani)syn J0+031301 YIva 0904-Dd olluda Oysyiridyh , JNONJugos ) JHoN (8 N9I))00N0230 OSI//*3d /35N7217 *3//*0 / OvjYL/7IqyH J0 7YNOIYN YNlJLYY) OliSnya1 10 7vnoijvn Viay1]a)]s s31dOdSNvd1 soa oid]1siniw &8 7iSVà9 00 VAIlVdJ0] VJiaod3à !6in7",85,0,0
aug_cnh_080.jpg,150.0,342.0,170.0,170.0,6.8,58.94,23.32,0.28,0,227.33,226.67,228.33,"RfpuwiiCa YEdEkativa Do BRast 80? 2x C1 carteira Nachonal De Habilutacio / drwer LICense / PerMISo DE Cond 1(Npl (P"": Pienro _da Puz {2x/00/2006 Yavconcolon 00 (878/2022 [{0770/2032 [7.1336*_Spciran Ga [2.80051220 09682/0305} {BxasTurea) 1 fDr Kevln Horyeo Sra: (wlo Mopdee 53 Hx S 1 E ; 90",47,0,0
aug_cnh_081.jpg,177.0,295.0,134.0,134.0,5.21,81.84,17.87,0.46,1,238.33,248.33,157.0,Republica Federativa Do Brasil iisterio Dos Transportes BR Secretarcional De 7r4sito CrTERA NACIONIL DE HAsIUTAÇiO / DRIVER UCENSE / PERMISO DE coNOUCCIÓN Mner Mendes 0/2/1949 Cekcire 0s/02/2016 oahaze 45192695 ~Fuaco 917056248-99 879789448 1 BruIleIRQU 1 1 Bruyon Vectir Alere Cest 1 s Cenconan ; toconaMs SohorlUIE Uesicoeru ' MINAS GERAIS,50,0,0
aug_cnh_082.jpg,118.0,260.0,188.0,188.0,6.01,63.55,39.0,0.91,0,220.67,222.33,222.33,"FEDERAFIVA Do B RASTE REPÚBLICA 095 Nspories 72888 Jio N40oa CarTEIRA RACIONAL DE HABILTAÇãO [ DRWVER LICENSEF PERMSO DE CON Go d9 Conceicoo [is/12/*981 Pagtor 4s c0i0s [28/,57205 3l'/2026 {61.287.376 7HKGD Go [io? 315.267_32 ) {ss2,7529594 Exsiwey 1 Sr- Lula dp Moto Surah Ylriro 2 52 [ 2 2 8 R",51,0,0
aug_cnh_083.jpg,177.0,295.0,134.0,134.0,7.67,82.11,18.53,1.87,2,237.67,247.67,162.0,"REPÚBLICA FEDERATIVA Do BRASIL ministerio Dos TRANSPORTES BR S ECRETARia Nacional DE TRAnsito carteira nacional de HabilitAçio / DRIVERLICENSE / PERMISO DE ConDUCCIÓN Nomee SoBRenOME HABILTAÇ^O Thomas Pinto Daia Localeuf denascimevio 24/06/1956 Dias Daiaevissac VAlidade 30/11/2019 27/11/2029 1 DoCiDenDADEhorgenissor (UE 10.831.126-8SSP 4d [PF NPEgistpo es 857.391.246-46 48486490121 1 NacionAlIDADE BRASILEIRO(A) FILIAÇAO 1 1 Sr: Ravi Cavalcante Maria Alice Ramos 1 Jhomas Pinbo Assiyatura Do poriador ACC Ee OBSERVAÇOES AssinADO DICITALMENTE DePaRIAMENIO {SIADUAl Ipasuo LOCAL 4336+407081 1 BELO HORIZONTE, MG MG681606770 MINAS GERAIS",82,0,0
aug_cnh_084.jpg,173.0,294.0,138.0,138.0,4.85,81.44,16.54,0.15,0,238.33,248.33,161.0,Pepublica Fedepativa Do Bpasil 715722o dos 72ans2027es BR SeC727a7a Wacional de 72405110 Uubpamcomld Habiltacio/ DPIVEx VCENSE / PEPMISO DE CONDUCCÓA 704V Coroli Frchos 39/9/42 B  88 Wo3o M/9/282 2/9/243 225858818k 55411248 1 2315782452 Brasileitown 0 1 L6?K9oo Ba Conna Z2 22 22 9 ; BllonorolMC #Eabmasurs ; MINAS GEPAIS,49,0,0
aug_cnh_085.jpg,175.0,295.0,135.0,135.0,7.87,81.98,18.49,1.82,2,238.67,248.67,11.67,"REPÚBLICA FEDERATIVA Do BRASIL ministerio Dos TRANSPORTES BR SECRETARia Nacional DE TRAnSito carteira nacional de Habilitaçio / DRIVERLICENSE / PERMISO DE ConDUCCIÓN Nomee SoBReNOME HABILTAÇ^O Hellena Cunha Daia Localeufdenascimevio 28/10/1996 Pastor DaiAeuissao 46 Valipade 26/05/2019 23/05/2029 1 DOC [DENTIDADE / ORGeVissor / Ue 59.977.343-4IFP 4d CPF N? REGISTRO e 415.078.923-14 51958192715 1 NacionAlIDADE BRASILEIRO(A) FiLIAÇAO 1 1 Enrico Almeida Pietra Rezende 1 XellenaBunha Assiyatura Do poriador ACC Ee OBSERVAÇOES AssinaADO DICITALMENTE DePaRIAMENIO {SIADUAl IRasuo LOCAL 4336+407081 1 BELO HORIZONTE, MG MG681606770 MINAS GERAIS",83,0,0
aug_cnh_086.jpg,174.0,292.0,138.0,138.0,7.45,81.98,18.49,1.82,2,238.33,246.33,13.67,"REPÚBLICA FEDERATIVA Do BRASIL ministerio Dos TRANSPORTES BR S ECRETARia Nacional DE TRAnSito carteira nacional de Habilitaçio / DRIVERLICENSE / PERMISO DE ConDUCCIÓN Nomee SoBReNOME HABILTAÇ^O Lavinia Moura Daia Localeufdenascimevio 19/07/2001 Ribeiro DaiAevissac VAlidade 18/09/2021 16/09/2031 1 DOC [DENTIDADE / ORGeVissor / Ue 60.358.710-4IPF 4d CPF NPegistpo e 462.859.317-55 93173686226 1 NacionAlIDADE BRASILEIRO(A) FiLIAÇAO 1 1 Caue Alves Ana Sophia Caldeira 1 YaviniasMloura Assiyatura Do poriador ACC Ee OBSERVAÇOES AssinaADO DICITALMENTE DePaRIAMENIO {SIADUAl IRasuo LOCAL 4336+407081 1 BELO HORIZONTE, MG MG681606770 MINAS GERAIS",83,0,0
aug_cnh_087.jpg,626.0,212.0,54.0,54.0,7.32,38.77,3.73,4.18,2,252.67,245.0,10.0,ValiDA EM Todo TerritÓrio MACIONAL 2952662900 2952662900 { 8 1 1 } 1 Jn I | 2 5 g 8 9; ! 4 1 1 ; 8 [I ; HA 2 8 ; 1 8 It lp 1 7 1 1 1 1 1 1 JI  1 2 1 1 1 1,52,0,0
aug_cnh_088.jpg,165.0,286.0,153.0,153.0,8.47,82.25,18.81,2.13,2,242.67,250.67,6.33,"REPÚBLICA FEDERATIVA Do BRASIL ministerio Dos TRANSPORTES BR 5 ECRETARia Naciona l DE TRAnSito carteiranacional de Habilitaçho / DRIVERLICENSE / PERMISO DE ConDUCCIÓN Nomee SOBRENOME Madinitacao Anthony Gabriel Alves 3 Daia [ccaleufdenascimenio 23/02/1971 da Cunha Daiaevissec Validade 23/07/2023 20/07/2033 1 DoCioenDADEhorgevissorUE 62.561.797-6IFP 4d CPF N? REGISTRO es 485.193.706-75 36235522376 1 NacionalIDADE BRASILEIRO(A) FILIAÇAO 1 1 Leo Cardoso Alice Ribeiro 1 Sakotdbo Assinaiurado poriador ACC E Ee 5 OBSERVAÇOES AssinADO DICITALMENTE DePaRiAMENIO {SIADUAL IRAsuo LOCAL 4336+407081 1 BELO HORIZONTE, MG MG681606770 MINAS GERAIS",82,0,0
aug_cnh_089.jpg,172.0,294.0,140.0,140.0,10.61,100.0,34.91,2.53,2,206.67,217.0,10.0,"REPÚBLICA FEDERATIVA Do BRASIL ministeRio Dos TRANSPORTES BR 5 ECRETARia Naciona L DE TRANSito carteiranacional de HabilitAçio / DRIVERLICENSE / PERMISO DE ConDUCCIÓN Nomee SobRENOME KABIUTAÇ1O Mathias Silva Daia [ocaleuf denascimenio 02/06/1979 Farias de da Paz Daiaevissao VAlidade 16/11/2020 14/11/2030 DOC IDENIIDADE / ORG eVIssoR / UF 58.805.821~9PC 1 491.267.305-61 54855710138 e NACIONALIDADE BRASILEIRO(A) FILIAÇO 1 1 Diego Carvalho Giovanna da Rocha 1 Mlalhias Yilua Assinaturado poriador ACC E Ee 22 E OBSERVAÇOES AsSInADO DIGITALMENTE DgpariangnioesiADUA IRasuo LOCAL 4336+407081 | BELO HORIZONTE, MG MG681606770 MINAS GERAIS 4d (Pi",88,0,0
aug_cnh_090.jpg,299.0,623.0,70.0,70.0,5.97,22.36,1.8,11.17,2,238.0,241.67,158.0,"1 "" 8 1 6 8 1 ! 2 ; 5 Ny [ 1 Iuux ! d; W 0 p | 9 1 1 1 1 | 1 1 1 1 | ~ 8 1 1 | 1 1 ; | | 1 ~ 1",45,0,0
aug_cnh_091.jpg,179.0,296.0,132.0,132.0,7.57,81.98,18.38,1.73,2,243.33,249.33,20.33,"REPÚBLICA FEDERATIVA Do BRASIL ministerio Dos TRANSPORTES BR SECRETARia Nacional DE TRansito carteiraNaCIONAL DEHABILITAÇÃO / DRIVERLICENSE / PERMISO DE ConDUCCIÓN NomeesobReNoME HABILTAÇ^O Kevin Nunes Daia Localeuf denascimevio 25/05/1951 Machado de Leao Daiaeuissac Validade 29/10/2024 27/10/2034 1 DOC [DENTIDADE / ORGeVissor / Ue 79.688.127-3IFP N? REGISTRO e 681.792.035- 60016023861 1 NaciohalDADE BRASILEIRO(A) FiLIAÇAO 1 1 Bruno Freitas Barbara Borges 1 Xeuin Nunes AssinaiuraDo PoriaDoR ACC Ee OBSERVAÇOES AssinaDO DICITALMENTE DePaRIAMENIO {SIADUAl IRANSIO LOCAL 4336+407081 1 BELO HORIZONTE, MG MG681606770 MINAS GERAIS d CPY",82,0,0
aug_cnh_092.jpg,177.0,294.0,133.0,133.0,10.69,100.0,34.95,2.58,2,221.33,233.0,6.33,"REPÚBLICA FEDERATIVA Do BRASIL ministeRio Dos TRANSPORTEs BR 5 EC R ETA Ria Naciona L DE TRANSito carteiranacional De HaBiLITAçÃO / DRIVERLICENSE / PERMISO DE CoNDUCCIÓN Nomee SOBRENOME KaBILTACRO Leticia Gomes Daia [ocaleuf denascimewio 08/02/1989 Moraes Alegre Daiaevissac 4b ValIqaDE 17/10/2024 15/10/2034 DOC IDENTIDADE / ORGeissoR / UF 52.622.382-2IFP 1 AdcPC N Pagistpo e 751.430.869-57 24495622376 NAcIONALIDADE BRASILEIRO(A) FILIAÇO 1 1 Rafael Souza Hadassa Mendonca 1 licia SSome Assinaturado poriador ACC E Ee E 5 OBSERVAÇÔES AssInADO DICITALMENTE DgpariangmioesiADuA IRasuo LOCAL 4336+407081 1 BELO HORIZONTE, MG MG681606770 MINAS GERAIS",89,0,0
aug_cnh_093.jpg,57.0,72.0,96.0,96.0,4.87,15.33,2.83,2.72,0,229.0,228.33,237.0,'l86r} 1 | 006z992967 00629925g2 Btunalgwak 0 5044783 Pulya,9,0,0
aug_cnh_094.jpg,177.0,297.0,131.0,131.0,6.78,60.84,18.53,1.51,0,226.67,228.33,235.33,REPÚBLICA FedERATiva Do B RaSIL O2irevs*yee GE 7& 49 Carteira NACIONAL De HabLitaç Ho/ Drnver License /Permiso De conoucción {voric Cassidro [09/08/1983 (25/88/2020 23/08/2030 L3e379-61 [2oz189.429_4 94679955955 {E | Vinlcivs Lopes Sra- Maria {ulsa Brlio - 1 1 | MINAS GERAIS,41,0,0
aug_cnh_095.jpg,553.0,720.0,154.0,154.0,3.19,27.1,0.38,3.78,0,222.33,224.0,223.0,5 1 ojeno DjeaDs PHona 0zu8101 (vioemusvxe 6E29L9{L+OZ Zo-Ysl*694'Z08 Jdi0-Ly7 6+9*09 9z0z /60/90 9107/60/80 01 senbjdw 196} /80 /OS DateJed [ÔIn],21,0,0
aug_cnh_096.jpg,148.0,338.0,160.0,160.0,13.65,88.89,28.31,3.21,2,224.0,230.0,8.0,REPÚBLICA FEDERATIVA Do BRASIL BR ministerio Dos TRanSPoRTEs SECRETARia Nacional DE TRansito carteiranacional de habilitaçio / DRIVERLICENSE / PErMISO DE CONDUCCIC Novee SOBRENOVE MABILITACAO Samuel Porto DaTA localeufdenascivenio 29/06/1981   Albuquorque RN DatA {Vissio Valiqade ACC 1 (09/09/2019 06/09/2029 DOC iDENTIDADE / ORg eMissor /Ue 89.737.154-7SSP RN 4d CPe 1 138.754.092-05 begistRo CaT /4B 90657252166 KacionALIDADE 1 | E 1 Yomual Porb Morino ACC C1e die 8 Abrou Lopos assinaiUeAC PoriaDOR Obslkykoes,71,0,0
aug_cnh_097.jpg,628.0,215.0,50.0,50.0,9.39,43.26,4.31,4.82,2,204.67,214.0,12.0,valida EM Todo 0 TerritÓrio MAcIoNAL 2952662900 2952662900 ; 1 8 1 1 | 8{ JIn | ! 1 1 9 2  4 1 1 ; 1| TER | H8 ; 2 1 } HI 28 1 7 |  1 Il; 1 II | { 1 L 30 5 {,50,0,0
aug_cnh_098.jpg,450.0,658.0,129.0,129.0,5.64,65.85,0.71,35.8,0,224.0,224.33,224.0,; 1 1 opoyaph Dsaok DznOS 091u3 | 1 1 'Es9'2 1 7207/01/99] 7zoz/01/60 Sop seDJow 8661/2o/0z Topojnoa oun*8 Sepuoujoy ox 723abQ/ o?oNineyk 20 7nODHA Kiik A01990NO? 3005i878/3517273 7av11*215 oSNya1 *0 1 Snval 50o 424740434  Fodkva} Surnn {yohi}tisvde 6z-9+0'526*852 6SvOS9SZLY8 dSS+-969' 7Voiayn oia715in 511404,44,0,0
aug_cnh_099.jpg,181.0,301.0,126.0,126.0,7.71,81.98,18.49,1.82,2,238.33,247.67,18.0,"REPÚBLICA FEDERATIVA Do BRASIL ministerio Dos TRANSPORTES BR S ECRETARia Nacional DE TRAnsito carteira nacional de Habilitaçio / DRIVERLICENSE / PERMISO DE ConDUCCIÓN Nomee SoBReNOME HABILTAÇ^O Carlos Eduardo Albuquerque Daia Localeufdenascimevio '05/1947 da Luz de Fonseca PB Daiaeuissac VAlidade 05/01/2016 02/01/2026 DOC [DENTIDADE / ORGeVissor / Ue 33.821.924-6PC | 186.793.254-73 20784478431 e NacionalIDADE BRASILEIRO(A) FILIAÇAO 1 1 Joao Felipe Marques Nina da Rocha 1 Assinaiurado poriador ACC 2 Ee OBSERVAÇOES AssinaADO DICITALMENTE DePaRIAMENIO {SIADUAl IRasuo LOCAL 4336+407081 1 BELO HORIZONTE, MG MG681606770 MINAS GERAIS",84,0,0
aug_cnh_100.jpg,145.0,305.0,160.0,160.0,7.37,81.44,48.15,0.4,1,237.33,239.0,153.67,"REPÚBLICA FEDERaTIva Do BRASIL ministerio Dos TranspoRTEs BR Secretaria Nacional DE Transito carteira nacional de habilhtacio / driver uiceNSE / perMiSo De ConduCc] 2 inomeesoorinone Otavio Looo Varilitacao Daia [Ocal(uFde Mascimenio 17/04/1972 Polxoto do Sul CE (Vissao 46 Valioaot AcC 1 [29/11/2024 27/11/2034 DoC idektioade / Orgivissor /u 21.253.608-2ifP AL Ja (Pe Neregisiro CATMAn 1 318.527.946-82 54978736060 Nacio AliDADC URASILEIROCA) ª 1 Sr. ,Francisco Montoiro 1 [Morio Cocllio Fogoco Yeao Assinatura Do poriador] ACC C1e Die oasekvacoes ; Assimado Digitalvente Departamiwio istaDun De 7n1nsiio LoCAl Daia Olavio",87,0,0
aug_cnh_1000.jpg,874.0,558.0,90.0,90.0,5.72,18.36,3.53,3.5,2,251.67,247.33,31.0,"ValIDA EM Todo TerritÓrio NACIoNAL 2952662900 2952662900 ; g 1 1 1 5 I 1 1 H 5 é 1{ 2 A8 :; ; : { [EEE { "" 8 ; : p HI 8 6 1 1 1 1 7 1 5 1 JI  1 2 1 1 1",50,0,0
aug_cnh_101.jpg,177.0,294.0,135.0,135.0,7.92,82.25,18.55,1.92,2,250.33,248.67,9.0,"REPÚBLICA FEDERATIVA Do BRASIL ministeRio Dos TRANSPORTES BR 5 ECRETARia Nacional DE TRAnSito carteira nacional de Habiltaçio / DRIVER LICENSE / PERMISO DE ConDuCCIÓn Nomeesobrenohe Madivtacao Liam Teixeira Daia [oealeufdenascimewto 15/02/1993 Pimenta Daiaevissec Yalidade 30/03/2021 28/03/2031 1 DoCiDeniDADEHorgenissor (UE 36.367.644-9IFP 4d CPF NePegistpo e 970.814.523- 35679535942 1 NacohevidaDe BRASILEIRO(A) FilIACAO 1 1 Benicio Pires Maria Eduarda Garcia 1 YiamJeiaeira Assinaiurado poriador ACC Ee 5 2 OBSERVAÇOES AssinaDO DICITALMENTE DepariangnioesiADuA Tasuo LOCAL 43361107081 1 BELO HORIZONTE, MG MG681606770 MINAS GERAIS",79,0,0
aug_cnh_102.jpg,191.0,311.0,107.0,107.0,6.16,53.93,17.48,1.28,0,226.0,227.67,235.67,Rruvouicatfe tiuRAnJunat [ HAn4mc4d /DRM#R{EASEAPEPSS? pÉcÊxotccidx Euoinee Auu O Soiod 0922 7f2/w21 2925 9092 53 1 [ 1 MINAS GERAIS 1,21,0,0
aug_cnh_103.jpg,182.0,302.0,122.0,122.0,5.08,61.25,18.58,1.02,0,227.0,228.33,226.67,"Carteuna Rlchovu €e Naciluacio/pR xERLicevse crerauseoecowucciov {ne (2 Qiur Enii Jfos/va7zaze [sse ' {eC [22"" {essete 2 | Ga{ahpe Kvwole 4} Luiry 1 1 1 1 MINAS GERAIS E=",29,0,0
aug_cnh_104.jpg,175.0,293.0,136.0,136.0,7.6,81.98,18.49,1.82,2,238.67,248.67,169.33,"REPÚBLICA FEDERATIVA Do BRASIL ministerio Dos TRANSPORTES BR SECRETARia Nacional DE TRAnSito carteira nacional de Habilitaçio / DRIVERLICENSE / PERMISO DE ConDUCCIÓN 2€1nomeesobrenome HABILTAÇ^O Vitor Alves Daia Localeufdenascimevio 26/07/1987 Jesus do Sul DaiAevissac Validade 17/05/2020 15/05/2030 1 DoCioeniDADEhorgenissor(UE 79.779.697-6IIRGD 4d [PF NPEGistpo e 610.283.749-50 95877876254 1 NacionAlIDADE BRASILEIRO(A) FILIAÇAO 1 1 Henry GabrielMelo Maria Cecilia Pastor 1 Uilor lues assiyatura Do poriador ACC Ee OBSERVAÇOES AssinaADO DICITALMENTE DePaRIAMENIO {SIADUAl IRasuo LOCAL 4336+407081 1 BELO HORIZONTE, MG MG681606770 MINAS GERAIS",79,0,0
aug_cnh_105.jpg,134.0,300.0,181.0,181.0,6.1,82.93,32.46,0.0,1,235.33,237.33,168.0,Rerunlica Fdl Va Do 0aa8i 86 Cartlina nacional dl Hadultacao/druvurLicunse / PeRmiso dl Conduc Nmmits (ozne icpe Cmivming Ennet n (0eb Mikan Am (6ia 869 /b0 4 Aeabavei 7e Mmasttimna Mpme Onhhiei Aiynhk Muyen |cree Moiyuo 1,37,0,0
aug_cnh_106.jpg,,,,,0.65,5.08,0.77,0.23,0,228.0,227.0,228.67,Hietonid Kaciohal 2952662900 ; 8 ; L RER 0 ! 7 { | 9 7 1 { { 1 1 A,21,0,0
aug_cnh_107.jpg,872.0,557.0,95.0,95.0,6.5,20.7,3.14,3.53,0,226.0,227.67,236.0,Yalda #ryobu 0 {haitohio kagaets 2952662900 2952662900 kbkpb| 1 ; HkhhF 1,12,0,0
aug_cnh_108.jpg,171.0,293.0,141.0,141.0,7.28,72.09,21.26,1.54,0,230.33,230.67,228.67,REPÚBLICA FEDERATIVA Do BRASIL Enisterio 80s TRansyortEs BR SeCRetaria Nacional uc TRansito carteira Nacional de habilitaçio / driver LIcENSE / PerMISO de ConDUCCIÓn (Ernonuella Garcia 20/01/1973 Araujo de Casslono PE 10/03/2022 07/05/2032 {22.899.333-7IPF Ma | [819.206.735-12 36090322245 BRASIEEiROCA) 1 1 Apollo Rocha Brenda Caldeira 1 Bouye 9 [ Daglik N{c{sipulai 48504401091 | {ohorizontl Yc c6s[6VéFti MINAS GERAIS 2,58,0,0
aug_cnh_109.jpg,172.0,292.0,140.0,140.0,7.64,81.98,18.49,1.82,2,238.67,248.67,163.33,"REPÚBLICA FEDERATIVA Do BRASIL ministerio Dos TRANSPORTES BR S ECRETARia Nacional DE TRAnsito carteira nacional de Habilitaçio / DRIVERLICENSE / PERMISO DE ConDUCCIÓN Nomee SoBReNOME HABILTAÇ^O Arthur Gabriel Vasconcelos Daia Localeuf denascimevio '09/1978 da Costa de Machadt Daiaevissac VAlidade 31/10/2020 29/10/2030 1 DoCioeniDADE Orgenissor(UE 45.823 68-7IIRGD Ad @PC N? REGISTRO e 943.870.156-75 99426869451 1 NacionAlIDADE BRASILEIRO(A) FiLIAÇAO 1 1 Nicolas Moura Fernanda Goncalves 1 Wiss AssinaiuraDo PoriaDoR ACC Ee OBSERVAÇOES AssinaADO DICITALMENTE DePaRIAMENIO {SIADUAl IRasuo LOCAL 4336+407081 1 BELO HORIZONTE, MG MG681606770 MINAS GERAIS",84,0,0
aug_cnh_110.jpg,176.0,295.0,135.0,135.0,7.86,81.98,18.49,1.82,2,238.67,248.67,15.33,"REPÚBLICA FEDERATIVA Do BRASIL ministerio Dos TRANSPORTES BR SECRETARia Nacional DE TRAnSito carteira nacional de Habilitaçio / DRIVERLICENSE / PERMISO DE ConDUCCIÓN Nomee SOBReNOME HABILTAÇ^O Sra. Aylla Araujo Daia [ocaleufdenascimevio 09/01/1995 Pastor Daiaeuissac 46 Valipade 25/06/2021 23/06/2031 1 DoCioenDADEhorgenissor(UE 89.662.587-SSSP 4d [PF N? REGISTRO e 948.107.356-48 49386055455 1 NacionAlIDADE BRASILEIRO(A) FiLIAÇAO 1 1 Lucas Pereira Ester Campos 1 dylla drauke assiyatura Do poriador ACC E Ee OBSERVAÇOES AssinaADO DICITALMENTE DePaRIAMENIO {SIADUAl IRasuo LOCAL 4336+407081 1 BELO HORIZONTE, MG MG681606770 MINAS GERAIS",81,0,0
aug_cnh_111.jpg,167.0,289.0,150.0,150.0,10.5,62.74,24.77,4.15,0,155.0,158.0,213.33,Carzerabae onal Detrshlhacso jDrnerticeNSE7 eeRaso De Coneoigcion Es B72 [225_ 15 | E | MWNAS GERAIS l24,17,0,0
aug_cnh_112.jpg,385.0,515.0,132.0,132.0,4.31,81.57,0.05,17.7,1,252.67,246.67,42.0,"SIVà39 SVNIW 049091899w 21 'Jinozidoh 0ne) 1 [rolott9eet QuiskyM Tngvisioinanvihydag ainekiyiidia ooynisSy 53027n83580 oO9iOa Ynnissy DoP$ 1 OiUeWl-SDN Duudaois 5 Jois0d D99n7 Mdg | 1 ª (Voxiauisyaa Joyonykouyk 18959895068 L9-+90*ZLI*86S 1 ayan 04151976 d] Ps Jdz-{16*0+9 St ' HoSsIM] J*0 Goyquvaqipoo 8zoz /vo/sz 81oz/vo/8z 1 Goyoura 01 OrssInaayo o4idadd [t61/ 70/87 OiNinijsyk g0ininJo1yivg DAIIS uneX OyJyllidyh , JHOnJugos ) JHoN /37 N9I))70N0)70 OSI//*3d /35N3217 *3A/*0 / OvjYL7IgyH 30 7YNOIYN YIJLYY) Olisnyd1 10 7ynoijvn Viay1a)]s s31dOdSNvd1 soa oidj1siniw d8 USVd8 00 VAIlVdJ0J] VJi78od]à",82,0,0
aug_cnh_113.jpg,61.0,75.0,90.0,90.0,4.32,11.82,3.1,3.01,1,237.33,247.67,163.0,{ { Cekec 0067997867 0067997867 Mromaeaoe,6,0,0
aug_cnh_114.jpg,,,,,6.0,65.18,0.78,41.31,0,219.0,220.67,221.33,"[ 9 SQABN SdP; Diicis :PUs 0u112 fontin H Viowyusfak 8zoesolsv12 19-{Y 60s Z95- 1 Sh 900-066 z18*08 szov/o/u1 s10z/10/0z Difindd 'iDaoN   0961/0,/81 DinD7 'duy N0422n080230 08S/943*/35N72/1834/40 { 0p5x4/78yh 30 JYNOIY YIY?EaP) oranya1,{6 174o190 80 S)4d Qisatrf 014 Hsvd9 00 Va1lvd1034 Y2iibodia oJpvd",43,0,0
aug_cnh_115.jpg,174.0,315.0,160.0,160.0,9.3,85.5,24.9,0.35,2,250.67,250.67,14.0,REPÚBLICA FEDERATIVA Do BRASIL ministeRio Dos TRanspoRtes BR sEcRetaria Nacional De Transito CARTEIRANACIONAL DE HABILTAçÀO / DRIVER LICENSE / PERMISO DE ConDUCCIÓ NoveeSOBRENONE HabiUTACAO Theodoro Duorte DAIA [Oca t UF De nascimenio 13/09/1983 Albuquerque DaiA [Vissao Valipade ACC 10/05/2024 08/05/2034 1 < DOC IDlRTDADE / ORg {Vissor / UF 34.492.288-2SSP RS 4d (Pe REGISIRO CAI YNAB 1 068.192.543-42 4322615372 NacionalDADE BRASILEIRO(A) : 1 Arthur Camaro 3 Lauro Mendonco 1 JhsodoroDuarb Assinatura Do PoriaDOR ACC Die 12 OBSERYAÇOES 8,78,0,0
aug_cnh_116.jpg,61.0,77.0,89.0,89.0,7.38,39.16,4.13,3.94,2,238.67,247.67,15.67,"1 7 1   II < 8 1 1 1 1 "" : : ; 1 1 88  1 5 1 ' 2 1 1 8h4 5 71 8 ; [ 1 p 2 3 # | ; { |  9 ; 1 0062992562 0062992562 Ivnoijvk oiuoliuu3l 0 0001 WJ VOIJVA 1",51,0,0
aug_cnh_117.jpg,175.0,283.0,182.0,182.0,8.36,74.93,41.76,0.36,2,238.0,238.33,17.0,REPÚBLICA FEDERATIVs Do BRASIL ministÉR'0 Do s TRANSPORTES NaCional D E TRanSito 5 ECREtaRia NACIONAL DE HABILITAÇÃO / DRIVER LICENSE / PERMISO L CARTEIRA ! 2 € NoMe E SobREnOME Pedro Lucos Jesus ZoCAEUf De Nascimento DAIA 1968 Garcio do Norte 12/06/- VAliQADF Dave Evi5s4o 06/05/2031 (08/05/2021 IDENTIDADE / ORG [VISSOR / U2} 74C DOC RN 25.801.402-2PC 5N REGISTRO 4d (Pf 1717986231 703.241.698-50 MACIONALIDADE BRASILEIRO(N FiliACAO Apollo Souso Stephany Jesus Pade Yncos Ye Assinatura Do PortADoR ACC 9 Die ESIADU 3 i6o 1 1 1 C1e Oaservacoes DiGI ASSiMADo DePariAMEnio 8336807,91,0,0
aug_cnh_118.jpg,171.0,292.0,141.0,141.0,7.15,81.98,18.49,1.82,2,238.0,247.33,13.0,"REPÚBLICA FEDERATIVA Do BRASIL ministerio Dos TRANSPORTES BR SECRETARia Nacional DE TRAnsito carteira nacional de Habilitaçio / DRIVERLICENSE / PERMISO DE ConDUCCIÓN NomeesobReNoME HABILTAÇ^O Luano Oliveira Daia Localeufdenascimevio 25/08/1964 Silveira da Mata Daiaeuissac VAlidade 18/07/2024 16/07/2034 1 DoCioenDADEhorgenissor(UE 28.920.514-7SSP 4d [PF N? REGISTRO e 712.534.890-41 50982676865 1 NacionAlIDADE BRASILEIRO(A) FiLIAÇAO 1 1 Pietro Carvalho Nicole Castro 1 fuana Oleira AssinaiuraDo PoriaDoR ACC E Ee OBSERVAÇOES AssinaADO DICITALMENTE DePaRIAMENIO {SIADUAl IRasuo LOCAL 4336+407081 1 BELO HORIZONTE, MG MG681606770 MINAS GERAIS",79,0,0
aug_cnh_119.jpg,171.0,291.0,145.0,145.0,6.3,81.71,16.98,0.83,2,238.33,244.33,156.33,REPÚBLICA Federativa Do BraSIl s7e2io Dos Tlaspoltes BR Sec2et2in acioil de Teinsito GaHe{MON[H/DÇi /DauWNE FusECcOÁN 20a5he s Vassonoeies 9/85/1972 Dasn933 04/01/229 01/01/2289 2br6-ZueeA 761519342543 64607820501 Bsiufowu 1 1 DeiMgod 8 Ka Zotle Sees Ln Saneaer 1 LILA ; Essaconss 78g Moeae2es Vsn ã MINAS GERAIS,45,0,0
aug_cnh_120.jpg,61.0,74.0,88.0,88.0,11.84,46.58,6.25,5.63,1,184.67,202.0,171.67,"1 Iu 5 9 1 7 8 1  5 8 ; < 8 9 "" 2 1 | 1 1 1 1 1 ; H { 1 ; 1 p 5 ? P (6  IL 1 | g 0062992562 0062992562 Ivndisvk Oiyq1iuu3L 0 O001 WJ Voiva 4",47,0,0
aug_cnh_121.jpg,59.0,76.0,93.0,93.0,3.44,11.91,3.25,3.14,1,253.0,248.33,253.67,"1 1 1   Il 1 1 1 1 1 8 8 31 5 "" 5 1 ' 88 1 5 JL 1 1 ; p 2 ; 2 8 3 H 1 11 9 | ' 1i 9 ? : 1 0062992562 0062992562 IUNOIJUN 0Iuo1Iuu)1 0001 WJ VOIIVA",48,0,0
aug_cnh_122.jpg,171.0,291.0,141.0,141.0,7.51,81.98,18.49,1.82,2,238.33,248.0,13.0,"REPÚBLICA FEDERATIVA Do BRASIL ministerio Dos TRANSPORTES BR S ECRETARia Nacional DE TRAnSito carteira nacional de Habilitaçio / DRIVERLICENSE / PERMISO DE ConDUCCIÓN Nomee SoBReNOME HABILTAÇ^O Henrique Melo Daia Localeufdenascimevio '05/1945 Aparecida da Serra SE Daiaeuissac VAlidade 19/08/2020 17/08/2030 1 DoCioeniDADEhorgenissor(UE 91.945.670-4IPF 4d [PF NPEGistpo e 489.560.723- 21556290112 1 NacionAlIDADE BRASILEIRO(A) FiLIAÇAO 1 1 Erick Rios Stephany Camara 1 Xenriq Mllo AssinaiuraDo PoriaDoR ACC Ee OBSERVAÇOES AssinaADO DICITALMENTE DePaRIAMENIO {SIADUAl IRasuo LOCAL 4336+407081 1 BELO HORIZONTE, MG MG681606770 MINAS GERAIS",80,0,0
aug_cnh_123.jpg,180.0,303.0,126.0,126.0,6.28,79.81,18.09,0.78,1,231.33,240.0,25.0,REPÚBLICA FEDERATIva Do BRASIL Nisterio Dos TRanspoRTEs BR SecRetaria Nacional De TRansito CARTEIRA NACIONAL DE HABIuTAÇÃO / DRIVER LICENSE / PERMISO DE ConDUCCIÓN ovee Iacio Arthur Gabriel Mordes AloA Nacinenid 24/01/1965   Duarte ur4o Muqo 30/05/2019 705/2029 1 7.82.215-6SSPunsor R Ja Rteisno Cahas 1 874.659.052-92 19400486202 calill BRASILEIRO() i 1 Antonio Cunho 3 Aylla Pimenta 1 Konr DofosuADo< Oaskiakies Knaoodinvenn Demriaveniotsud  Irnvio toca 400407081 1 Btlohokloonil ng Mcosicoono MINAS GERAIS,69,0,0
aug_cnh_124.jpg,146.0,280.0,199.0,199.0,8.48,74.93,48.59,4.99,2,237.33,232.0,164.67,ministerio Dosariva Do BRASIL SECRETARIA Dos nacional DE Carteira} dE hABiltAcio / DRwerL 2 € 1nomee SobrenOME 1 'perMISO DeCo ' DAIA LOCAl { UFDe 19/05/1982 Dios doo de PB 1 (13/05/2021 DaIA 46 Valiqade /05/2031 4c DOC idektidade /  21.499 ORG EvissoR / UF .468-JiPF MG 1 4d (Pe Sw ReGIsTRo [057.243.816-80 91021040077 NAciowALIDADE 1 [Arthur Cabrial Srta. Cecilia Do PoriADOR ACC Cie De 'OBsERVAÇOES _ die TRans PORTES Transito NACIONAL rLICENSE / Mothias Albuquerque Minos {Visso BRASILEIRO(A) Montenogro Ano Vieiro Aluqueroue Assinatura [,85,0,0
aug_cnh_125.jpg,174.0,294.0,138.0,138.0,5.52,81.71,17.74,0.59,1,248.33,251.67,150.33,"REPÚBlica FEdErativa Do Brasil Uistepio dos Teamspoetes BR Seceetaria Macioma de Teaasi7o CAPTEIPANACIONAL DE HABIUTAÇiO / DPJVER LICENSE / PEPMISO DE CONDUCCIÓN a Ester Limo LCelse 02/07/1974 Yiono 30/07/2023 27/07/2033 DuenlCiurivlohy 32 525,946 -Bipf g 0gees 479 812053-79 0u5oe636237 1 BpaSileipo(A) 1o : 1 Benkcio Limo 2 Morio fkr Montonsoro 1 Yuna 22 ! 2 Konoornnau; ; 5auulb K 8386480noa1 Belohorzo eVc Vcseios7o ã MINAS GERAIS",66,0,0
aug_cnh_126.jpg,175.0,294.0,138.0,138.0,4.57,81.84,17.6,0.11,2,252.67,247.67,252.0,"REPÚBLICA FEDERATIVA Do BRASIL ministerio Dos TRANSPORTES BR SECRETARia Nacional DE TRansito carteira nacional de habilrtaçio / driver LiCeNsE / perMiso De ConducciÓn NohefSobrenohf Madinitacao Bento da DAIA [Ccal { UF De Nascimenio 18/04/1969 Mota Daiaeuissac Yalidadl 09/09/2019 06/09/2029 1 DoCioenudaDe ORG EWISSOR / UE 1.876.546-6IPF dC Aroipu o 306.871.492-31 92283314153 1 Nacioualidade BRASILEIRO(A) FiLIAÇAO 1 1 lan Pereira Sra_ Maria Cecilia Cassiono 1 Benbo Assiyaiura Do poriacor 2 OBSERVAÇOES assinado DicitalmeniE VaPakaenuouui Tpaasuo 4336-u/u81 LoCa 1 BELO HORIZONTE, MG Mgoe 600770 MINAS GERAIS Luz",85,0,0
aug_cnh_127.jpg,165.0,287.0,152.0,152.0,12.62,100.0,36.27,3.2,2,162.0,170.67,11.33,"REPÚBLICA FEDERATIVA DO BRASIL MinisteRio Dos TRANSPORTES BR 5 EC RETARia Naciona L DE TRANSito carteiraNaCIonal DE HABILITAçÃO / DRIVERLICENSE / PERMISO DE CONDUCCIÓN Nomee SobRENoME KABIUTAÇAO Luiz Fornando Barbosa Daia localeuf denascimenio 20/12/1972 Ferreira de Goias DATA [Vissao Validadg 23/08/2016 21/08/2026 1 Docioenuidadehorgenissorue 92.814.471-SSSP 4d CPF N"" REGISTRO e 1 780.934.265-74 47059993046 NAcIONAUDADE BRASILEIRO(A) FILIAÇIO | | foooros wo Ur Pune Assinauradoporiador ACC E Ee E 5 OBSERVAÇOES ASSINADO DIGITALMENTE DgpariangmioesiADuA Ipsuo LOCAL 43364407081 | BELO HORIZONTE, MG MG681606770 MINAS GERAIS",82,0,0
aug_cnh_128.jpg,165.0,269.0,178.0,178.0,7.25,71.68,46.38,0.96,2,238.33,238.67,169.33,Do BRASIL ministe 2% TR D E TRanSITO NAC1 S EC 1 DE CON DE 'HABILTAÇÃO/5 Noyee Stella Almeida Srto. DATA Peixoto 06/09/1968 46 Valiqadt DaIA (23/05/2019 ORG eVissor /UE DOC IDENTIDADE MG 91.627.824_4IIRGD 1 REGISTRO 4d CPf 61714587655 (791.584.623-09 MacIOMALIDADE 1 BRASILEIRO(A FILIACO Lucca Moroira ; 1 Ano Liz Vasconcelos 1 Yull Alnsidl AssinatuRa Do PoRIADOR ACC Cle Die 12 ObservaÇOes AsSIMADO DiCITALMen DepariAMEnIO EStadunl De ; LOCA M8861608030 FEDERATIVA TRansfoRTEs R EPÚBLICA R1o RetaRia 'PERMISO E 'LICENSE } DRIVER L INACIONAL = cARTEIRAF Soarenoue MsqueMo LOCn[uf De( 20/05/2029 [Visso,91,0,0
aug_cnh_129.jpg,176.0,295.0,139.0,139.0,6.45,81.44,17.2,0.71,1,238.33,248.0,159.67,Republica Fedenativa Do Bkasil teodos tspories BR Serenrne 0e 48n Carteira NaCIONal DeHAsiUTAÇiO / DRIERUCENSE / PERHISO DE conDUCCIQN Lul Onn Conduv Govsss Nican desk i Si Is9ce45s 0 Oueasaus4 1 Kaasileiat a ; 1 Arthur Confe 6in An Cunnry 1 Qleeealin | Soinliil M; Aaianany MINAS GERAIS,48,0,0
aug_cnh_130.jpg,197.0,341.0,170.0,170.0,9.06,48.64,43.09,0.06,2,238.33,243.67,147.67,"1 DE De 201 DaIA Uf Org PA 62. 54 18 1 4d (Pf 1 Anthony Sa 1 1 Alice 1 Joe Rocho Do portADDR ACC E2 Ge DE Die oeservacoes FEDE "" TRan> TRanS1 , REPÚBLICA Dos DE ministeRio nacional 'PERMH LICENSE ) SEcRETaRia 'DRIVER ! HABILITAÇÃO / [ INACIONAL _ carteIRA T Mscimenio Sobr[noMe Verde euf [nokee oCA Melo DAIA '1958 Rocho 30/05/ ValiqADE Zoe 03/06/2031 {Vissao 05/06/2021 {Vissor/ IDenIIDADE /  109.171-ODETRAN DOCL REGISTBO 437571  2498-85 152.067 . NACO AloADe BRASILEIRO(A) Filucko Duarte AssinaiurA",86,0,0
aug_cnh_131.jpg,137.0,267.0,158.0,158.0,5.36,66.4,23.75,0.91,0,218.33,220.0,221.0,"REFUBlCA FEdEraTiVA Da BRASil B8 Tl? 528879 CPf1f Za/ CITEIRANACIONAL DEHABILITAÇIO / DRIVER LICENSE / PERMiSO DE CONDUCCIÓn {Ano Livio casa Gronde {08/05/1265 _Noqusire 80 Sui {05719/2023 7l27/2053 [2{71 42-,""Rcc_ {245.881.723 09 1 Esne Lucos Nelo Ctarce farnondas 1 E 15 1 2 S 22 1 JGss? sro 5",49,0,0
aug_cnh_132.jpg,935.0,618.0,87.0,87.0,4.93,15.43,1.74,5.18,0,237.67,238.67,154.33,"Valida EM Todo 0 Territorio Naciomal 2952662900 2952662900 6 8 1 1 6 | 1 { ; 9 8 { { 8 5 8 II | 1 5 5 1 0 1 ; 1 1 3 ; 1 í 1 1 1 1 1 1 | 1 9 1 2 : 1 { ; 1 2 { , ; 1 8 1 1 1 7 | 2 1 1 8 1 1",72,0,0
aug_cnh_133.jpg,138.0,283.0,147.0,147.0,8.54,86.86,37.95,1.22,0,164.67,168.0,164.67,REPÚBliCa f EdEraTiva Do B RASL 5 1s7e8i Dos NspoRies Se{rfiadiaaeon Dl(san 7470 CarTeiraNaCionAL De Habhlitacao /DrIVER EICENSE / PerMISO DE ConDUCCIÓn Cossieno [20/12/1996 Urno de MInos {25/06/2016 {21/06/2026 {3ci66os OHRGD 50 [(31464474028 [xssnnxota} | | Calobe Corrola Morians Wochodo 5 1 2 5 3 8 [Liz Irnena? [z05s423 _,50,0,0
aug_cnh_134.jpg,,,,,3.83,49.19,0.7,13.22,0,229.67,228.67,236.67,"SIvx39 SK$IW | I| ; Nelio kdnevi058 dououffyros 145448 0a Vn12v4 ""2r14aa24",12,0,0
aug_cnh_135.jpg,174.0,295.0,137.0,137.0,5.42,81.3,17.08,0.3,1,238.33,247.67,160.0,Refublica Federativa Do Brsil Gaeaonsses BR ecuocae Oaanansnznnnyrancon Ft] snors eiy Avc Ronors cu2s 4c ornes ee8 V oe( 1 gr 1 ; 1 MINAS GERAIS,26,0,0
aug_cnh_136.jpg,169.0,278.0,149.0,149.0,2.97,37.26,25.52,0.0,1,249.67,246.67,153.33,"REPubLiCAEEDERATIVA Do BRASIL 5E8""E879R'8 283aspor5es BR Nacional dE Transito Carteirr NICIONLC 20io1e [DEHASIUTAÇiD / DRMERUICENSE / PErUISO DE CONDUCTIN Morcak Souso Ooo 4 2s/v2/?73 Montenegro 1 20/07/2022 17/07/2022 l 44295 96s-7sSP 1 881 246 079-88 58550068s7 Brsileiro) : 1 Joss P Peoro Fonseco 2 Bootriz Yieiro 1 AlaoYae Kr 1e4 1 B5lO MORLOVIE Mg as ann Ana",57,0,0
aug_cnh_137.jpg,418.0,695.0,145.0,145.0,4.34,59.76,0.17,26.49,1,237.67,234.67,161.0,"SIVd39 SVNIY ; : 4123? 2 1 Cl o 599] ""zn Jaoe40727 SoorusinunonoooLaa-IMoMnzo d8 0n53ae? 2238838 02a09a5 7s720 00 7n870a?",20,0,0
aug_cnh_138.jpg,143.0,301.0,175.0,175.0,8.67,80.76,39.89,0.94,2,237.67,237.33,17.33,"REPÚBLICA FEDERATIVA Do B RASIL ministeRio Dos TRANSPORTES SECretaria nacionai de rRnssto CARTEIRA | 201 NACIONAL DE HABILITAÇÃO / DRIVER LICENSE / PERMISO DE C NOHeE SOBRENOME Marcelo Alves DATA LoCAE E Uf De Nascimento 10/10/1960 DF 1 DAI4 EMissao 46 ValiQade 13/05/2019 10/05/2029 IDEnTIOADE _ OrG EMissor / Uf 66.712.671-3PC BA 1 (673.9 5 N REGISTRO 948.250-00 NACIOMALIDADE 22039780059 1 1 Juon ""RASILEROA 1 Marccla Guerra Assinatura Do ACC 1 BIDC ! Mg Limo Doc Borges Notolio dluc Poriadoa Cie OaseevAcoes DiE MORUONTE Assinado Digiialnenn Depariane",87,0,0
aug_cnh_139.jpg,123.0,389.0,168.0,168.0,9.78,57.72,46.25,0.48,2,237.67,241.33,16.33,"D Do DE DE DE MG Coso ACc 07 ORg MS 4C DoC 1 [764.051.328-62 FiLiAço 1 1 Jesus {outnlo Monknor 1 Cie Die OBSerVAÇÔES FEDERATIVA PORTES TRansito TRans REPÚBLICA Conducciâ Dos Rio nacional ministes (perMiso L Secretaria rlicense / 1""Mabilitacao /DRIVERL habiltacio / INACHONAL L carteiraa Sobeenoue Nasciuemio novee euf Gronde Monlenegro oCA OaIA 06/10/1962 Lovinia Valiqade (04/04/2028 Vise0 DaiaE 1/04/2018 {Vissor/uf ocntioade / ( 1.917-8DETRAN (at78b 64.991. pegistro 142082 966291 = 4d (Pe naciomalidade 1 BRASILEIRO(A) Ribeiro Froncisco Daniela CorlADoR ssnaiuraDol",83,0,0
aug_cnh_140.jpg,58.0,73.0,95.0,95.0,4.64,15.04,3.14,3.12,1,211.33,220.0,159.0,"1 6 { "" Oogc99s6c 006c994866 AvmWioym 09u0liuu 96 ( ouol Visuoliva",12,0,0
aug_cnh_141.jpg,872.0,558.0,93.0,93.0,3.85,12.7,3.1,3.32,1,253.0,247.67,253.67,"VaLiDA EM TOdo Territorio NACIONAL 2952662900 2952662900 k ' 1 1  1 JIn 5 / 1 1 8; II 2 1 88 ' 1 : 1 ; 1 [ { ( 8 "" 1 8 1 1 1 1 1 7 5 1 1 1 JI  5 2 1 1 1 1",52,0,0
aug_cnh_142.jpg,60.0,76.0,90.0,90.0,8.24,42.09,4.26,3.98,2,247.67,252.0,12.0,"1i 1 7 1   II < 2 1 1 1 1 "" 8 2 1 Ilk  1 1 ' 2 1 9 88 | 9 JL 8 1 p 2 3 7 1 M | : 1 | | ; 1 ; 1 0062992562 0062992562 Iynoijv oiuoliuu3l 0 0001 WJ VOIJVA",51,0,0
aug_cnh_143.jpg,177.0,296.0,133.0,133.0,6.85,81.98,18.44,1.77,2,213.33,222.67,19.0,"REPÚBLICA FEDERATIVA Do BRASIL ministerio Dos TRANSPORTES BR SECRETARia Nacional DE TRAnSito carteiranacIonal DE HaBILITAÇÃO / DRIVERLICENSE / PERMISO DE ConDUCCIÓN Nomee SoBReNOME KABIUTAÇRO Maya Costela Daia [ocaleufdenascimevio 03/11/1960 Conceicao do Anfffuro Daiaeuissac VAlidade 04/02/2017 02/02/2027 1 DoCioenDADEHorgevissor(UE 47.740.693-8IPF 4d CPF Nª REGISTRO e 1 567.312.409-07 80341657495 NAcIONALIDADE BRASILEIRO(A) FILIAÇO 1 1 Heitor Gomes Ana Vitoria Cavalcante 1 Boslela Assinaturadoporiador ACC Ee OBSERVAÇOES AssInADO DIGITALMENTE DgpariangmoesiADUA IRAsuo LOCAL 4336+407081 | BELO HORIZONTE, MG MG681606770 MINAS GERAIS",76,0,0
aug_cnh_144.jpg,174.0,296.0,136.0,136.0,4.86,81.71,17.13,0.13,1,253.0,246.0,31.67,REPÚBLICA FEDERaTIva Do BRASIL iisterio dos Transportes BR Secretaria Nacional de Transito CARTEIRANACIONAL DE HABILTAÇiO / DRIVER LICENSE | PERMISO DE CONDUCCIÓN 091ina6 Vaite Voroes 2noaiasavo 08/07/1975 Vouro Ls 24/04/2016 22/04/2026 1 t 54.382 515-6iirgd ii 5 739.508246-00 19953760328 BRASILEIRO) 1 1 S{. Kaique Mouro Sra Vara Femondo Souzo 1 Ieracs n 22 ! 4ooba7 ; oa saoas440n08 ~ B{lO HORDOMIEVC 1Cs8i6oe7o ' MINAS GERAIS o,66,0,0
aug_cnh_145.jpg,176.0,297.0,133.0,133.0,8.08,81.98,18.49,1.82,2,238.67,248.67,16.67,"REPÚBLICA FEDERATIVA Do BRASIL ministerio Dos TRANSPORTES BR S ECRETARia Nacional DE TRAnsito carteira nacional de Habilitaçio / DRIVERLICENSE / PERMISO DE ConDUCCIÓN Nomee SoBReNOME HABILTAÇ^O Isabela Almeida Daia Localeufdenascimevio 08/09/1954 Andrade de Minas Daiaeuissac VAlidade 16/11/2020 14/11/2030 1 DoCioeniDADE Orgevissor(UE 29.682.702 - DETRAN NPEGistpo e 396.705.248-65 04008734551 1 NacionAlIDADE BRASILEIRO(A) FiLIAÇAO 1 1 ViniciusRezende Maria Isis Marques 1 Jsabdla dlmncida Assiyatura Do poriador ACC Ee OBSERVAÇOES AssinaADO DICITALMENTE DePaRIAMENIO {SIADUAl IRasuo LOCAL 4336+407081 1 BELO HORIZONTE, MG MG681606770 MINAS GERAIS d CPY",83,0,0
aug_cnh_146.jpg,174.0,295.0,139.0,139.0,5.11,61.11,17.95,0.62,0,227.0,228.33,226.67,(orhanovebsihiooneooooncerw Ei 65 72s7 | 5 5 | MiNas Cerais,10,0,0
aug_cnh_147.jpg,903.0,613.0,72.0,72.0,7.91,27.44,6.81,4.71,2,238.33,242.33,19.33,Valida EM Todo 0 TeRRiTÓRIO MACIONal 2952662900 2952662900 { 8 | 3 1 1 1 1 1 | | 4 7 7  0 0 7 U { 8 { 8 2 1 9 3 1 U 9 8R 9 | 2 1 1 5; 28 1 H 1 ~ | 1 5 7 1 8 1 1 I| 1 ; 1 1 F 5 1 Í [,67,0,0
aug_cnh_148.jpg,171.0,291.0,142.0,142.0,6.9,81.98,18.49,1.82,2,238.67,248.67,97.0,"REPÚBLICA FEDERATIVA Do BRASIL ministerio Dos TRANSPORTES BR SECRETARia Nacional DE TRAnsito carteira nacional de Habilitaçio / DRIVERLICENSE / PERMISO DE ConDUCCIÓN Nomee SoBReNOME HABILTAÇ^O Manuela Cassiano Daia Localeuf denascimevio 14/08/1996 Cassiano do Norte DaiAeuissac Validade 14/03/2024 12/03/2034 1 DOC [DENTIDADE / ORGeissor / Ue 13.416.271-8IFP 4d [PF N? REGISTRO e 672.514.983-91 48908642564 1 NacionAlIDADE BRASILEIRO(A) FiLIAÇAO 1 1 Benjamin da Conceicao Manuella Vieira 1 anucla Casolane Assinaiurado poriador ACC Ee OBSERVAÇOES AssinaADO DICITALMENTE DePaRIAMENIO {SIADUAl IRasuo LOCAL 4336+407081 1 BELO HORIZONTE, MG MG681606770 MINAS GERAIS",86,0,0
aug_cnh_149.jpg,178.0,297.0,132.0,132.0,8.08,81.98,18.49,1.82,2,238.67,248.67,16.67,"REPÚBLICA FEDERATIVA Do BRASIL ministerio Dos TRANSPORTES BR S ECRETARia Nacional DE TRAnSito carteira nacional de Habilitaçio / DRIVERLICENSE / PERMISO DE ConDUCCIÓN Nomee SoBReNOME HABILTAÇ^O Mayso Ferreira Daia Localeufdenascimevio 27/10/1984 Fogaca DaiAevissac Validade 12/03/2024 10/03/2034 1 DoCioenDADEhorgenissor(UE 96.505.866-8IFP NPEGistpo e 682.390.145-42 03062043163 1 NacionalIDADE BRASILEIRO(A) FiLIAÇAO 1 1 Joao Felipe da Conceicao Sara Leao 1 Jenrcira Assiyatura Do PoriaDoR ACC E Ee OBSERVAÇOES AssinaADO DICITALMENTE DePaRIAMENIO {SIADUAl IRasuo LOCAL 4336+407081 1 BELO HORIZONTE, MG MG681606770 MINAS GERAIS d CPY",80,0,0
aug_cnh_150.jpg,176.0,297.0,134.0,134.0,8.28,81.98,18.44,1.77,2,253.67,247.67,15.33,"REPÚBLICA FEDERATIVA Do BRASIL ministeRio Dos TRANSPORTES BR S ECRETARia Nacional DE TRansito carteira NAcInal De Habilitaçio / DRIVER LICENSE / PeRMISO DE ConDUCCIÓN NohefSobrinohe Madinitacao Caue Moreira DAIA [Ocal { Uf De Nascimenio 28/02/1963 Rezende Daiaevissac Validade 10/08/2018 07/08/2028 1 DoCioenidaD Orgenissor {UE 55.266.996 - DETRAN 4d [PF Moagisipo ee 1 612.539.748-37 64887834769 NacionalidaDE BRASILEIRO(A) FIlIACAO 1 1 Dante Pires Clara Pires 1 Bauc  Mloreira Assiyaiura Do poriador He 1 OBSERVAÇÔES Assinado DiciALMENTE Uphinkhniia Tpasuo 43360/081 LoCa 1 BELO HORIZONTE, MG Mgoe 606770 MINAS GERAIS",86,0,0
aug_cnh_151.jpg,172.0,288.0,168.0,168.0,8.47,88.08,43.29,0.61,1,201.67,207.0,107.0,REPÚBLICA FEDERATIva Do BRASIL inisterio Dos TRAnSPoRTEs BR SEcRetaRia Nacional DE Transito CARTEIRA NACIONAL DE HABILTAÇDO / DRIVER LICENSE / PERMISO DE CONDUCCIÓ} MABIUTACAO Noveesoarenome Moteus Vosconcelos J DaTA ioCn { Uf denascimento 07/09/1986 Rocho do Sul DAIA {ViSsao 4b ValipaDE ACC 07/02/2017 05/02/2027 1 4C DOC iDeNTiDADE / OrG EVissoR/uf 81.290.436 - IFP {d CPe KREGISTRO CatMAD 987.453.621-73 23787360740 1 BRASILEARO(A) Filiacko ; | Miguel Mendonco 2 Julia Moreira 1 lale Vosconceloe AssiyatuQa Do PoriADoR ACC Die 12 OBSERVAÇOES ASSIVADO DIGITALYENTE ; Departamenioesiadual De Iriks Cie,87,0,0
aug_cnh_152.jpg,660.0,169.0,28.0,28.0,5.05,83.88,0.34,27.64,1,252.67,234.67,164.67,"SIVà15 SVNIW 0l""looy OM' MnWiauoiiu 1 [Wo/0ny ly Goaon Bov Ddvozu Dniooiony Ooul {omwwswmn  1 7ooyooyoio QVFVo Cysol eiln 9135968*98886 0806/*0/91 Olol/so/41 eae 00 Dida PV P104 {661/10/06 Dicigo) sdiodim anaon Oyen noinp00n02 70 05184474 /75n7277 87n40 /ovovir7qvh 70 7vnoisyn Vaitxv) a Oy""",43,0,0
aug_cnh_153.jpg,175.0,292.0,138.0,138.0,5.32,68.97,20.29,0.64,0,229.67,230.67,228.0,"#evobliC fEuerativa Do *ia841 8rf 99 2 {o Caritipakacicaal Ex Hashuitaciojdpiverlicesse/permisooe Conducci6y LKsa {,0/03/1990 Biros Jsaya f677ss7wzz 64/51/2082 [,8,748,376 {27.806.31507 6164/398700 | 1 1 1 MINAS GERAIS",27,0,0
aug_cnh_154.jpg,58.0,74.0,94.0,94.0,3.23,8.4,3.17,2.61,1,252.67,236.33,168.67,05 1 1 1 1 8 1 5 1 8 1 ; 1 HIHI : P | 8 3 0062992562 006299z567 iynoijea Qinoiinnal o qgolnn} Vuijya,26,0,0
aug_cnh_155.jpg,866.0,549.0,107.0,107.0,6.44,21.19,3.3,3.67,0,226.67,228.33,235.33,Yauba &xTGuu 8 Itamirorio KacibKal 2952662900 2952662900 iksPk RE 1 11 PRpR  1 1,14,0,0
aug_cnh_156.jpg,180.0,296.0,125.0,125.0,7.5,81.98,18.48,1.81,2,213.33,222.67,19.67,"REPÚBLICA FEDERATIVA Do BRASIL ministerio Dos TRANSPORTES BR SECRETARia Nacional DE TRanSito carteiranacIonal DE HaBILITAÇÃO / DRIVERLICENSE / PERMISO DE ConDuCCIÓN Nomee SoBRENOME HABILTAÇAO Agatha Nogueira Daia [ocaleuf denascimewio 20/09/2004 Paz das Flores Daiaeuissac VAlidade 15/03/2023 12/03/2033 1 DOC IDENTIDADE / ORGeVissor / Ue 37.473.350 - IPF NC pegistpo e 1 357.041.298-97 53189506449 NacIOnALIDADE BRASILEIRO(A) FILIAÇO : 1 Sr. Mathias Castro 3 Maria Luisa Campos 1 galhaYoqueira Assinaturadoporiador ACC Ee OBSERVAÇÔES AssInADO DIGITALMENTE DgpariangmoesiADuA IRAsuo LOCAL 4336+407081 | BELO HORIZONTE, MG MG681606770 MINAS GERAIS d CPY",86,0,0
aug_cnh_157.jpg,169.0,289.0,149.0,149.0,6.99,81.98,18.49,1.82,2,238.33,245.67,22.33,"REPÚBLICA FEDERATIVA Do BRASIL ministerio Dos TRANSPORTES BR S ECRETARia Nacional DE TRAnSito carteira nacional de Habilitaçio / DRIVERLICENSE / PERMISO DE ConDUCCIÓN Nomee SoBReNOME HABILTAÇ^O Dra. Hellena Sousa Daia Localeufdenascimevio 28/09/1953 Rocha das Flores DaiAeuissac VAlidade 22/09/2024 20/09/2034 1 DoCioeniDADEhorgenissor(UE 93.732.728-4SSP NPegistpo e 283.170.549-50 44304438735 1 NacionAlIDADE BRASILEIRO(A) FiLIAÇAO 1 1 Bruno Andrade Eduarda Novais 1 Dra - Xallno Yousa AssinaiuraDo PoriaDoR ACC Ee OBSERVAÇOES AssinaADO DICITALMENTE DePaRIAMENIO {SIADUAl IRasuo LOCAL 4336+407081 1 BELO HORIZONTE, MG MG681606770 MINAS GERAIS d CPY",82,0,0
aug_cnh_158.jpg,175.0,293.0,143.0,143.0,8.48,61.11,23.66,2.56,0,215.0,157.33,218.33,cshteirs nachenal E€ 7abilitacio 7oriver LiceysE 7Permso deconeuccibx ln [270_Jlzmn E25s 622 {22415226420 | @ 5 | MINAS GERAIS,19,0,0
aug_cnh_159.jpg,185.0,305.0,118.0,118.0,9.17,82.25,18.74,2.09,2,237.33,247.67,9.67,"REPÚBLICA FEDERATIVA Do BRASIL ministerio Dos TRANSPORTES BR 5 ECRETARia Nacional DE TRAnSito carteiranacional de HabilitAçio / DRIVERLICENSE / PERMISO DE ConDUCCIÓN Nome [ SobRenoME HABILTAÇ^0 Maria Sophia da Cruz Daia [ocaleufdenascimewio 02/05/1965 Fogaca do Sul Daiaevissao Validade 1/05/2017 09/05/2027 1 DoCioeniDADEhorgenissorUE 99.867.613-3PC Ne Pegistpo e 751.840.936-48 35315009826 1 NacionAlIDADE BRASILEIRO(A) FILIAÇO 1 1 Joao Guilherme Pinto Gabriela Borges 1 Jque % 87 ASSINATURA DO PORIADOR ACC E Ee 5 OBSERVAÇÔES AssinADO DICITALMENTE DePaRIAMENIO {SIADUAl IRasuo LOCAL 4336+407081 1 BELO HORIZONTE, MG MG681606770 MINAS GERAIS d (PY",87,0,0
aug_cnh_160.jpg,873.0,558.0,92.0,92.0,8.48,42.68,3.85,4.4,2,240.0,249.67,6.67,Valida EM Todo 0 TerritÓrio MACIONAL 2952662900 2952662900 1 ; 1 1  8 ; 1 In | 2 1 1 5 2 4 1 1 ; p [IFF ? 5 1 1 { HI 28 | 1 5 1 1 1 7 1 II | 5 1 L 39,49,0,0
aug_cnh_161.jpg,874.0,563.0,90.0,90.0,9.31,32.42,4.09,4.73,0,217.0,220.33,221.0,VaivaFM Tauo 8 {tarilbru Maciukal 2952662900 2952662900 Klkh @h 1 ; ; | Hilillshh] 8,15,0,0
aug_cnh_162.jpg,,,,,10.61,67.07,3.96,25.91,0,155.0,158.0,162.0,Sivaz9 SVNiW 1 | a #913287*03300534/35409/7840 /01 2y/7fovi3q 740n 1aiv?,10,0,0
aug_cnh_163.jpg,176.0,292.0,137.0,137.0,6.53,60.84,18.75,1.47,0,226.33,228.0,235.33,"RFFUBLiCA FCDERATIVa Do Brasfl {steaioC8s Trnspor{ Qwaur Len Cakteira nacionat de HAbilfiaÇIo / DrHErLICENSE / Perhiso De Cowoucclón { Banca,do Rocha 7o3/09/1878 Morquns Granoe {05/12/2022 {o3/i2/2032 [s2015_4i 872.540.681-85 84132381815 Lisysos 1 1 Caleb:Olivelra Harlo Mcura 9 1 E | MINAS GERAIS Allce",42,0,0
aug_cnh_164.jpg,30.0,492.0,58.0,58.0,5.14,18.65,5.62,1.22,1,237.33,235.33,161.0,C c 0062992562 0067 ivmWiovm Wiu0iiuuj 0 QuolVivuliva 1 2 1 2 2,13,0,0
aug_cnh_165.jpg,873.0,558.0,91.0,91.0,6.6,29.98,3.64,3.63,2,252.67,247.33,19.0,"VaLIDA EM TOdo TerritÓrio NACIoNAL 2952662900 2952662900 { "" 1 1 1 ; 1 JIn | 2 5 1 8 2 4 i ; p 1 5 TFREE { 2 K R0 Ri { 1  ;: 1 ' 1 1 1 1 JI  1 2 1 1 9C 1",49,0,0
aug_cnh_166.jpg,9.0,48.0,110.0,110.0,10.37,36.43,7.48,9.07,2,238.33,243.33,14.33,1 9 1 Mu 1 ! 1 1 1 8 | 5 I 9 [ { 1| 1 ; 1 8uh 9 Hi 1 #i 9 H IL 1 1 [ 1 1 0062992562 ivnoisuk oiuo 1 8,38,0,0
aug_cnh_167.jpg,169.0,290.0,146.0,146.0,4.33,81.71,17.33,0.05,1,240.33,246.67,94.67,REPÚBLICA FEDERATIVA Do BRASIL ministerio Dos TRANSPORTES BR SECRETARia Nacional DE TRansito carteira nacional de habilitaçio / DRIVER LICENSE / PERMISO DE ConduCciÓn NomeesobReNOME Kadilitacao Ana Cecilia Siqueira DAIA [Ocnl f Uf De Nascimenio 11/09/1970 Novais Daiaeuissac Validade 19/07/2018 16/07/2028 1 8( DOC IDENIIDADE / ORG evissor / Uf 53.101.370-9PC 4d CPF NC Pegistpo e 742.901.386-40 68742810435 1 NaciohalDADE BRASILEIRO(A) FilIAÇAO 1 1 Andre Leao Srta Ana Cecilia Casa Grande 1 Bccihia Jiquaira assinatura Do PoriaDoR ACC 2e OBSERVAÇOES Assinado DICITALMENTE ; DePaRIAMENIO {SIADUAL IRAsuo LOCAL 43361407081 BELO HORIZONTE; MG MG681606770 ' MINAS GERAIS,94,0,0
aug_cnh_168.jpg,171.0,293.0,142.0,142.0,3.88,77.1,14.36,0.01,1,240.0,247.33,158.33,"Pepgblica Federativa Do Brasil 7is7eeio Dos Teahspoetes BR Seceetaea Waciowal 0e 7eans77o Capteirancional de habiutacio / Drner VcensE / permiso dE ConDUCciÓn Haketso Vovcncak Vrraalse 12/03/2003 Corno & 6/9/2016 07/91/20/26 90.724769~Zipcd J 028,945,157-20 14918206528 Byasileifoka) 0 1 Sorhuai Jan Dro Soro Pion 1 0 ; RelohoevonilVC ; MINAS GERAIS",49,0,0
aug_cnh_169.jpg,182.0,304.0,122.0,122.0,3.75,42.68,11.2,0.75,0,231.0,230.33,236.33,"REPÚBLJCA Federativa Do BRASIL ERiu Dos Transfcrtrs {lional Df transiro carteira Nacions_ dehabhlftacho ? druver license / Permiso De conoucción Blonça Yasconcelo? {220s/198z Siqueira {25/19/202' 24/10/2031 [47.,634.152 4[lfD 816.048.733-83 64599102770 #xasil 1 | Asgie da Costa Luono Mouro 0 | MINAS GERAIS",42,0,0
aug_cnh_170.jpg,168.0,288.0,149.0,149.0,6.68,59.35,19.1,1.49,0,227.0,228.33,226.67,RE PÚBLICA FEderativa Do' 5 BASiL 15t28{8 8 0siranspopies Fiomal ofransutn CaRtera nacional de habiltacao / Drier License} perhaso DE ConDuCCiÓn Novoos [20/06/1977 Castro [21/01/2016 58/01 /2026 [42549.906-3DETRAN {58s.012 {793-68 58751913112 [xsn 1 Arlhur Milgudt Costela Lunna Brito 1 1 | MINAS GERAIS Lao,44,0,0
aug_cnh_171.jpg,873.0,558.0,97.0,97.0,2.59,9.18,1.8,1.88,0,233.0,233.67,236.33,"""aloa Em Iguo 0 Territorio Xacional 2952662900 2952662900 1 1 { 1 HEE 1 1 1 1 1",18,0,0
aug_cnh_172.jpg,872.0,555.0,94.0,94.0,12.6,47.46,5.56,6.86,2,173.67,181.33,10.0,"Valida EM Todo 0 Teraitorio MacioMAl 2952662900 2952662900 { | 1 | f 1 JI 1 1 2 =   11 ; 1 { 2 ; ; 8 TE 1 H8 { | 5 7 1 9 1 2; 1 20 |  1 5 "" 2 II | 5 k 1 L 05",52,0,0
aug_cnh_173.jpg,61.0,77.0,88.0,88.0,8.0,41.89,4.25,3.98,2,225.67,233.67,9.67,1i 7 1 1   II < 2 1 1 1 8 1 é 1 8  1 1 ' 2 2 1 88 | 5 JL Hf p 2 ; 9 2 3 # | | 1 1  | 9 ; 0062992562 0062992562 Ivnoijvk oiuqliuu3l 0 0001 WJ VOIJVA,48,0,0
aug_cnh_174.jpg,176.0,297.0,135.0,135.0,8.46,100.0,33.88,0.89,1,182.0,197.0,171.33,Pepgblica Fedepativa Do Bpasil 0is72eo 0os Teaspoetes BR SeCetAeaaciomal 0e 7es7o Capteiranacional de habiutacio / Drner LicensE / Permiso de CondUCciÓn 9 Monuoilo Bon e  19/66/1980 Vcroiro 12/66/2017 1o/cs/200 1 Ar 512434828222 W 1 25101 24862 76006212251 Basileifo(a) Aloo 1 | Enrks Voro fomnondo {csco 1  Ha E Es F ; KelohoevonilVC Waiaonn ã MINAS GERAIS Ba,57,0,0
aug_cnh_175.jpg,872.0,557.0,92.0,92.0,6.61,22.75,3.16,3.53,0,223.0,225.0,224.33,Yauida En T0do & YMAFORIQ Saciumax 2952662900 2952662900 Muphrbl @ 1 1 g { | ( Hikk8| { @ 1,20,0,0
aug_cnh_176.jpg,174.0,292.0,140.0,140.0,7.01,81.98,18.23,1.55,2,229.33,236.67,29.0,"REPÚBLICA FEDERATIVA Do BRASIL ministerio Dos TRANSPORTES BR SECRETARia Nacional DE TRansito carteira nacional de Habilitaçio / DRIVERLICENSE / PERMISO DE ConDUCCIÓn Nomee SoBReNoME KaBILITACAO Emanuelly  Correia DAIA [Ocl f Uf De Nascimenio 28/06/1962 Silva DaiAeuissc Validade 12/06/2017 10/06/2027 1 DoCioeniDADehorgenissor (UE 73.115.728-8PC Nª REGISTRO e 076.429.385- 56088120707 1 NacionAlIDADE BRASILEIRO(A) FILIAÇAO 1 1 Vitor Moreira Sra_ Isis Cavolcanti 1 Smanucllt Gorneia AssiyaiuraDo poriador ACC Ee OBSERVAÇOES AssinaDO DIGITALMENTE DePaRIAMENIO {SIADUal IRasuo LOCAL 4336+407081 | BELO HORIZONTE, MG MG681606770 MINAS GERAIS d CPY Joao",84,0,0
aug_cnh_177.jpg,,,,,6.45,58.4,1.5,18.72,0,226.33,228.33,235.33,SiVà39 SVNIW | ! StczISd #JVSIN 21u92iqaca '0alo) | 5 0524721782} 2-92i40:64 O8{-Vs1 Za5; s207/90/9z EzDZ/ 90/62 0i8ao %P cubby 9681/20/50 caUTSnI N61)2/0n0)30 054838 /3543247 436800 /0v 5wlu78v430 7Ynoi?y Pxi3ixy) Jisvva 00 YMiyaaou4 Yahaodaj,34,0,0
aug_cnh_178.jpg,,,,,3.21,19.82,1.82,1.25,1,238.33,239.67,162.0,Valida EM Todo 0 Territorio Macional 662900 2952662900 2 1 1 ; 6 F # 2 ; í ª 1 1 1 7 [ 1 1 1 4 8 8 8 1 | 3 5 1 1 1 [ 1 1 1 1 { 1 1 1,47,0,0
aug_cnh_179.jpg,232.0,309.0,194.0,194.0,6.55,79.81,27.78,0.02,1,237.33,242.67,166.33,"Fepuelica Fedebatiya do 02 Crartero Boreseoe7es Sececnaai 0e OxMOOMLlE 38-doilenbioEz aaa Koe 43/2/23 jlz 2re4 4,2]4 Bains 1 Tr 1 2 B",22,0,0
aug_cnh_180.jpg,176.0,295.0,137.0,137.0,7.19,81.98,18.49,1.82,2,238.33,246.33,13.0,"REPÚBLICA FEDERATIVA Do BRASIL ministerio Dos TRANSPORTES BR SECRETARia Nacional DE TRAnsito carteira nacional de Habilitaçio / DRIVERLICENSE / PERMISO DE ConDUCCIÓN Nomee SoBReNOME HABILTAÇ^O Luiza Araujo Daia Localeufdenascimevio 03/05/1995 Cavalcante Alegre Daiaeuissac VAlidade 01/08/2021 30/07/2031 1 DoCioehoaoe Orgenissor(UE 72.304.309-7 IIRGD Ad @PC N"" REGISTRO e 570.683.492-00 58489935429 1 NacionAlIDADE BRASILEIRO(A) FILIAÇAO 1 1 Dr. Caleb da Mata Maria da Cruz 1 drauic AssinaiuraDo PoriaDoR ACC 2 Ee OBSERVAÇOES AssinaADO DICITALMENTE DePaRIAMENIO {SIADUAl IRasuo LOCAL 4336+407081 1 BELO HORIZONTE, MG MG681606770 MINAS GERAIS",83,0,0
aug_cnh_181.jpg,874.0,559.0,91.0,91.0,3.52,9.18,2.86,3.02,1,252.67,236.33,166.33,(auba Ea I0b 1e2276eo 2952662900 2952662900 1 1 0 L 2 2 1 ; 2 1 7 | 1 9,20,0,0
aug_cnh_182.jpg,873.0,558.0,92.0,92.0,7.24,29.39,3.63,3.6,2,253.0,248.33,23.33,VaLIDA EM TOdo TerritÓrio NACIoNAL 2952662900 2952662900 1 1 1 1 1 JIn | 2 5 ' 8 2 4 i ; 1 TEEE { 2 K Itl R 1 H ;: 1 p 1 1 1 : JI | 2 5 1 1 é 1,46,0,0
aug_cnh_183.jpg,180.0,299.0,125.0,125.0,5.27,81.98,17.84,0.37,2,250.33,248.0,37.0,"REPÚBLICA FEDERATIVA Do BRASIL ministerio Dos TRANSPORTES BR S ECRETARia Nacional DE TRansito carteira nacional de habiltaçio / DRIVER LICENSE / PERMISO DE ConduCciÓn Nomee SoBReNOME Madinitacao Rafael Camara Daia Loealeufdenascimevto 22/08/1951 da Cunha Daiaevissac Validade 06/09/2021 04/09/2031 1 DoCioeniDADehorgevissor (UE 65.939.871-9SSP 4d CPF NPegistpo ne 012.349.578-41 07278766190 1 NacionalidADE BRASILEIRO(A) FiLIACAO 1 1 Andre Sampaio Ana Luizo Pires 1 Yadl Bamara AssinaiuraDo poriador ACC 2 OBSERVAÇOES Assinado DICITALMENTE Upahnkknina IRasuo LOCAL 4336+407081 1 BELO HORIZONTE, MG MG681606770 MINAS GERAIS",80,0,0
aug_cnh_184.jpg,60.0,74.0,88.0,88.0,8.42,29.88,4.12,3.84,0,229.67,230.67,236.33,"2 1 | 8 ; ; [ 1 1 ;,  H4 Hny Vi p 2 ' 1 1 2 1 g] 0062992562 0062992562 01214 Oiugkueai @ 200l WB Vonya",29,0,0
aug_cnh_185.jpg,52.0,355.0,29.0,29.0,10.39,80.08,39.18,1.01,2,172.33,165.67,12.33,ministerio UUa DE TRAnS17o SECretsrEa NaCional DE HABILTAÇÃO / DRIVERLICENSE / PERMISO DE carTEIRANACIONAL D 1noMe E SOBRENOME Luiz Miguel Goncolves Nascimento 3 Daia LOCA Ufde PB 07/12/1998 Sllva 48 DAIA EVissao ValiQaDE 24/12/2021 22/12/2031 1 4C DOC IDENTIDADE ORG {VIsSor / Uf (96.754.102-3iPf SP Ad (Pe 5w reglstRo 038.469.251-60 94554885948 1 NAcIoHAUDADE BRASILEIRO(A) ; 1 Juan Pimonta 2 Dra. Manuela Fonseca 1 Abole assinatUra Do PoriADOR AC Cie D1e ObservAÇOES 8,72,0,0
aug_cnh_186.jpg,628.0,215.0,53.0,53.0,7.34,39.65,3.74,4.24,2,238.33,247.0,13.0,Valida EM Todo 0 TerritÓrio MACIONAL 2952662900 2952662900 { 9 1 1 F 1 1 1 2 1 1 A/  K II 4 1 HE 1 : 1 ; { : 5 1 2 1 8 { 1 1 7 1 1 1 1 1 8 II | 1 L 89 5 1,53,0,0
aug_cnh_187.jpg,876.0,560.0,89.0,89.0,3.33,10.16,2.06,2.04,0,226.33,227.67,236.0,Yhatae Erigau # tpoittete 2932602009 2252662884 1,7,0,0
aug_cnh_188.jpg,61.0,75.0,89.0,89.0,4.7,14.65,3.08,3.07,1,237.33,246.67,168.0,1 9 1 43afzr 3 006z99zs6z 006z99zs6z Kanauu,8,0,0
aug_cnh_189.jpg,873.0,559.0,89.0,89.0,5.85,24.8,3.56,3.54,2,253.0,247.67,29.0,"VaLIDA EM TOdo TerritÓrio NACIoNAL 2952662900 2952662900 { "" 1 1 1 1 JIn 2 1 2 5 9 7 2 ! H8 :; ; Hi UI : H { 2 8 R5 1 1 ! HH ;: 1 2 1 1 8 1 5 JI  1 2 1 1",50,0,0
aug_cnh_190.jpg,174.0,295.0,140.0,140.0,10.91,100.0,34.52,2.32,2,207.67,218.0,7.33,"REPÚBLICA FEDERATIVA Do BRASIL ministerio Dos TRANSPORTES BR 5 ECRETARia Naciona L DE TRAnSito carteiranacional de HabilitAçio / DRIVERLICENSE / PERMISO DE ConDUCCIÓN Nomee SOBRENOME KABIUTAÇ1O Lavinia da Cunha Daia [ocaleuf denascimenio 06/10/1987 da Luz de Peixoto Daiaeisseo Validade 24/05/2019 21/05/2029 1 DoCioenDADEhorgevissor UE 40.564.683-6IPF Ad@PC N Pagistpo e 1 370.962.845-83 36771953660 NACIONALIDADE BRASILEIRO(A) FILIAÇO 1 1 Guilherme Macedo Mariah Borges 1 Yauinla Bunhe Assinaturado poriador ACC E Ee OBSERVAÇOES AssInADO DIGITALMENTE DgpariangmioesiADuA Iphsuo LOCAL 4336+407081 | BELO HORIZONTE, MG MG681606770 MINAS GERAIS",83,0,0
aug_cnh_191.jpg,874.0,558.0,88.0,88.0,7.96,27.34,4.28,4.18,0,218.0,220.67,221.0,"Ca3ra emaeu & Itrreen 2952662900 2952664900 ""avh 1 arhns",9,0,0
aug_cnh_192.jpg,170.0,294.0,158.0,158.0,7.64,63.55,24.28,1.84,0,210.67,213.67,167.0,"PerteLiCAFiderativa Do hras{L CARTEIRANACIONAL De HabiliAÇiO / DRWER ECENSE / PeRmISO CeConDuC {mon 62275 [/72222_JE//2932 E2""13_7inc 5 Bo21s59 {,7655787031 @22 2 1 Iynor Huao viapg una sllya 5= E 32 1 2 22 2 [ achadó",36,0,0
aug_cnh_193.jpg,,,,,7.83,87.8,0.86,48.55,1,226.0,226.33,225.67,1no7hok0730 a8oro9rosw : DS ozIn] Duy Duen9 uuex] 1 {oaiausya 99S06s LSIys OS-S6L*780* 9Y! NYàLJO{-678*9L5*69 vcoz/s0/80 +zoz/50/01 #pudj9 028490d 0661/71 /80 udissd) In Duy 7 NOI))n0N0) 70 0Si/*83d / 3SNZ217 *7A1*0 / OvÍYLI7IªYH 30 7YNOIJYN Y4I7LXV) OLiSNVa1 90 7ynolvn V14v1w9as sJ1*ojsNva1 50o oi8115741 84 7syà8 00 VAl1va3034 Y2179o438,48,0,0
aug_cnh_194.jpg,173.0,293.0,140.0,140.0,7.03,81.98,18.49,1.82,2,238.67,248.67,163.0,"REPÚBLICA FEDERATIVA Do BRASIL ministerio Dos TRANSPORTES BR SECRETARia Nacional DE TRAnSito carteira nacional de Habilitaçio / DRIVERLICENSE / PERMISO DE ConDUCCIÓN NomeesobReNoME HABILTAÇ^O Levi Moraes Daia Localeufdenascimevio 25/01/1973 Sa da Mata DaiAevissac Validade 04/04/2024 02/04/2034 1 DoCioehoaoe Orgenissor (UE 86.968.267-OIIRGD 4d [PF NPEGistpo e 078.296.451-67 78635863126 1 NacionAlIDADE BRASILEIRO(A) FiLIAÇAO 1 1 Bryan Abreu Ana Guerra 1 cu6 Monaes AssinaiuraDo PoriaDoR ACC E Ee OBSERVAÇOES AssinaADO DICITALMENTE DePaRIAMENIO {SIADUAl IRasuo LOCAL 4336+407081 1 BELO HORIZONTE, MG MG681606770 MINAS GERAIS",80,0,0
aug_cnh_195.jpg,356.0,499.0,78.0,78.0,5.83,20.7,2.91,3.84,1,236.33,240.0,160.0,"E5 3 006,79976,4 0064)",4,0,0
aug_cnh_196.jpg,171.0,293.0,144.0,144.0,7.68,81.98,18.49,1.82,2,238.67,248.67,14.33,"REPÚBLICA FEDERATIVA Do BRASIL ministerio Dos TRANSPORTES BR S ECRETARia Nacional DE TRAnSito carteira nacional de Habilitaçio / DRIVERLICENSE / PERMISO DE ConDUCCIÓN Nomee SoBReNOME HABILTAÇ^O Marina Montenegro Daia Localeufdenascimevio 08/02/2002 Freitas DaiAevissac Validade 27/04/2024 25/04/2034 1 DOC [DENTIDADE / ORGeVissor / Ue 14.950.646-6PC 4d [PF NC REGISTRO e 672.841.093-78 08510102409 1 NacionAlIDADE BRASILEIRO(A) FiLIAÇAO 1 1 Gael Ribeiro Valentina Montenegro 1 Assiyatura Do poriADOR ACC Ee OBSERVAÇOES AssinaADO DICITALMENTE DePaRIAMENIO {SIADUAl IRasuo LOCAL 4336+407081 1 BELO HORIZONTE, MG MG681606770 MINAS GERAIS Monhoarro",83,0,0
aug_cnh_197.jpg,145.0,342.0,217.0,217.0,6.66,48.92,29.05,0.12,0,216.33,218.67,220.0,"RepubliCa FedfRaTivA Do Brasil Mi87 {rie Gere CakteiRa nactonAl De Kabiutacio /Drnericerse; tga 'PerMso Deco [Gr wanas ESii78 89* {8870872019 7/05/04/2029 {25.961.9,9_ J irgc [224 0 ][Esrsn2s Lsne 1 {Ratael Abrau Menio Mlic# Icixeira 7 [ 5 2 |",39,0,0
aug_cnh_198.jpg,872.0,556.0,94.0,94.0,11.12,44.73,5.34,6.07,2,234.0,243.0,7.33,"Valida EM Todo 0 TerritÓrio MACIONAL 2952662900 2952662900 1 1 1 ! 1 1 1 | | 2 1 1 9 2 9; "" 4 {: ; 8 5 H ; | I ? 5 1 9 ; HI 2 8 1 1 1 1 7 1 II | 5 1 L 39",53,0,0
aug_cnh_199.jpg,88.0,969.0,27.0,27.0,7.41,83.33,46.38,0.75,2,233.33,237.67,177.67,REPÚBLICA FEDERATIVA Do BRASIL ministeRio Dos TRAnSPORTES BR SeCRETaRia nacional DE TRansito carteiranacIonaL DE HABILITAÇÃO / DRIVER LICENSE / PERMISO DE CONDUCCIó Noyeesobrenoye HaBUTACAO Heloiso Alves DAIA [ocA{Uf De Nascimenio 6/05/1977 Ribeiro Daia {Vissao 46 Maliqade ACC 25/02/2023 22/02/2033 1 J( DOC IDeNTiDADE / ORg {VISSOR / UF 51.485.234-sipf MG 4d CPs Skregistro UaT Aab 1 246.831.957-55 64546994000 NacohALIDADE BRASILEIRO(A) Filiaco 1 1 Oliver Martins Hodosso Oliveiro 1 Xeloisa dluc Assinatura Do PoriADOR ACC Cie DiE 12 ObservacOeS AssIMADO DigITALMENTE ; Depariamenio {stadunl De Iransiio 43364407081,86,0,0
aug_cnh_200.jpg,,,,,3.8,41.19,0.61,10.53,0,230.0,231.33,228.0,Siy839 SVNIW 1 1 Zn) DP Dhnf dudh 5 9204953 Yock 1 5 Voxi7 9566*+90880 00-+98 06z {S4 6 d4i6-168*15Z' L9 azer/so/24 sioz/s0/7 sepuew LL6+/01/90 Ots0) Dudn7 Ds N9i2710n0230 0SH838 / 35n7247 83a/80 /ovsvii7gyx 30 7vnoiyn Vhizl:y) 1473 045 1isvaa o0 YMlir#o3 Yon79043a,43,0,0
aug_cnh_201.jpg,179.0,299.0,134.0,134.0,7.04,64.91,19.35,1.5,0,227.67,229.0,227.0,REPÚblICA FEdERATiva Do BRASIL Unstepio 0o5 (hansnortes SECretaria National OEtravsito Cartefra MACIonal de babilxtaCao /drhver License / permiso de conducciÓn LBelinc Cavakconn [28/95/1991 Fogaco d Campo {;9718/2017 17/10/2027 {1212 982-7ifp [124.569.E03 20441687128 Liisuiroin 9 1 Ranon Nunes Isls Machudo 1 1 [  | MINAS GERAIS,45,0,0
aug_cnh_202.jpg,178.0,300.0,130.0,130.0,8.81,59.35,22.48,2.32,0,219.67,222.67,222.67,REPUBLiCa +EdErativa Do BRAS;L 16440 Earteira nacional De aabilitacho /orex UcENSE / Periiso De coniuccien [r 5c {1/c6/1982 [28787/2922 712/03/2033 E26217-?uR60 Lêasoznzies 1 {Nanhan dos Sara Rics 1 5 | MINAS GERAIS @ssa0  Cns,34,0,0
aug_cnh_203.jpg,177.0,295.0,132.0,132.0,4.57,76.83,17.14,0.32,1,243.33,247.0,160.0,"Repuwlica Federativa Do #rasil Mie7evio 0og 7yanayoa7es BR Secueavia Nacionai D 7eaneno carteira nachonal de Habhltacao /driver License / perMiso de Conduccion Nomefeorehome Lale Cavalcant Va fnFteVasi iMa6tio 16/12/1061 Arouio Mpnuen 26/09/2010 22/09/2020 Dovoetaiiaeneyopueyissoryn 86,771200 Jinco W06usieo 107 486 862=10 20281006742 Mkasileivoca) 1 Kaiqus Rodriguss 2 eabrina Moraee aanahaenlo Eeuconcilewi iewioesieiaa DeTranesino 11161107001 1 WelovogvomieMg Mg6ai606io MINAS GERAIS",58,0,0
aug_cnh_204.jpg,147.0,303.0,191.0,191.0,6.26,67.34,44.2,0.95,1,231.33,228.33,159.0,Menisterio Do DE BR dE hAbilitacio | Lois de condUCCiÓ] 01 1/12/1958 1 1/os4290 MS 1/08/2017 09 ACC 48.503.699-1 68 1 4d CPF SSP AC Sx 780-49 CT 1 1 [Dow Lu 1 Ano Liz acC 'Gie REPÚBLICA FEDERATIVA BRASIL Dos SECretaria TRansPORTEs Nacional Transito CARTEIRA NACIONALD /DRIVER L LCENSE | Romees Sobeinowe [PERHISO [ Cirino Mabiitacao OAIA ocAeue Jasciexio Comoro Alegre Valiqaoe /08/2027 DOC Fioektioadet evissor / UF 215.946. Registro 72836810032 Naciohalioade) BRASILEIRO(A) Lucos Silvo Dra. Noscimento Yaie Biino Assiratura  PoriaDOR],82,0,0
aug_cnh_205.jpg,510.0,637.0,121.0,121.0,8.13,58.67,1.46,42.16,2,234.0,238.67,10.0,20 wnayis) 101 1 53097887580 LOOYINOe 00 YnlynISSY UoL C01ups 1 oudissd] Dududn 3 SBDAoN PJosy] | 1 (vodiztisyaa JOHOITYhOI YN 1 92-Z+1*975*068 77{61vos690 @yM 1Y0 Q9Uiiç-917'*988*86 1 Jd {vosSIM LS 210z/90/z0] Fiyo JOrdITYA 0661/10/1z Odwd) OP Doesuo} 06 SBwoo uduoy Y8 [J0 10 Ods n ibolovrocey ousnY Oinvavya)o '7lonoh 01a nnyuoia{ OoYhISSY 04157910  (080/ Joraumai J00 Ezoz /so/ Ossin Yira € 7901 OinanDsYN [ Jnovi JnovJnos '7YNOIJH YYiJLYY? 1/ovsyl/igyhz 1Y3A/40/ /35N32/78 Oyovinidyh osIIY3d | V1av114215 Noi))n0no)100 ivnoidvn oia]1Siniw voi7aod14 soa O1isnya1 Nvd1 [1011 5114 VAIVd,86,0,0
aug_cnh_206.jpg,177.0,296.0,133.0,133.0,6.39,80.49,18.35,1.08,1,247.67,250.0,10.33,REPÚBLICA FEDERATIva Do BRASIL Nisterio Dos TRanspoRTEs BR SeRetaria Nacional De TRansito CARTEIRANACIONAL DE HABIUTAÇÃO / DRIVER UCENSE / PERMISO DE ConDUCCIÓN o Fi Mothios Pimento Daia loneuedenascinenio 07/07/1951 Rocha uroag Muqao 31/05/2022 28/05/2052 1 DOioentioade / O6o eMissor/Uf 14565.961 SiiRgd J( Reisno Cfhs 1 618.920.455-89 06363746668 ll BRASILEIRO() Flir0 1 1 Guilherme Rorende Anlonella do Conceicoo 1 Ponend vaneanonauanos Oasekikies Anadodeinvenit Demrianeniotsudl  Ianvio ocan 4104407081 1 Btlonoklonil MG Mcosicoo7o MINAS GERAIS,72,0,0
aug_cnh_207.jpg,177.0,296.0,131.0,131.0,7.08,81.98,18.49,1.82,2,238.67,248.67,157.0,"REPÚBLICA FEDERATIVA Do BRASIL ministerio Dos TRANSPORTES BR S ECRETARia Nacional DE TRAnSito carteira nacional de Habilitaçio / DRIVERLICENSE / PERMISO DE ConDUCCIÓN Nomee SoBReNOME HABILTAÇ^O Vinicius Porto Daia Localeufdenascimevio 16/05/1952 Pereira DaiAeuissac Validade 13/03/2019 10/03/2029 1 DOC [DENTIDADE / ORGeVissor / Ue 25.181.773-9PC NPegistpo e 754.086.931-39 67723489806 1 NacionAlIDADE BRASILEIRO(A) FiLIAÇAO 1 1 Paulo Melo Mirella Rezende 1 UinicusPonbo Assiyatura Do poriador ACC Ee OBSERVAÇOES AssinaADO DICITALMENTE DePaRIAMENIO {SIADUAl IRasuo LOCAL 4336+407081 1 BELO HORIZONTE, MG MG681606770 MINAS GERAIS d CPY",82,0,0
aug_cnh_208.jpg,,,,,3.59,8.69,1.16,2.76,0,222.67,223.33,222.67,2952662900 562900 @ plb#k [ [ | 1 { AFER Klherk] 5 Il 8 1 1 é |,18,0,0
aug_cnh_209.jpg,874.0,557.0,91.0,91.0,7.62,39.65,3.74,4.24,2,238.67,248.67,16.33,Valida EM Todo 0 TerritÓrio MACIONAL 2952662900 2952662900 1 ; 1 1 1 8 H 2 1 1 A/ { 7 II 4 TER 1 : 1 ; 1 1 1 2 1 8 9 1 1 7 1 1 7 II | 1 L 89 5 f 1 1,50,0,0
aug_cnh_210.jpg,173.0,293.0,138.0,138.0,7.15,81.98,18.49,1.82,2,238.33,248.67,14.0,"REPÚBLICA FEDERATIVA Do BRASIL ministerio Dos TRANSPORTES BR S ECRETARia Nacional DE TRAnSito carteira nacional de Habilitaçio / DRIVERLICENSE / PERMISO DE ConDUCCIÓN € 1 nome [ SobREnoME HABILTAÇ^O Ayla Rodrigues Daia Localeufdenascimevio 29/04/1993 Costa de Siqueira DaiAevissac Validade 18/04/2018 15/04/2028 1 4c DOC [DeNTIDADE Orgevissor UE 35.206.359 - DETRAN 4d [PF NPEGistpo e 409.516.327-52 73827406769 1 NacionAlIDADE BRASILEIRO(A) FILIAÇAO 1 1 Sr. Emanuel Aragao Sra_ Olivia Ferreira 1 Rodriques AssinaiuraDo PoriaDoR ACC Ee OBSERVAÇOES AssinaADO DICITALMENTE DePaRIAMENIO {SIADUAl IRasuo LOCAL 4336+407081 1 BELO HORIZONTE, MG MG681606770 MINAS GERAIS",89,0,0
aug_cnh_211.jpg,62.0,75.0,87.0,87.0,4.52,15.92,3.21,3.45,1,253.0,241.33,158.33,"05 1 1 1 1 8 8 5 1 { 1 8 p 1 ; 1 "" JHU "" H4 1 N | H 8 1 8 1 0062992562 006299z56z Ivnoijvn Oivoliuval 0u0l W} Voi]va",35,0,0
aug_cnh_212.jpg,172.0,293.0,142.0,142.0,11.45,100.0,34.86,2.45,2,180.33,194.0,178.67,"REPÚBLICA FEDERATIVA Do BRASIL ministerio Dos TRANSPORTES BR 5 ECRETARia NacionaL DE TRAnSito carteiranacional de HabilitAçio / DRIVER LICENSE / PERMISO DE ConDUCCIÓN Nomee SobRENoME KABIUTAÇAO Caue Montenegro Daia localeuf denascimenio 22/02/1987 Lopes do Sul Daiaeuissac Validadc 19/03/2017 17/03/2027 1 DoCioenDADEHorgevissor(UE 74.889.193 - DETRAN 4d [PF N"" ReGiSTRO e 1 975.182.304-88 49840788501 NACIONALIDADE BRASILEIRO(A) FILIAÇIO 1 | DanteBrito Srta_ Zoe Moura 1 BauesMlonloneqn assinaturadoporiador ACC E Ee OBSERVAÇÔES ASSINADO DICITALMENTE DgpariangmioesiADUA IRAsuo LOCAL 4336+407081 | BELO HORIZONTE, MG MG681606770 MINAS GERAIS",81,0,0
aug_cnh_213.jpg,171.0,293.0,142.0,142.0,6.18,54.2,17.72,1.71,0,222.33,224.33,224.33,Repoblica FfdfRAtLvA Do B RASH Srio 94 Carieyra NACHonal DEFABvTACio7 € RIVEKUCEASE/ PtrMsoDe conoeccian {Bxgi Monm {i9/92e do Deste Esro/zsis_JEns/292s E=2 {102348222 [2s3si72 @2 9 | 1 MINAS GERAIS Diaz,30,0,0
aug_cnh_214.jpg,176.0,296.0,133.0,133.0,6.96,68.56,19.69,1.45,0,233.0,233.0,236.33,REPÚBLICA FEDERATIVA Do B RASIL N1s7er1o 0os TransporTEs BA Secretaraacional Deiransito carteira nacioNal de habilitacio /driver License/ PerMiso de conduCción Coue da Cruz 06/12/2001 Aragao {24/09/2021 22/09/ 2031 [17.976.339-6SSP MG 071.346.285-07 39109813101 1 8RASILEROEA) 1 | Davi da Mota Agatha Lopas 1 | Elc Moriontl MINAS GERAIS,47,0,0
aug_cnh_215.jpg,174.0,312.0,157.0,157.0,4.84,54.47,19.82,0.44,0,216.67,219.0,220.0,Repusli2f rfo5e7 cxHnaanatls Protscast 35 @2 Jenie 142s Ga2 9 30922 1 1 Faur 1 2 24 Here { 2 9 ; 22,23,0,0
aug_cnh_216.jpg,174.0,293.0,138.0,138.0,7.23,63.28,19.72,1.48,0,227.67,229.0,227.0,"REPÚBLICA Federativa Do BrASTL IERio Dos (rahs 85""2R1970 Nagioral carteira aactonal de habilitacao /driver License / Permso de conduCciÓn : da Cunha {26/06/1979 Sllya dé Brito [25/08/2020 123/08/2030 E72 si {375. 408.692-83 28056972848 1 Andrs Vieira Jade-Araado [ | MINAS GERAIS {worceie {""Rasine n 1",45,0,0
aug_cnh_217.jpg,,,,,3.89,65.45,0.19,23.6,1,237.0,244.0,155.67,"cv Dw 'inWimo @tmovidvow imooy+ l> ojoouciuoh Buoiinf Jaduv Oysviwa (ominiivmw Vyy 60is= Oo ""9o/ 700/ Dono? ouoigod) Dawin /ovovinovh J0 Ovov 1 J0 Vn  Anya V3 opioopddy Woytiliyvodi Dw Oeu Co-LioOyo Gosyl[ovo Cor 0yille 008ino 0C06 0504/00/01 /so/v0 5901 'nonidao 7vnoi)vn xJAiYa / (7Sniji7 OSIWYId / noi))nano)",48,0,0
aug_cnh_218.jpg,58.0,76.0,93.0,93.0,11.72,45.51,6.29,5.72,2,178.67,193.0,177.0,11 1 7 1 |   II < 2 1 1 1 20 I 1 1 ' 5 1 H HBU 1 8 p 2 1 9 ; f1 ; 2 88 3 1 ( 1 { ~ 1  ! 1 | 8 ; 0062992562 0062992562 7ynoijtk oiyqliyyal 0 0001 W3 Voiya | 1,53,0,0
aug_cnh_219.jpg,166.0,240.0,158.0,158.0,6.96,71.95,39.75,0.38,0,226.0,226.33,225.67,"REPÚBlICA FEDERATA B RASI2 BR {sReR'QaCo8na 255""88159+0 01 3EcRetarin CArTEiraNACiONAL DE HABILTAÇiO /DRIVERUICENSE PEBMSo DE coxouccio Sr. Lucca Mendas Frcilas do Prata Go 08/10/1946 (28/06/2023 {23/06/2033 {94.198.595-2SSP AC 476.910.532-07 16000187993 [ BRASILE'ROLN Benicio d0 Paz Dro Eduarda Arogao 1 92 1 2 22 8 Do 1 1 | 1 Esecuy 410440/04",51,0,0
aug_cnh_220.jpg,,,,,6.9,66.4,1.48,20.03,0,227.67,229.0,227.0,"SIVà39 SVNIW | 5 Didh Dp Diydos Djow OibBusiuor oiunn ""S | 1 {Y)0wivy Z76LL+S88IZ {6-265 18+ [90 1 NvulJO&-YOs +{5zz 8zoz/0/ /sc 8102/01 /9 Djirails 656} /vo/z DS 0pa0ujp8 { 4912)70N0230,05/4*34 /35N3217 87N440 / Ov5ygyh 39 7nOIH YUPIHY) 40 4419  7/sva8 od Valiyajod} Y)17aod]d",45,0,0
aug_cnh_221.jpg,169.0,286.0,148.0,148.0,6.28,61.38,19.04,1.45,0,227.0,228.67,226.67,"REfublcafEderativa Do b rasil 59ero0v StokfE SeCket NationalDE carteira nachonal De habiltacho /drwerlcense/ perhiso de cowduccion [sra: Luiza Novcis {i/02/2904 Corrsla 702/+1/2024 31/10/2034 29.705.475-9pC 095.476,132-43 21652308121 1 GS 1 1 Olavio Peixclo Holoisa Machado 1 1 5 | MINAS GERAIS",40,0,0
aug_cnh_222.jpg,171.0,290.0,145.0,145.0,6.61,63.69,18.62,1.47,0,226.67,228.0,235.0,REPoBlica fcuERaTiva D8 BRaSHL Sttrio D05 Rinsfo RKuss Naliok 40 Carteira nacional @e Habhhtacio / driver Ucense/ PeRMaSo De CCNDuCciÓs {utoloise Rereir? {3754242 Barbosa do AmporoRR {01706/2021 {50705/2031 @2 1IFi [23288240 5 83180198523 @22 1 | Jodo Padro Barros Marcela Rodrlques 9 1 [ 1 MINAS GERAIS,47,0,0
aug_cnh_223.jpg,173.0,293.0,139.0,139.0,8.37,64.77,22.88,2.05,0,226.33,228.33,226.33,"REPUBLGCA FEDERaTIvA Do brasil ""io Dos Tp Ns poate PR 70n 7raw Ai0 Cartelra NaCioNal de habiltacio / driver LICENSE / PerMiso De CONDUCCIÓn {LMoría Lauro campos {i7705/2007 Costro da Prala {i0701/2018 08/01/2028 {; 906.644-1 SSP {704.253.961 734 4126784386! utialicfas H F 1 [ | Belouosvo MINAS GERAIS GO (ERasiif!ROLA",50,0,0
aug_cnh_224.jpg,142.0,338.0,162.0,162.0,10.47,71.0,23.83,1.14,2,229.33,231.33,7.67,"REPÚBLICA FEDERATIVA DO BRASIL sEe""nster'erosAse""8r ER BR DE TRanSiT0 CABTERAMCIONALDEHABIUTAÇãO /DRWERL 21noMe ( SOBRENOME {LICENSE / PerMISO DE CONDUCC Rafoel HabiutacAo Qoaleuf DE Nascimento  17/10/1981 1 DatA [Vissko AC 04/07/2017 Valiqade (02/07/2027 ACC Jc DOC 45. ÓRc [VISSOR /UF 1 4d (Pe 104.765.892 -5 58 1 1 Daw Mi9uol 1 ACC C1e Die 8 Corvolho DAIA Compos IDeKiloaDE / ( 618.829-5iPf REGISTFO 65347967390 CTMAB RaCO AlidADE BRASILEIRO(A) Noscimento Sl Soroh Gorvolhe Forios ASSiAUeA Poridoa Obseehkoes , LoCA Bllo MoRzo:",79,0,0
aug_cnh_225.jpg,174.0,281.0,165.0,165.0,4.4,53.39,29.94,0.03,0,229.33,229.67,230.67,"#epuauics Wa ""nasai G OR Narterh nackmue {ah PSWenthctay 'Pirwiso n tuvMatah 404/1947 S {0s-007481, {cavn {y { 234124 24 Jlaon 1 Ihon 4 5 [ ; Kynera Bmnuur&l Mle",30,0,0
aug_cnh_226.jpg,439.0,639.0,112.0,112.0,7.42,81.98,1.84,18.96,2,238.67,243.67,13.67,"SIVà39 SVNIW o8oo9r9esw 9w J1nozidoh 01f) 1 OuskYuL IynayIs} OIMJWYIYYd)0 ainzkiyoia QoyniSSY 53024A83590 EOOYiOa 0aYnnissy 1 Joisdd Djnd] DuDh 5 Dsoh DP |euJqds ozu] Coanasvaa | 1 JoyonykoDyN L9SS ISZOOS8 7i-059*821*648 1 OYM 1Yd 0d151930 X d) Pe Jdlt-L8v*9S6*16 / OSSIM} J80 / Joyoiinjoi Joo > 8z0z/10/11 8ioz/10/51 1 JordiIrA 9r OrssInafiyo € Soie-uqysda PP #Pudj9 Dsd) 6561/11/os Oinjnijsyk (30+031301 Yiva € Oik8 ""'puDxeIv Oysyiridyh , JNONJugos ) JoN N9I))00N0230 OSI//*3d /35N7217 *3//*0 / OvjYL/7IqyH J0 7YNOIYN YNlJLYY) OliSnya1 10 7vnoijvn Viay1]a)]s s31dOdSNvd1 soa oidj1siniw &8 7iSVà9 00 VAIlVdJ0] VJiaod3à",90,0,0
aug_cnh_227.jpg,175.0,297.0,132.0,132.0,6.63,81.98,18.34,1.68,2,252.0,248.33,17.0,"REPÚBLICA FEDERATIVA Do BRASIL ministeRio Dos TRANSPORTES BR S ECRETARia Nacional DE TRansito carteira nacional de Habiltaçio / DRIVERLICENSE / PERMISO DE ConduCciÓn NoMe { SobR[noMe Madintacao Maria Fernanda Caldeira Daia Loealeufdenascimenio 20/08/1964 Pacheco MG Daiaevissac 80 Yalidade 05/04/2020 03/04/2030 1 DoCioeniDADE Orgevissor(UE 13.779.820 - DETRAN NPEGistpo e 281.394.705- 89324271268 1 NaciohalidaDE BRASILEIRO(A) FILIACAO : 1 LuizOtavio Barboso 3 Maria Luisa Goncolves 1 7  Assinaiurado poriador ACC 9e 2 OBSERVAÇOES Assinado DICITALMENTE Uphnkkniia Ipasuo LOCAL 43361107081 1 BELO HORIZONTE, MG MG681606770 MINAS GERAIS d (Pi",85,0,0
aug_cnh_228.jpg,176.0,297.0,137.0,137.0,6.31,81.71,17.51,0.79,1,238.33,248.33,12.33,"Republica Federativa Do Brasil W137ikio Do} (kansyov1is BR Sicyeiavia Nacional 0 7van81o capteira nacional de Habiltacio / driver LiCense / permiso de ConducciÓn tttet Kinout Monusllo Albuquorqus o Juasilaiwio) 02/02/2007 Josus do Molo C 19/08/2022 6/08/2082 DoC [uaniioai / Orlivirokyv 19,166,819 7ifp 4al Micisibo 888,291,.076768 28958460196 FuJotla 1 ""asn YPot 2 1 Bonlornlro Fongoco Allclo Mosclrnonto 1 Qakie ere Fuyunciiaintnil Ueynumiwiotsinoualue inarhio o Bsoauiubi 1 Wllomovvowil, MaC Mc68iouotio MINAS GERAIS",70,0,0
aug_cnh_229.jpg,59.0,72.0,96.0,96.0,5.93,17.19,3.46,3.86,0,229.0,230.33,227.67,#ite 1 | 0062992562 0062992562 Ospint 8 Baf MI Toiry,10,0,0
aug_cnh_230.jpg,177.0,296.0,134.0,134.0,8.92,82.25,18.73,2.09,2,228.33,238.67,10.33,"REPÚBLICA FEDERATIVA Do BRASIL ministeRio Dos TRANSPORTES BR 5 ECRETARia Nacional DE TRAnSito carteira nacional de HabilitAçio / DRIVERLICENSE / PERMISO DE ConDUCCIÓN Nomee SoBRenOME KaBILITACAO Bryan Daia [ocaleuf denascimenio 05/02/1953 Marques do Oeste Daiaevissac Validade 29/11/2020 27/11/2030 1 8( DOC IDENIIDADE / ORG evissor / UF 33.750.971-2IPF NªREGISTRO e 526.749.180-20 50842513140 1 NAcIONALIDADE BRASILEIRO(A) FILIAÇO 1 1 Vinicius Mendonca Maria Fernanda Siqueira 1 kanv AssinaiuraDo poriADOR ACC E Ee 5 OBSERVAÇÔES AssinADO DICITALMENTE DePaRIAMENIO {SIADUAl IRsuo LOCAL 4336+407081 | BELO HORIZONTE, MG MG681606770 MINAS GERAIS Souzo d (Pi Soune",90,0,0
aug_cnh_231.jpg,160.0,272.0,161.0,161.0,5.65,56.64,32.64,0.46,0,218.33,220.0,221.0,"BEpublica Fsa€ 510k? 531r1o 005 CAERAMCRON L D Hhbltçio/0BWEBLICENSE { PEPMSO DE Condl ["" LIz Monlenggre {15/94/1948  Caleeire d9 Prata ES H10/02/2020 Jl07/2/2030 'rúff {5s.272.37ocoFC PB [236954870 - 3S 87224717099 {Cngcn | | [pmouonsaco 2 1 53 2 ; [Piotra  NoscImonto 9e 5 5a 351",45,0,0
aug_cnh_232.jpg,,,,,2.9,14.06,1.76,0.85,0,250.67,249.0,240.0,Valida Em Todo 0 Territorio Macional 562900 2952662900 8 1 1 8 1 8 : 8 ; Í 1 | IME 8 1 1 1 1 1 2 1 1 8 ' II | 2 5 0 1 1 1 { 1 1,43,0,0
aug_cnh_233.jpg,,,,,8.15,23.34,3.53,10.0,2,229.33,231.33,12.67,"5 9 "" 1 1 1 1 8 I1 8 [ 8 < 8 :  9 8 | ; H L { 8 1 | 1 | 2 [ 1 g | 0062992562 006z95 7vnoiavk oiyolibbal 0 00o1 W3 VOIJva 1 1 1 | 1 1 1 2 9 1 | | 5 1 1 8 1 1 ; 1 1 1",62,0,0
aug_cnh_234.jpg,177.0,298.0,129.0,129.0,12.71,100.0,35.11,2.85,2,174.33,182.67,11.67,"REPÚBLICA FEDERATIVA DO BRASIL MinisteRio Dos TRANSPORTES BR SEC RETARia NacionaL DE TRANSito carteiranacional de HaBilitAçho / DRIVERLICENSE / PERMISO DE CoNDUCCIÓN Nomee SobRENoME HABILTAÇ^O Ana Carolina Gomes Daia localeuf denascimenio 09/08/1946 Silveira Daiaevissac Validade 02/06/2017 31/05/2027 DocioeniidadehorgevissorUe 39.659.193-SSSP 1 901,254.836-51 54697887706 e NACIONALIDADE BRASILEIRO(A) FILIAÇAO 1 | Raul Farias Dra. Rebeca Macedo 1 BantinoSomte Assinaturadoporiador ACC E Ee 22 5 OBSERVAÇÔES ASSINADO DIGITALMENTE ogpariangmioesiADua IAAsuo LOCAL 43364407081 1 BELO HORIZONTE, MG MG681606770 MINAS GERAIS",75,0,0
aug_cnh_235.jpg,126.0,259.0,156.0,156.0,6.84,74.8,44.35,0.52,1,205.67,209.0,162.0,FEDERATIVA D% BRASIL BR REPÚBLICA Dos TranSPORTESS #ster'earonrAdE Transito SECRETARI^ CONDUCCIÓN IMCIONAL DE HABILIAçiO / DRIVER LICENSE / PERMISO DE ( MABILITACAO CaRTEIRA | SoerEnoye Morio Julio Pires DaiA ZoCAL F UfDe Nascimento PE 18/04/1998 Gorcio ACC 46 ValiQADE DAt4 EVissao (27/03/2024 25/03/2034 1 DOC iDEnTIDADE  ORG [Missok / Uf 99.127.509 = IIRGD Ad (Pf Snregistro CThAD 793.052.146-06 26863577398 1 NACIOYALIDADE BRASILEIRO(A) : 1 Dr. Hoitor Machodo 3 Stephany Fernandes Hania Julo Pures Assinatura Do pokiADOR ACC G1e ; Wover 1 OaseevAcoes Die,83,0,0
aug_cnh_236.jpg,202.0,326.0,170.0,170.0,6.31,86.72,39.52,0.0,1,239.33,236.67,150.0,REPÚBLICA FEDERATIVA Do B RASIL ministerio Dos TRANSPORTES sEcREtaRia nacional DE Transito CARTEIRA NACIONAL DE HABILTAÇÀO / DRIVER LICENSE | PERMISO DECO 20 Nome { SobREnoMe Allano Lopes DaTA local euf De Nascimento 24/08/1946 Almeida de Pastor PB DATA EVISS40 46 Valiqade 08/06/2024 06/06/2034 4c DOC IDENTIDADE ORG EVISSOR / UF 1 89.855.234-1 IIRGD AC 5 NRegisTRo Gd CPF 158.426.073-44 71370591205 1 BRASILEAROW) Dovi Luiz Oliveira 1 1 Eloo Novoes 1 Monaltonnoa ACC Cie DIE OBSÉRVAÇÔES DIGITAL CSiADUA Filiaco Assimaoo,80,0,0
aug_cnh_237.jpg,174.0,318.0,207.0,207.0,7.4,46.21,23.27,3.68,0,210.67,214.0,167.67,"[ 8o Roso Rs [1533,221 E29329 fieastirnsi H Moria 5 Z 2 22 2 2 22 2 1 /Drhver Zicexse {perkuso ee Carteira acFOnai Dehabiliacho } Sousa Darno 06/06/1956 12/09/2027 {2s/09/2017 ~7MRGD 03282150943 856-05 _ Nunvs Iholsg Plmanla Yilorio 99 11 5",42,0,0
aug_cnh_238.jpg,167.0,290.0,150.0,150.0,8.38,100.0,33.19,1.54,1,196.67,206.0,16.67,"REVÚWLica Federativa Do BRasil minisiirio Dos Fransvor1is BR Sekliakia Nacionai 01 ! ansi1o carteranacional de habilitacio / DRIVERLICENSE / PeRMISO DE Conducción NoMeesoontnome Veateilitacao [nrlao Napolmonlo [mia [xM Uloemascimomio 08/04/1968 Mondon do Golho Naliuai 26/02/2020 25/02/2050 1 DoC Jotmiioant / Oroivisrok / U6 582.705 Ad (y Matoisino Calnai 746.818.035=48 4525400464 Naciomalinadl | Ikasillikoca) Viliagao | Malouo do Paz 2 Srla [volyn Gorolo 1 nrdoo [Naoaunenle Arlinaiuuaul Fokiaio)n ACC Oosehvagots Asbinaoo Diqiialmnil Deyariamemiotsianuat O6 imamjiio local Ojooiomi | Ollonokvonil, Mo Moonio0olio MINAS GERAIS bifp",83,0,0
aug_cnh_239.jpg,178.0,302.0,128.0,128.0,8.54,81.98,18.49,1.82,2,238.67,248.67,15.33,"REPÚBLICA FEDERATIVA Do BRASIL ministerio Dos TRANSPORTES BR S ECRETARia Nacional DE TRAnsito carteira nacional de Habilitaçio / DRIVERLICENSE / PERMISO DE ConDUCCIÓN 2€1nomeesobrenome HABILTAÇ^O Vitoria Rodrigues Daia Localeufdenascimevio 25/05/1995 Cunha de da Rosa Daiaeuissac VAlidade 1/08/2016 09/08/2026 1 DoCioenDADEhorgenissor(UE 29.797.268 BDETRAN 4d CPF NPEGistpo e 583.426.190-60 54375240179 1 NacionAlIDADE BRASILEIRO(A) FiLIAÇAO 1 1 Marcelo Pinto Maria Cecilia Sales 1 Rodriqucs Assinaiurado poriador ACC Ee OBSERVAÇOES AssinaADO DICITALMENTE DePaRIAMENIO {SIADUAl IRasuo LOCAL 4336+407081 1 BELO HORIZONTE, MG MG681606770 MINAS GERAIS Uerio",81,0,0
aug_cnh_240.jpg,172.0,293.0,141.0,141.0,7.79,67.34,22.04,1.72,0,227.67,228.67,226.67,REPUBLICA fEoerativa Do BRASTl 57erio 005 ransporTe BR SECRE acion dltR44sito Cartetra NaCional de Habilitacio / driver License / permso De cowducciÓn Ravy Scuza {04/11/1997 Pereira das Padros RJ 01/91/2021 30/10/2031 [;.257486-SiFP [138.579. 602-21 58821439223 1 {erasheisoc ekI= ; 1 Joao Guilherme Aparocido Moria Julla da 1 1 [ | BELQ HOPIZOATE MC MINAS GERAIS Poz,56,0,0
aug_cnh_241.jpg,874.0,557.0,91.0,91.0,7.75,39.65,3.74,4.24,2,238.33,246.67,16.33,"Valida EM Todo 0 TerritÓrio NACIoNAL 2952662900 2952662900 g 1 1 1 5 H In 1 2 1 p 8 2 H :, ; p FI | H 1 2 H 9 I 1 8 | 1 1 1 1 7 1 II | 5 1 L 5 é 1",50,0,0
aug_cnh_242.jpg,175.0,296.0,135.0,135.0,3.91,80.76,16.29,0.01,1,253.0,248.33,253.67,"REPÚBLICA FEDERATIVA Do BRASIL ministeRio Dos TRanSPORTES BR S ECRETARia Nacional DE TRansito carteira nacional de habilitaçio / druver license / permiso De ConducciÓn Nohe { {obrinong Karintacao Felipe Leoo DAIA [C{al ! Uf De Yascimeuto 05/10/1960 Pastor Daaevissac 'alivadl 03/09/2022 31/08/2032 1 DoCoenudede ORG EWISSOR / UE 67.673.472-3IPF dC Pegistpo n 1 124.907.835 150023771 Nacioyalidade BRASILEIRO(A ) FILIAÇAO 1 1 Theo Borges Lara Fogaca 1 elihe Yeao aSsiyaiura Do puriacor 2 OBseRVACOES SssiaooDicitalmenie Uehlhnunusui hAu 4364u/u81 VXA 1 Belo HORIZONTE, MG ue 60o77o MINAS GERAIS",86,0,0
aug_cnh_243.jpg,171.0,291.0,143.0,143.0,6.26,58.27,18.16,1.55,0,226.33,228.0,235.33,"RE""uBECA fEdeRattva Do # RaSil ATr""ir B9 90 Carteira aciomae @e Habhheacho /Drxvereicense / PERMio DE COnDUCcion [sn2 Mania Luizo Borsosa 127/09/1989 Sllvg Crande E2//201 Jlzie/232 lazazz-oipf {816.530.722-85 25616559396 @ 1 Anvdra Siquolro Sopnio Corvalhe 1 1 1 MINAS GERAIS",40,0,0
aug_cnh_244.jpg,,,,,6.42,22.46,3.19,1.54,1,237.33,239.33,219.67,"2 1 9 1 1 "" 1 4 8 9 1 1 : ; 1 8 1 5 H 88 | 8 1 ; 8 fi [ 1 1 , ! [ [ ! 1 1 ;",37,0,0
aug_cnh_245.jpg,173.0,291.0,141.0,141.0,7.63,81.98,18.49,1.82,2,238.67,245.0,13.0,"REPÚBLICA FEDERATIVA Do BRASIL ministerio Dos TRANSPORTES BR S ECRETARia Nacional DE TRAnSito carteira nacional de Habilitaçio / DRIVERLICENSE / PERMISO DE ConDUCCIÓN Nomee SoBReNOME HABILTAÇ^O Srta. Daniela Peixoto Daia Localeufdenascimevio 03/09/1971 Barbosa DaiAeuissao VAlidade 24/02/2018 22/02/2028 1 [27.289924119-D8 DETRANR ' PE 4d CPF NPEGistpo e 956.382.740-65 37702071376 1 NacionAlIDADE BRASILEIRO(A) FiLIAÇAO 1 1 Montenegro Ana Fernandes 1 Dannl Puob Assinatura Do poriADOR ACC E Ee OBSERVAÇOES AssinaADO DICITALMENTE DePaRIAMENIO {SIADUAl IRasuo LOCAL 4336+407081 1 BELO HORIZONTE, MG MG681606770 MINAS GERAIS Roel",82,0,0
aug_cnh_246.jpg,60.0,73.0,89.0,89.0,5.91,15.92,3.49,2.83,0,226.0,227.0,235.67,Ju2869 | 0062992562 0062997867 Wkeesh 9h8244{! {atoer Vo ka,9,0,0
aug_cnh_247.jpg,664.0,164.0,63.0,63.0,4.51,20.31,3.37,4.05,1,247.0,244.67,159.0,EM Todo 0 Teraitorio Maciona Valida 2952662900 52900 1 [ 1 ; [ 1 1 IM AA 2 1 1 1 H 8 2 1 6 1 1 1 1 ! [ [ { 1 1,36,0,0
aug_cnh_248.jpg,76.0,244.0,219.0,219.0,5.79,44.04,22.24,2.5,1,237.33,231.0,156.0,"Unal Fn7es 261 De BR 1 So 1 de JocalEuf de 27 da MA 31 Je DOC ACC PR 689 5x ' CT ' dos do Do ACC C1e DiE URRTEIRA | DE iNacional [ TRansito HAbiltaçio | Nomee FDRIVERH SObRekoMe {LICENSE | Asofe IpeRHISO [ ECONDUG 'MABUIA' Daia Nascimexio 1/09/1973 Cunho DaTA {Vissao 03/06/ '2019 ValiQADE /05/- '2029 idektidade ( 74.823.366-1 oRg emisSoR /uf DETRAN CPe ,.243.510-60 'reGistRo 4402801  Nacioyalidade 4343 BRASILEIRO(A) Filaço Andre Neves Ano dsgl Ye Cruz Poriador Observacoes",82,0,0
aug_cnh_249.jpg,61.0,77.0,88.0,88.0,7.44,33.2,3.65,3.88,2,224.33,233.0,22.0,"11 1 1   II 1 1 1 1 1 8 A 1, ; 1 H 1  88 1 5 J6 8 1 g 1 p 2 88 3 N ; 6 1 1 1 ! ; 1 0062992562 0062992562 Ivnoiavk oiuoiuu3l 0 0001 WJ VOIJVA 1 |",47,0,0
aug_cnh_250.jpg,873.0,560.0,90.0,90.0,5.34,17.58,3.19,2.96,0,227.0,228.33,226.67,sachnfeelrnsseKei 2952662909 2982662900 1,4,0,0
aug_cnh_251.jpg,162.0,295.0,177.0,177.0,5.82,82.25,44.89,0.01,1,252.67,242.0,154.0,REPUB Lica FEDERATiVA Do B RaSIL ministerio Dos TranspoRTES BR SecREtaria nacional De Transito carteira Nacional de habiltacio /druVerLIceNSE | perhiso de CONDUCCIÓN Zeinoheesobpenome Kabiuitac^0 Luisa Ribeiro J Daia ila(uf denascimenio 29/07/1963   Silva Data Evissko Valipade acC ; 17/05/2017 15/05/2027 8< Dok idextidad} / Org {Vissor /uF 82.908.465-6IIRGD AM 4 (Pe NpegistRo) Cat 7ab 1 683.910.725-68 86387066441 Nacio alioaoe BRASILEIRO(A) Filiacao 1 | Thales Corvalho Anna Liz Cardoso 1 Yuisa Ribeiro Assiyatupa doporiador Die 12 ObseryaÇoes,76,0,0
aug_cnh_252.jpg,174.0,290.0,138.0,138.0,4.56,41.33,12.88,1.04,0,229.0,228.0,237.0,REPUBLica Federativa Bo B rastl 15t28 Caxtenelsacioval SeaactEuache {nesve? UCesSE ; PERgsdBÉEONQUCcION Maro Gduar8a: Sa {15/98/2990 [2779722020 {25/87/2030 fss 973.+09 '4DETRAR {753.241.684-52 89457810427 | Lici Sllva Mcris 2 1 MINAs GERAIS,31,0,0
aug_cnh_253.jpg,,,,,4.88,41.87,1.57,15.56,0,222.0,222.67,223.0,"; 1 1 1 ""9 oc91 | ; 671 SO4'53 27281ss*6z0 osoz /so/Lz] ozoz/s0/84 Difc) DP 5007/90/90  Scjds Dsiqiek Ngu))20N0)30 0sh8h1e / 73942277 22N86 /oyíxuna 30 7OUWYnZ? Oaisa1 10 Jnonoy Sau on4 928242?s J4400 7isy88 00 Vaiiva7aj] Y2178 0a1* Dpudu Ecilco 5l9'51 Odf-568'",43,0,0
aug_cnh_254.jpg,872.0,558.0,93.0,93.0,4.28,11.43,2.87,3.25,1,237.33,247.0,167.67,unannuehazhu 2952662900 2952662900 ulefees 1 f | 2,8,0,0
aug_cnh_255.jpg,184.0,233.0,138.0,138.0,5.67,68.7,36.3,0.19,1,237.33,242.67,157.0,Pepoblica Fedeyatiya do rrasil BR 4090 00 So SecerConlo Cayterancionlde HabiltkcioiDpnver Ucenge | Yrmiso De ConDUCCON DonyAyoy 710617* 091e 6/0/2017 cho/tn 742108/8EneCo 7478e8 4aa1v Bvasilivon 1 ~Z 2 1 Biohorvonil Minas Cepais,32,0,0
aug_cnh_256.jpg,168.0,289.0,148.0,148.0,7.48,81.98,18.49,1.82,2,238.67,248.67,151.33,"REPÚBLICA FEDERATIVA Do BRASIL ministerio Dos TRANSPORTES BR S ECRETARia Nacional DE TRAnSito carteira nacional de Habilitaçio / DRIVERLICENSE / PERMISO DE ConDUCCIÓN nome [ SobREnoME HABILTAÇ^O Rael  Nascimento Daia Localeuf denascimevio 10/01/2006 Rios de Caldeira DaiAeuissac VAlidade 09/09/2016 07/09/2026 1 Ac DOC [DENTIDADE / ORGeissor / Ue 67.914.103-8IPF 4d CPF NPEGistpo e 806.914.257-01 80243991857 1 NacionalIDADE BRASILEIRO(A) FiLIAÇAO 1 1 Luiz Henrique Leao Maria Clara Abreu 1 Raclascimenlo Assinaiurado poriador ACC Ee OBSERVAÇOES AssinaADO DICITALMENTE DePaRIAMENIO {SIADUAl IRasuo LOCAL 4336+407081 1 BELO HORIZONTE, MG MG681606770 MINAS GERAIS",88,0,0
aug_cnh_257.jpg,157.0,339.0,202.0,202.0,14.47,91.33,48.48,1.12,2,168.33,171.33,9.67,REPÚBLICA FEDERATIVA Do B RASIL ministerio Dos TRANSPORTES S EcRETARia Nacional DE TRanSito CARTEIRA NACIONAL DE HABILTAçÃO / DRIVER LICENSE / PERMISC 2 1 nome [ Sobrenome Nicole Mondonca 3 DaIa local eUf denascimenio 17/02/1958 da Luz do Ooste 49 DATA EVISS40 4b ValiqaDe 22/05/2020 20/05/2030 1 Ac DOC IDENTIDADE OrgeMISSOR / Uf 84.902.252-5PC CE 4d CPe 5 N REGISTRO 013.296.587-95 80327924849 1 NAcIOMAUDADE BRASILEIRO(A) 1 1 'avy ISouza 5 Dra. Cotarina Machado 1 MicoloMondonco AssinaturA Do PoriADOR ACC C1e D1E OBSERVAÇOEs [Ravy,83,0,0
aug_cnh_258.jpg,60.0,75.0,89.0,89.0,5.64,20.31,3.44,3.71,2,253.0,247.33,32.0,"1 1 = 1   II < 8 : 1 1 1 1 "" 8 | 1 1 {  1 p 1 8 í 88 | 5 I 1 1 2 ; H  H 1 1 Il 8 + 1 g 1 0062992562 0062992562 IUNOIJUN 0iuo1IUU}I 0 0001 WJ VOIIVA",49,0,0
aug_cnh_259.jpg,,,,,13.87,43.46,7.28,6.61,2,172.67,173.67,13.33,85 1l 4 8 8 1 1 1 1 & ; 2 1 2 1 5 Ilk [ | : 1 ] 1 1 1 í 1 1 I ; H 1 8 [ 1 Lul 1 1 [ ; 4 0062992562 9,43,0,0
aug_cnh_260.jpg,174.0,295.0,137.0,137.0,7.26,81.98,18.49,1.82,2,238.67,248.67,169.67,"REPÚBLICA FEDERATIVA Do BRASIL ministerio Dos TRANSPORTES BR S ECRETARia Nacional DE TRAnSito carteira nacional de Habilitaçio / DRIVERLICENSE / PERMISO DE ConDUCCIÓN Nomee SOBReNOME HABILTAÇ^O Ana Loura da Rosa Daia Localeufdenascimevio 03/08/1956 Casa Grande DaiAeuissac VAlidade 09/02/2024 06/02/2034 1 DoCioeniDADEhorgevissor(UE 12.548.799~ 3DETRAN 4d [PF NªREGISTRO e 216.375.489- 00422022696 1 NacionAlIDADE BRASILEIRO(A) FiLIAÇAO 1 1 Gabriel Ribeiro Barbara Macedo 1 dna Youna d Rose AsSINATURA DO PORIADOR ACC Ee OBSERVAÇOES AssinaADO DICITALMENTE DePaRIAMENIO {SIADUAl IRasuo LOCAL 4336+407081 1 BELO HORIZONTE, MG MG681606770 MINAS GERAIS",84,0,0
aug_cnh_261.jpg,210.0,268.0,145.0,145.0,11.66,100.0,36.01,3.01,2,173.33,176.0,15.0,"REPÚ B LICA FEDERATIVA Do B RASIL MinisTeR1o Dos TRnsroR1l s BR 5 E€ rETaRia NACional DE Transito CARTEIRA NACIONAL DE HABILITAÇÃO / DRIVER LICENSE / PERMISO DE CONDUCC NonEe Sobrenone Lora Clrino 3 Daia LOCA UlDkylienio 24/12/2003 Pinto dos Dourados PR DiaiVisSAC Vaioadg 12/07/2021 10/07 2031 DOC IDeriloadE / ORG EVisSoR / Uf 75.837.670-6IIRGD AP 1 079_ Adcoe 851.342-04 03125395733 NacionaliDaDE BRASILEIRO(A) FILIAÇO : 5 1 Benlomin Abreu Srto. Mario Viloria Mendes 1 Yara Biino ASSIMATURA Do PoriADOR ACC C1e Die 12 ObservacOES AssinaD Depariamevic { BELO HORIZONTE, MG",90,0,0
aug_cnh_262.jpg,160.0,289.0,174.0,174.0,9.25,76.02,54.8,1.13,2,238.33,242.33,102.67,"Do B RF3 ' REPÚBLICA%5 TrANSPoRtESS D E ""TRanSiTO %aCionAL HABILITAÇÃO / DRIVER 1 'PERMISO  CARTEIRA } DE 2 € NOME_E SOBRENOME Froncisco Dios 3 DaIA ZoCA EUrDe MsciMento Norte 25/09/1975 Gomes do VALIQADE 42 Daa EViss0 12/03/2032 (15/03/2022 ORG EVISSOR Uf DoCiDEN 704D*2 URGD RJ 63.980.131-2 5Y PEGLSTRO Ad CPe 0289794346 162.453.897-55 NACIONALIDADE BRASILEIRO(A) FiLIAQAO Jose Pedro Morques 2 Cecilla Aparecida 1 Srancuco Diae AssinaturA Do Poriador ACC Cie Die 12 Obseryacoes DHf LOCAL BELO HORIZONTE MG FEDERATIVA Dos SECRETaRia LICENSE , NACIONAL P 1 1 i 1",89,0,0
aug_cnh_263.jpg,185.0,297.0,160.0,160.0,4.03,84.15,15.62,0.0,1,249.67,230.33,159.0,PeuaC; 62028877ab0 2a5i1  s s 2 se Or Crer[o BLi{ xub Ez Bs Zaie r48 re Tee ss 1 [ 2 2 1 MinasCEpAJS,24,0,0
aug_cnh_264.jpg,181.0,301.0,125.0,125.0,5.4,63.96,18.75,0.66,0,227.67,228.67,226.67,Qazwacoulcu Surowo 'a65 | 1 [ | Minas GERAIS E2,10,0,0
aug_cnh_265.jpg,175.0,290.0,139.0,139.0,3.28,75.2,14.51,0.0,1,252.0,234.33,166.33,Republica Federativa Do BRasil Uosterio Dos Transporues BR Secreiragiona 0e 78408ono Carteira Macionl De hasilitacio / dRrieR Ucense / peruiso 0e Conouccion Mer Karene wn zeossn A [2oe/pon Valipoer en / 89781221sSp M 014887268510 88004440793 Aknte Baasleia 4 1 Onva Nnno Masen W Ruun 8 eei1  1 Baoanhshe MINAS GERAIS to,51,0,0
aug_cnh_266.jpg,875.0,558.0,92.0,92.0,5.91,17.87,3.36,2.98,0,225.33,226.67,235.67,vetain fsk Tuett W telrionin #aretha 2952662909 2952662900 1,9,0,0
aug_cnh_267.jpg,182.0,226.0,159.0,159.0,6.95,68.83,43.59,2.02,2,238.33,240.0,98.0,"REPÚ BLICA FEDERATIVA Do BRASIL sECKETSRER'8 28nRAssroRiEs BR NACional DE TRansito CARTEIRA NACIONAL 2 DE HABILTAÇÃO / DRIVER LICENSE / PERMISO DE CONDUCCI NoMe{ Sobrenohe Auroro do Moto HabiUTACiO ara lOCaluf De Nascimento 16/06/1983 Nascimento das Padpas DAIA EUissao Valin4di 1 04/12/2020 02/12/2030 DOC IDEKTIDADE / ORG [VISSOR /Ur 79.984.741-9 DETRAN Ed (pe 1 682.351.074-90 13817692187 NacionaliDADE BRASILEIRO(A) 1 1 Nicolos Noguoira Ester Mouro 1 Aoo daUlalo AssinaturA Do PoriADOR ACC Cie Die 12 OBSERVAÇOES Assinado DiGi DepariAMEMIO {Siad 433644 1 BELO HORIZONTE, MG Mg6816 AAINA< GFRAIS",87,0,0
aug_cnh_268.jpg,439.0,638.0,112.0,112.0,5.71,80.22,1.25,18.4,2,238.33,246.0,161.33,"SIVà39 SVNIW orogovirrsw 9w Jnozinom0x) 1 OliskYu[ Ivnovisvonnviuyao Jinm 7ylioi0 OOYkissy 5J09vAxzs00 hooyioa Vuniynissy Sopupw Piiv 1 5ojJ08 IPUqD9 JOIlA ª 72 1 Lv968906596 {0-Lf8 +zi*906 | Ayniv} 0415/916N S pe @9uIlv-608* 6vZ Zl 0n / MOsSIn} 940 / JvOIln J0i Joa  os0z/so/80 ozoz/so/01 1 JOrdlIyA 9 Orssin} YiYo "" Djiojon 7861 /60/87 oiknnoyman! 1vj01 viva € oeqly onbuueh Oyovilimym , JNON Juuos ) JoN N9I))70N0)30 0S///*3d /35N7)/7 *3//*0 / OvJYL7IqyH J0 7YNOIYN YNIJLYY) Olisnva1 10 7vnoijvn Viav17a)15 S71hoasnva1 soa oi471siniw 49 7svaa O0 VA11Va]031 Voi7aod]a",86,0,0
aug_cnh_269.jpg,465.0,560.0,56.0,56.0,7.4,81.98,1.84,18.96,2,238.67,244.0,12.67,SIVà39 SVNIW o8oo9r9esw 9w J1nozidoh 01f) 1 OuskYuL IynayIs} OIMJWYIYYd)0 ainzkiyoia QoyniSSY 53024A83590 BOOYioa 7niynissy 1 DodboJ DuDof 5 DoBsuo } Kuoyiuy Coaiasvaa | 1 JoyonykOiyN {LvS98Z9OSO OL-860*5Z1*St9 1 OYM 1Yd 0d151938 X Jd) PY = dJi0-1SZ798*6L / H05SI/7 9*o / Joyoilnjoi J00 > ssoz/s0/91 szoz/s0/61 1 JordiIrA 9r OrssInafiyo € onbjenbnqlv   vooz/11/11 OiNawi)syn 30+n}1301 YIYO ODboJV Diydos DUDW Ovoviridyh JNONJugos ) JioN / 2 N9I))00N0230 OSI//*3d /35N7217 *3//*0 / OvjYL/7IqyH J0 7YNOIYN YNlJLYY) OliSnya1 10 7vnoijvn Viay1]a)]s s31dOdSNvd1 soa oidj1siniw &8 7iSVà9 00 VAIlVdJ0] VJiaod3à,86,0,0
aug_cnh_270.jpg,185.0,283.0,186.0,186.0,16.01,76.83,55.34,3.4,2,150.33,12.0,153.67,"Crnisterto Dos Do DE CARTEIRA} 201 NACIONALDE HABILTAÇiO/ DRIERL Nomee Holoisa {PERMISO DECON LOCAL 08/04/1953 Nascimento Farios do Sul RN 4 DaIA [Visso 1 (18/02/2023 15/02/= 46 Valiqadl '2033 DOC IDeNJIDADE / ÓRgE [67.649.738,08 557 ws5oR /uA AM 1 4d (PF RegisTRO [638.710.254-53 09041435003 NACIONAUDADE BRASILEIRO(A) 1 1 [samuol Santos Anna Liz do Cruz 1 Mlane Soncobe AssinAiURA Do PoriADOR AcC Cie Die 12 OBSERVAÇOES Assinado DIGITALMENTE Depariamenio[staoual de ; M8864802070 LOCA REPÚB LICA FEDERATIVA B RASIL SECretari TRAVs porte s NaCTOnAl Transito LICENSE | Sobrenone Goncolves DAIA euedel",89,0,0
aug_cnh_271.jpg,168.0,315.0,141.0,141.0,5.68,68.7,15.98,0.79,0,219.67,221.33,221.67,"REPUBLICA FEdERativa d0 #RaSil Enfsf8rin D ( 7rs ""ravsi7o 8 Secflisk 05 carteira NaChOnal de haghlitacic {Driver license { PerhisodeE coxduCción {Agatha Farngnoss 04/09/1985   Borges {20/06/2021 J{i8/c6/2031 6 262.1935 DETRaN {312.806.745-71 75941803311 Lis4 | du Mofa Dro. Lauro 5 5 ! 5 1 {Nioolos",44,0,0
aug_cnh_272.jpg,134.0,270.0,160.0,160.0,4.23,43.5,24.87,0.12,1,237.33,239.67,161.0,C Ba Get 216 OPD Mnos 1 ; ; Bua 2 ; 8 G Zepud nas7o acoaal [aMS? Secean inhitray M Qa VeDeauqeia 784 6794es 1 i Cep6/ e  Goril rifea 2468377 64842s4,33,0,0
aug_cnh_273.jpg,,,,,7.77,81.98,1.84,18.96,2,238.67,248.67,14.0,"SIVà39 SVNIW o8oo9r9esw 9w J1nozidoh 01f) 1 OuskYuL IynayIs} OIMJWYIYYd)0 ainzkiyoia QoyniSSY 53024A83590 EoOyoaoQanaisst 1 DJlexIª 1 DulIO DUS 5 SedjoM ?dDsi 'J0 Coanasvaa | 1 JoyonykoDyN 16189ZS0S9 LO-SSO*L8+*79! 1 OYM 1Yd 0d151938 X d) Pe dJI$-998*ZOS*ZS / OSSIM} I*Q / Joyoiinjoi Joo > zsoz/u1/zz zzoz/11/sz 1 oroura 04 OysSIna yiy0 % Dypo8 9661 , /90/z OiNaNi)syn J01031301 Yiva epuezeY DuUDh Oysyiridyh , JNONJugos ) JioN / 2 N9I))00N0230 OSI//*3d /35N7217 *3//*0 / OvjYL/7IqyH J0 7YNOIYN YNlJLYY) OliSnya1 10 7vnoijvn Viay1]a)]s s31dOdSNvd1 soa oid]1siniw &8 7iSVà9 00 VAIlVdJ0] VJiaod3à",89,0,0
aug_cnh_274.jpg,139.0,239.0,153.0,153.0,6.51,82.11,41.48,0.61,1,230.67,231.67,231.67,REPÚBLica FEDERaTIVA Do BRASIL EF 1STERio 00s TkanSportEs SecReTaRia NacionaL D E TRansito CaRTEIRA NACIONAL DE HABILITAÇÃO / DrIVER LICENSE } PERMISO DE CONDUCC Isaoc Monlenagro 10/03/1997 Goncalves {29/04/2019 {26/04/2029 70ag {60.389.533-7iPF Rs Gis'RP {731.094.285-04 23866436764 LraswEiROIN 425*o Benjamin Cavalcante Sra Manuello Camoro FT E 5ip 2 2 Cnonowianre 1 1 | ! é,54,0,0
aug_cnh_275.jpg,175.0,294.0,135.0,135.0,8.73,82.25,18.79,2.12,2,200.67,210.0,11.33,"REPÚBLICA FEDERATIVA Do BRASIL ministerio Dos TRANSPORTES BR 5 ECRETARia NacionaL DE TRAnSito carteira nacional de HabilitAçio / DRIVER LICENSE / PERMISO DE ConDUCCIÓN Nomee SoBRENOME KABIUTAÇRO Maria Clara Brito Daia [ocaleuf denascimenio '02/1993 Machado Daiaeuissac VAlidade 12/04/2023 09/04/2033 1 DoCiDenDADehorgevissor(UE 36.374.874-4IIRGD Nª REGISTRO e 1 371.596.284-46 62459538108 NACIONALIDADE BRASILEIRO(A) FILIAÇO 1 | Leonardo Pereira Mirella Rodrigues 1 MarioGlaroSrib Assinaturadoporiador ACC E Ee OBSERVAÇOES ASSINADO DIGITALMENTE DgpariagmioesiADuA IAausuo LOCAL 4336+407081 | BELO HORIZONTE, MG MG681606770 MINAS GERAIS 4d CPY",79,0,0
aug_cnh_276.jpg,874.0,557.0,91.0,91.0,7.38,39.65,3.74,4.24,2,238.67,248.67,16.33,"Valida EM Todo 0 TerritÓrio MACIONAL 2952662900 2952662900 p 1 1 8 1 JIn 1 2 1 g 1 4 H :, ; 1 ' TI | H 5 2 H g 8 1 8 1  1 7 1 1 II | 1 L 5 5",46,0,0
aug_cnh_277.jpg,174.0,294.0,135.0,135.0,6.99,81.98,18.23,1.57,2,238.33,247.67,11.0,REPÚBLICA FEDERATIVA Do BRASIL inisterio Dos TRanSPORTES BR SECREtaRia Nacional DE Transito CARTEIRA NACIONAL DE HABILTAÇÃO / DRIVER LICENSE / PERMISO DE CONDUCCIÓN Roveesob oroue Tacio Theo Barros DAIA lOC{UFDe Mascivenio 23/07/1961 Fernandes do GalhoMG DiA[VSAc YaiQade 21/03/2019 18/03/2029 1 Doidenoaoetoageviscornf 19.182.647-SSSP AAce{ 65075g a 712.659.340-61 379 3828292  NAcohuidADe BRASILEIRO(A) : 1 Kaique Viana 2 Srta. Maria Flor Porto 1 Jhec CCa DofoatzDos 52 5 22 F OasefvACces ASSINADO DIGIVENIE OeiatangToCoONA {aAano Vou 43364407081 1 BELO HORIZONTE MG MC681606770 MINAS GERAIS Barree,82,0,0
aug_cnh_278.jpg,172.0,291.0,142.0,142.0,7.46,81.98,18.49,1.82,2,238.33,246.33,14.33,"REPÚBLICA FEDERATIVA Do BRASIL ministerio Dos TRANSPORTES BR S ECRETARia Nacional DE TRAnSito carteira nacional de Habilitaçio / DRIVERLICENSE / PERMISO DE ConDUCCIÓN NomeesobReNoME HABILTAÇ^O Diogo Pimenta Daia Localeufdenascimevio 24/07/1983 Araujo do Galho MG DaiAevissac 46 Valipade 14/04/2017 12/04/2027 1 DoCioenDADEhorgenissor(UE 73.419.640 - IIRGD N? REGISTRO e 329.805.471-23 25625982186 1 NacionAlIDADE BRASILEIRO(A) FiLIAÇAO 1 1 Rafael Sampaio Maysa Cassiano 1 Pimenla AssinaiuraDo PoriaDoR ACC Ee OBSERVAÇOES AssinaADO DICITALMENTE DePaRIAMENIO {SIADUAl IRasuo LOCAL 4336+407081 1 BELO HORIZONTE, MG MG681606770 MINAS GERAIS d (PY Dioas",83,0,0
aug_cnh_279.jpg,59.0,74.0,93.0,93.0,3.39,10.84,2.93,2.78,0,252.67,233.33,163.0,1 1 00g6998966 006e996966 7000li00 0 Muol WeVMliva,8,0,0
aug_cnh_280.jpg,177.0,299.0,131.0,131.0,4.97,57.32,15.39,1.0,0,232.67,232.33,236.0,"REpubLIcA FedERativa Do Brasil 5r1o 805 AnspoRTEs 98 SECRETA NACional dekansito Cartexra MacJonal de HablitaÇio / driver License / PerMISO De conduccIÓn  Dro. Mayso Lima 02/12/1968 Monteiro [25/05/2020 23/05/2030 {22.150.328-6IIRGD RN {334.762.910-06 68354030560 | ""BkASILESRG 1 Dlego Peixoto Hadassa Garcia 1 1 1 MINAS GERAIS",45,0,0
aug_cnh_281.jpg,175.0,162.0,161.0,161.0,2.13,56.1,10.64,0.18,0,237.33,239.67,159.0,0e sn7o Dni CaiR4 NOOND Hsuncio/otuuyiF RsRcoMETA sale Se 12/08/1935 Sernoe 14/08/2020 s/2ax CCL 1 18669192*855? 241858897-81 38731448826 t Sasheowu 1 Pe Conone JlYe AC BCLa g 1 1,29,0,0
aug_cnh_282.jpg,874.0,560.0,90.0,90.0,6.95,22.95,3.45,3.79,2,238.33,248.33,16.67,"Valida EM Todo 0 Territorio Macional 2952662900 2952662900 2 8 1 1  f 8 1 1 { 1 7 TI "" TEE | 8 : 1 f 1 7 | 8 1 { 1 1 ' 3 { ; 5 II | 5 1 GC 5 8",47,0,0
aug_cnh_283.jpg,17.0,35.0,112.0,112.0,9.22,22.17,8.42,10.51,2,248.0,248.67,9.0,"09 1 "" 1 1 1 { 8 1 4 1 1 2 1 1 ; | , 1 5 H 1 1 | 1 I H 8 1 8 8 ; 9 0 ~ H Il 1 [ 1 1 1 0062992562 0062 7umoijvk oibqlivual 0 O001 WJ Voiva 1 ! 9 1",54,0,0
aug_cnh_284.jpg,185.0,251.0,161.0,161.0,7.85,67.89,43.65,1.26,2,238.33,238.33,15.0,"nisterio Dos DE Fto CarteiranaCional [ 291 DE HABILTAçÃO /  Srta. SobRENOVE DeConDUCCIÓN Jesus 8 DAIA [24/10/1949 1 [08/03/2024 Valiqadl ACC 06/03/2034 DoC IDekTiDADE / ÓRG 49.692.625-3IFP {MISSOR / Uf 1 [895,4 472.610-02 Pegistro CaT Hab 43350251157 NaciONALDADE BRASILEIRO(A) 5 1 1 Enrico Costolo Emonuella Viono 1 Juhane Juuss Assinatura Do poriaDo? ACC Gie Die 12 OosERVAÇOes ASSINADO DIGITALMENTE ; Depariamenio [stadunlDe 1336 +407081 LoCA MC68160o7o (o BELO HORIZONTE MG REPÚBLICA FEDERATIVA Do B RASIL SEc REtaria Trans BR OrTEs NaCional Trans DRIVER L {LICENSE  NOvelr PERMISO [ Juliono MabuTCO LoCLeue MAscimenio Morques Proio",94,0,0
aug_cnh_285.jpg,173.0,295.0,138.0,138.0,9.44,100.0,33.69,1.18,2,218.33,230.0,8.0,Zepoblic: Fedezativa Do B24511 usteno 90s 754027e5 BR secietandaagoaal DEisqo OuWMMI-pnnRInY [MMsFuMQÚA Fur3afo3te Ltr Mera Havae 4; 24ne3 A0 6612245 74esai4 4e ; Bnr 1 1 9308e 1 ; ne ; MINAS GERAIS,33,0,0
aug_cnh_286.jpg,171.0,293.0,142.0,142.0,7.72,81.98,18.49,1.82,2,238.67,248.67,11.33,"REPÚBLICA FEDERATIVA Do BRASIL ministerio Dos TRANSPORTES BR SECRETARia Nacional DE TRAnSito carteira nacional de Habilitaçio / DRIVERLICENSE / PERMISO DE ConDUCCIÓN NoMEE SOBRENOME HABILTAÇ^O Sr- Igor Goncalves Daia Localeufdenascimevio 21/03/1959 Moraes DaiAevissac Validade 01/05/2016 29/04/2026 1 DOC [DENTIDADE / ORGeVissor / Ue 21.754.241-1IPF 4d [PF NPegistpo e 957.410.632-25 79734951529 1 NacionAlIDADE BRASILEIRO(A) FiLIAÇAO 1 1 Theo Teixeira Evelyn Correia 1 Jgon Soncalo assiyatura Do poriador ACC E Ee OBSERVAÇOES AssinaADO DICITALMENTE DePaRIAMENIO {SIADUAl IRasuo LOCAL 4336+407081 1 BELO HORIZONTE, MG MG681606770 MINAS GERAIS",84,0,0
aug_cnh_287.jpg,,,,,4.34,61.52,0.73,29.45,0,219.0,220.67,220.67,SiVd3s SVNIW 1 5 ! 594a} CPf | 435-01 983 Drer/2 0 s60ijorfsr Kpxakun onx} nine Yau 118445 06 Ya81a0] 480228,21,0,0
aug_cnh_288.jpg,61.0,77.0,89.0,89.0,7.1,30.76,3.63,3.87,2,241.33,247.0,24.33,"1 = 1 1   II éf 1 1 1 :: 7 I1 , 1 ' 3e 1 1 88 1 5 7 8 J p 2 2 3 H |  ; 4 1 g 1 0062992562 0062992562 Ivnoijvk oiuoliuu3l 0 0001 WJ VOIIVA : 1",45,0,0
aug_cnh_289.jpg,123.0,945.0,28.0,28.0,4.98,72.9,24.58,0.41,0,220.67,222.0,222.0,eforlica tfderattya 00 842511 625527 00< 282702553 48 CATEPAMCOAAL {E HATACIO {EêitkVS E }terxiso s{ Çrat E2 {n?3 Sns 5i JGicsz 52 22752 C= 1 1 Gar: 1 53 5 1 E 2 ;,34,0,0
aug_cnh_290.jpg,458.0,860.0,149.0,149.0,1.55,7.59,0.02,5.47,0,252.0,245.67,235.33,9n 101 ; Ji0 uduon| D2095 %n04) 1 {8-096*877 Lss] '7e Ya (DOssIn1 [01J0 Jinozidon olpopiboon iboloy+oker oimaninan Wnons) Ousn Oorssv nuora '51097141580 oorns 007ieoa ~pibs Djjppid) (Y)oaimtisyaa ] oronoon 156ss18+708 Oaisio1 jJis-Szi'09z' 1980/ JOrquwii 300,36,0,0
aug_cnh_291.jpg,61.0,77.0,89.0,89.0,7.3,39.16,4.13,3.94,2,238.67,244.33,12.0,"1 1 7 1   II < 8 { ' 1 1 1 "" 8 ; é 1 11 ; 1 ' 5 1 1 88 1 5 8 1 1 p 2 2 88 3  1 IL ; 9  1 ' 3 ; 0062992562 0062992562 Ivnoijvk oiuoliuu3l 0 0001 WJ VOIJVA",51,0,0
aug_cnh_292.jpg,,,,,4.57,78.73,0.16,17.65,1,237.33,247.67,158.0,"Siyd39 SYNIV Msnnwsn Janoziaohoio | Pla Cil] 02i6a283 OPyy9a 3sxm 1 Svsrrilve Z-elswsy 8ai2 Bulsy 870/89/80 eiso/2 QPn 96,/79/50 N9iI9N)30 0sIW*38 /35122n *24*0 /O(xiniexh30 7YNODYN YxraLY 01150a1  17no1)7n747194945 59140450741 So0 Oia91sin1w dd 7syaa 00 Yaiiya1034 Y91140434",36,0,0
aug_cnh_293.jpg,875.0,560.0,86.0,86.0,6.59,18.85,3.75,3.49,2,238.33,248.33,12.0,"Valida [M Todo Tenhitonio Macional 2952662900 2952662900 8 4 1 F 1 1 1 1 L H 1 { U 6 REHL 1 8 1 { 1 1 4 "" | 8 8 1 1 1 1 I1| 8 1 0",41,0,0
aug_cnh_294.jpg,61.0,77.0,89.0,89.0,8.41,39.16,4.13,3.94,2,238.67,247.67,17.33,"1 7 1 1   II < 8 1 1 9 1 "" 8 ; é 1 8 1 ' 5 1  88 1 9 8 1 : p 2 2 88 3  1 IL 1 1 | 1 : ; 0062992562 0062992562 Ivnoijvk oiuoliuu3l 0 0001 WJ VOIJVA 1",49,0,0
aug_cnh_295.jpg,175.0,298.0,133.0,133.0,7.68,81.98,18.24,1.58,2,253.0,247.67,22.0,"REPÚBLICA FEDERATIVA Do BRASIL ministerio Dos TRANSPORTES BR S ECRETARia Nacional DE TRansito carteira nacional de Habiltaçio / DRIVER LICENSE / PERMISO DE Conducción Nomee SoBReNOME Madinvitacao Fernanda Nascimento DAIA [Ocnl { UF De Nascimenio 20/06/1972 Lima de Sales Daiaevissac Validade 19/10/2019 16/10/2029 1 DoCioeniidaDE ORGewissoR / UF 39.535.239-1 IFP 4d CPF oagigipo e 178.356.902-68 70845275201 1 NaciohalidaDE BRASILEIRO(A) FilIACAO 1 1 Diego Fernandes Sra_ Ana Almeida 1 Jornondo Yascimenb Assinaiurado poriador 9e 53 E 2 OBSERVAÇOES Assinado DICITALMENTE VaPAkusuun Ipasuo LOCAL 43361107081 1 BELO HORIZONTE, MG MG681606770 MINAS GERAIS",90,0,0
aug_cnh_296.jpg,170.0,291.0,146.0,146.0,7.18,81.98,18.49,1.82,2,238.67,248.0,14.0,"REPÚBLICA FEDERATIVA Do BRASIL ministerio Dos TRANSPORTES BR SECRETARia Nacional DE TRAnSito carteira nacional de Habilitaçio / DRIVERLICENSE / PERMISO DE ConDUCCIÓN 2€1nomeesobrenome HABILTAÇ^O Allana Caldeira Daia [ocaleufdenascimevio 05/01/1984 Fonseca do Galho DaiAevissac Validade 04/05/2020 02/05/2030 1 DOC [DENTIDADE / ORGeVissor / Ue 95.957.483-3IPF NPEGistpo e 325.041.768- 06608226300 1 NacionAlIDADE BRASILEIRO(A) FiLIAÇAO 1 1 Renan Aparecida Lara Andrade 1 dllanaBaldcira AssinaiuraDo PoriaDoR ACC 2 Ee OBSERVAÇOES AssinaADO DICITALMENTE DePaRIAMENIO {SIADUAl IRasuo LOCAL 4336+407081 1 BELO HORIZONTE, MG MG681606770 MINAS GERAIS d CPY",82,0,0
aug_cnh_297.jpg,,,,,5.1,69.24,0.71,26.06,1,238.33,242.67,163.0,"2w 701 1 2i0 212 ""6 Oxsynis ""2210 | Jd)p 09 di 10 /mossIm) LZ6' 29 | 980 / JOvauikIaI 300  szoz/z0/ 80z/z0/s1] JavdITYA Oyssin} Y8 znj) DP 8961/z1/s1 @1NJni)SYN J010 } 1201 vira { Oyvinigyu soJld Dilonudwj JnonJu8os } Jwon1 01- N0l)n0No) 30 0s7883d /36822n7 83680/0??yuneva ?0 702wP8B) Lu olisnyaa J0 iynoiavn Viav1iad]s C ikoziaoh ( 0178  So)ynarsbo = eocioa YAnYNISSY( @iudoidad) Duiiojd) olnojy onbosi] (voxiazisyxa 6469SSZZOSS Om lY 0u15/9J 1-1S9' YirO",73,0,0
aug_cnh_298.jpg,62.0,77.0,87.0,87.0,4.82,16.31,2.92,2.98,0,234.0,234.0,236.33,2 1 1 8 1 5 1 1 ; 1 | iund 1 ; g : :  1 ; 1 0062992562 0062992562 Ivxoiavk 0ix9liyuai 0 Ou0 W3 Voigva,28,0,0
aug_cnh_299.jpg,874.0,557.0,91.0,91.0,7.77,40.72,3.75,4.29,2,231.33,241.67,99.33,"Valida EM Todo 0 TerritÓrio MACIONAL 2952662900 2952662900 ; 1 1 1 f 1 1 In | 2 1 } 8 4 H :, ; 1 { II 1 | H 2 H 8 1 HH ;: | 1 1 1 1 II | 0 { 1 L 89 5",50,0,0
aug_cnh_300.jpg,154.0,368.0,182.0,182.0,3.81,22.9,10.82,2.26,0,218.67,220.67,221.0,"das Plres 44*% Or. H cho 2 2 1 1 2 shabhlfiacio /oryikeu Wnachowldeh carteiraa PadrasMT e xtu: 4ncutie Alrnoida 7o2 + {20/01/1995 {Noat 7/25/12/2035  {25/12/2025 {23,410487-0SS2 69491370458 149-88 {782.530  {04"" Lnss Soles Folipe tulz Mandonca Vitoria Morlo 'Dra: Iisk C2 222 2",43,0,0
aug_cnh_301.jpg,872.0,560.0,93.0,93.0,6.54,24.22,3.37,3.81,0,227.0,228.67,226.67,Vhlor EM Iodl @ Ieahiturio Xaeiuxal 2952662900 2952662900 ; Jull hpbkF 1 1 1 [ FKER  Hlikblkh] 5 Fl,19,0,0
aug_cnh_302.jpg,,,,,3.8,44.17,0.58,12.67,0,226.33,227.67,236.0,"506835,8 e",2,0,0
aug_cnh_303.jpg,874.0,557.0,91.0,91.0,7.85,39.65,3.74,4.24,2,238.67,248.0,14.33,"Valida EM Todo 0 TerritÓrio MACIONAL 2952662900 2952662900 p 1 1 1 1 JIn 1 2 1 { 1{ 2 8 H :, ; : 1 HI ; 8 | 8 5 2 H 1 4l ;: | 1 1 1 1 II | 1 1 L 5",48,0,0
aug_cnh_304.jpg,62.0,74.0,85.0,85.0,7.4,26.07,3.82,3.65,0,227.67,229.0,227.0,U ! 1 :  HHIU 1 1 1 94 1 006299256z 0062992562 }k0ray# 01801uu3i 8 0ü01 !3 vulJva 1,19,0,0
aug_cnh_305.jpg,147.0,264.0,174.0,174.0,6.15,71.0,41.92,0.01,1,245.33,244.67,41.33,"REPÚBLICA FEDDOS TraNSPORTES L CresreR' aronarA DE Transito SECRETARIA DEHABwLiTAçio/ DR.eR LICENSE / PErMISODEC MABILITAÇRO carteira nacional D 26 nOMee Dr. Renan Carvalho LoCAl F UF De Nascimento DATA 10/02/1982 Silveira ACC Valiqade DatA [Vissao (22/04/2031 (24/04/2021 DoC ioentIDADE , ORGE EmissoR / Ue PE 1 (37.169 S CTHab 4d CPF 14341125060 [483.019.657-20 1 [BRasilenrola Sr. Benicio Abreu 2 ; 1 |valentina Cassiano Corvolko 1 Do poriador ACC Cie DiE OBSERVAÇOES AssiMADO 8 Depariamemio esiadun De trawsito CONDUCCIÓ} Sobftroke 2754-4iFP (pegisteo AliACAO AssinAUrA [ DIGIALVENTE",85,0,0
aug_cnh_306.jpg,173.0,294.0,138.0,138.0,7.61,81.98,18.49,1.82,2,238.33,246.0,17.0,"REPÚBLICA FEDERATIVA Do BRASIL ministerio Dos TRANSPORTES BR S ECRETARia Nacional DE TRAnSito carteira nacional de Habilitaçio / DRIVERLICENSE / PERMISO DE ConDUCCIÓN Nomee SOBReNOME HABILTAÇ^O Marcelo Marques Daia Localeufdenascimevio 14/06/1993 Aparecida Verde Daiaeuissac 4b Yalidade 26/10/2023 23/10/2033 1 DoCioeniDADEhorgenissor(UE 32.460.659~ 2SSP 4d [PF NPEGistpo e 745.692.183-00 4501 496802 1 NacionAlIDADE BRASILEIRO(A) FiLIAÇAO 1 1 Nicolas Andrade Ana Sophia da Cruz 1 Marclo Marquee Assiyatura Do poriADOR ACC Ee OBSERVAÇOES AssinaADO DICITALMENTE DePaRIAMENIO {SIADUAl IRasuo LOCAL 4336+407081 1 BELO HORIZONTE, MG MG681606770 MINAS GERAIS",84,0,0
aug_cnh_307.jpg,874.0,557.0,91.0,91.0,7.59,39.65,3.74,4.24,2,238.33,246.67,15.67,"Valida EM Todo 0 TerritÓrio MACIONAL 2952662900 2952662900 1 1 1 1 H 2 1 1 A/ "" TE TI 4 TER 1 : 1 ; ; 1 | 5 1 2 1 8 1 [ 4 I 1 7 1 II | 0 I 1 L 89 1 9 f",51,0,0
aug_cnh_308.jpg,874.0,557.0,91.0,91.0,7.27,39.65,3.74,4.24,2,238.67,243.33,13.0,Valida EM Todo 0 TerritÓrio MACIONAL 2952662900 2952662900 : ; 1 1 1 1 [ 1 1 2 1 1 A/ é { 8 II 4 F 1 1 1 : 1 ; 1 { 1 | 5 1 2 1 8 8 01 1 7 1 9 1 1 1 II | 5 1 L 5,57,0,0
aug_cnh_309.jpg,174.0,293.0,138.0,138.0,11.13,81.3,29.87,3.05,0,157.67,159.33,162.0,REPUBLICa FEDERATIVA Do {KaSil {r0ns Ri 44870  0eir CArTELRA NACIONAL DE HABILITAÇÃO / DRIVER LICENSE / perMISO @E conducción [Iosn_wqual Rodnouss [30/01/193s Moura 80 Norte [77/201 [;703/2029 [ss2s9  OIIRGD 69257619816 Cexsnnow | {Tholes Alves {Claro Lma 5 5 | MINAS GERAIS [259834.02_72,42,0,0
aug_cnh_310.jpg,170.0,288.0,148.0,148.0,6.96,68.56,20.28,1.55,0,228.67,230.0,227.67,"REPÚBLICA FEDERativa Do braSil Istirio Dos TransforTes BR SecrEiara NaC owal dl Tkansitd carteiraNacional de Kabilitacio /driveR LICENSE / PerMISO De CONDUCCIÓN Ravl  Albuquarque 06/05/! 997 Mocedo 14/03/2024 12/03/2034 80.967.374-8iFP 1 273.896.105-30 15012745753 BRALSILEIRO | | Aonc cobdano pornado 1 [ | BtO HOklzOite , MINAS GERAIS",47,0,0
aug_cnh_311.jpg,,,,,5.08,66.26,0.81,19.08,0,233.0,233.0,236.33,"51va39 SVNIW | 2 citan 044 0s 1 ""4utl) 00.(91980 ~819' 1 ! 9-2/2y*894 2fa2 Cor/8o/ 98ono) Soly 9c6v/n1/60 N94)) 70n0) 30 057wx38735n3287 *3a/80 /0v 5xiaik 30 7NQU i/3181) 7sv*8 00 Ya1lva4a1",32,0,0
aug_cnh_312.jpg,177.0,295.0,136.0,136.0,5.42,80.89,17.84,0.41,1,248.0,251.33,160.0,REPublica Federativa Do BraSil iisterio dos Teamspoetes BR Seceetapia Wacioal de Teansito CAPTEIPA NACIONAL DE HABIUTAÇiO / DPJVER LICENSE / PEPMISO DE CONDUCCIÓN Coros Eavordo R nsa 01/12/1957 Morins 00 Comnpos CE 31/10/2012 2/10/2022 1 IDE Foie{raa 50239.663-iifp Go Snbas en 435.792.620-65 02424453129 1 ; BpaSileipa) AC : Benkcio Feonce 2 Bonco Mocedo 1 ; 22 2 22 E 2 SKonvEn{ 0040 V 888286010ei 1 Belomoronilu Ucskosno MINAS GERAIS,69,0,0
aug_cnh_313.jpg,174.0,295.0,138.0,138.0,10.57,100.0,34.59,2.37,2,202.67,212.67,14.33,"REPÚBLICA FEDERATIVA Do BRASIL ministerio Dos TRANSPORTES BR 5 ECRETARia Naciona L DE TRAnSito carteiranacional de HabilitAçio / DRIVERLICENSE / PERMISO DE ConDUCCIÓN Nomee SOBRENOME KaBiUTACAO Lorenzo Correia Daia [ocaleuf denascimenio 28/03/1969 Nunes das Flores Daiaeuissac VAlidade 17/02/2020 14/02/2030 1 DoCioeniDADehorgenissorUE 98.388.333-2SSP N"" REGISTRO e 1 094.625.187-85 44638949443 NACIONALIDADE BRASILEIRO(A) FILIAÇO 1 | Sr. Andre Mendonca Sophia Ribeiro 1 Yorenn Borrcia Assinaturado poriador ACC E Ee OBSERVAÇOES AssInADO DICITALMENTE DgpariangnioesiADuA Ipasuo LOCAL 4336+407081 | BELO HORIZONTE, MG MG681606770 MINAS GERAIS 4d (Pi",82,0,0
aug_cnh_314.jpg,182.0,299.0,124.0,124.0,7.53,55.42,19.47,2.01,0,227.0,228.33,237.0,"Kerubifcafederativa Do KrASil R4; carteira yachonl DE #ABIUTACIO FDRiVER UCENSE { PERMSODE COMDVCCIÓn {uana Lz Sales lianas_Rodngues [i2/22/282_J6i/zi2o3 {8s.778.290-#Pc [22,50255 58508580735 Lvnoy 1 | Yhcios {50 Staphani Porf? F | MINAS GERAIS sna",33,0,0
aug_cnh_315.jpg,138.0,293.0,177.0,177.0,8.81,60.98,45.68,0.41,2,238.0,241.33,154.33,U  DE DE HABILTAçÃO / RN LOC DaTa Luigi ORo RO 55 1 4d (Pf 1 Felipe Arogoo ª 1 Sra. Maria Flor Marques 2 1 Assinatura Do PortADOR ACC C1e Die 12 OBServACOES ; Assiado DIGIT FEDERATIVA ORTES TRans TRansito REPÚBLICA Dos DE MinisteRio Cong nacional 'PERMISOE SecRetaRia 'LICENSE } 'DRIVER ! b INACIONAL E caRTEIRA | SobrenONE Mascimeno Nomees uFde Covolconti Sontos 16/06/1951 NAliQADE 15/08/2027 {Vissao DAIA  17/08/2017 eissor DOC IDentIDADE | 647.250-9ipf Registbo 84 36764198589 543.019.678-93 NAco AlDADE BRASILEIRO(A) Fillacko Gavalconb,84,0,0
aug_cnh_316.jpg,63.0,76.0,86.0,86.0,5.92,15.72,3.49,3.53,0,227.67,229.0,227.0,1 | } ; ! 1 1 0062992562 006299z56z Kruizkh Cilqliy4}ln 0401,12,0,0
aug_cnh_317.jpg,172.0,292.0,142.0,142.0,3.7,46.61,11.41,0.71,0,232.0,231.67,236.67,"REPÚBLiCa FEDERativa Do B RASIL FstERio 805 TRA '8sprrnato 84 Ecreara Nacional Carteira nachonal de habilitacio / drivEr Lucense / peraiso De COnDuCÇion  Nicole Borges [,4/04/1972 Sousa do Norte [3i/*0/2019 28/10/2029 |21.820.729-SPC 1 273.064.916 65932685452 @ 1 1 Ganl Herrique Pimenia 3 Bella Rodrigues 9 2 5 1 MINAS GERAIS",50,0,0
aug_cnh_318.jpg,,,,,7.79,81.98,1.84,18.96,2,238.67,248.67,15.33,SIVà39 SVNIW o8oo9r9esw 9w J1nozidoh 01f) 1 OuskYuL IynayIs} OIMJWYIYYd)0 ainzkiyoia QoyniSSY 53024A83590 EoOyoaoQanaisst 1 SBDAON Duun] 5 obJDWD) enbyueh oaDisns Coanasvaa | 1 JoyonykOiyN ZSt 565z690 Sl-879*+6/*SOS 1 OYM 1Yd 04151938N d) Ps NVY1JO9-SSZttt'OL / HoSsIn] J*0 aoyauvaqiooa 27 ssoz/90/sz szoz/90/8z 1 orourA 04 OrssInafiyo € 9H Hud?idad] 6561/80/60 OINJnijsyk g0inino1yivo Djjeng edileg ODof Ovoviridyh JNONJugos ) JHioN / 2 N9I))00N0230 OSI//*3d /35N7217 *3//*0 / OvjYL/7IqyH J0 7YNOIYN YNlJLYY) OLiSnya1 J0 7vnoijvn Viay1]a)]s s31dOdSNvd1 soa oid]1siniw &8 7iSVà9 00 VAIlVdJ0] VJiaod3à,82,0,0
aug_cnh_319.jpg,873.0,559.0,98.0,98.0,10.52,35.64,4.59,5.24,0,211.67,160.0,161.33,Yalida ERe T0q0 0 taanuniu Aacioral 2952662900 2952662900 #luklpbkl 1 ; 1 hiliyblll] FRER { | 1,17,0,0
aug_cnh_320.jpg,175.0,296.0,136.0,136.0,6.88,81.98,18.19,1.49,2,242.0,249.0,28.67,"REPÚBLICA FEDERATIVA Do BRASIL ministerio Dos TRANSPORTES BR S ECRETARia Nacional DE TRansito carteira nacional de Habilitaçio / DRIVER LICENSE / PERMISO DE ConDUCCIÓN NomeesobReNoME HABILTAÇ^O Emanuel Mendonca DAIA [Ocnl { Uf De Nascimenio 25/03/2003 Aparecida do Norte AL Daiaevissac Validade 19/05/2021 17/05/2031 1 DOC [DeNTIDADE / ORGeVissor / Ue 29.136.373-3IPF 4d [PF NePegistpo e 580.926.314-33 38114456255  NaciohalIDADE BRASILEIRO(A) FiLIAÇAO 1 1 Vitor Mendonca Carolina Silveira 1 Ton Lendonca Assinaiurado poriador ACC Ee OBSERVAÇOES AssinaDO DICITALMENTE ; DePaRIAMENIO {SIADUAl Iransiio LOCAL 4336+407081 BELO HORIZONTE, MG MG681606770 ' MINAS GERAIS",89,0,0
aug_cnh_321.jpg,172.0,273.0,156.0,156.0,7.94,90.92,41.37,0.53,1,212.67,217.0,13.0,REPÚBLICA FEDERATIVA Do B RASIL MinisteRio Dos TRanstORTes BR sEcReEtaRia Nacional DE Transito CARTEIRA NACIONAL DE HABILITAÇÀO / DRIVER LICENSE / PERMISO DE CONDUCCIÓN Noveesobrenoye PABILITACO Enzo Gobriel Gomes 3 Daia loCaeUF Denascivevto 17/04/1975 Roso DatA Evissio ViliQADL ACC 16/02/2019 13/02/2029 1 4C DOC [DENTIDADE / ORG [VISSOR / Ue 16.361.333-9PC Ad (Pe Registro UihAb 381.704.295-79 01764087380 1 NacioyALIDADE BRASILEIRO(A) FILIACo ; 1 Froncisco Sontos 5 Dra. Maria Eduardo da Conceicao 1 Sobrtl Some Assixatura Do PoriADOR ACC Gie Die 12 ObsERVAÇÔES 2 AssInADO,84,0,0
aug_cnh_322.jpg,166.0,285.0,165.0,165.0,4.88,51.9,14.76,0.97,0,230.67,230.33,236.67,"REPÚBLlCA FeDERATiva Do BRaSIE 57enio 09s Po#tes Nario Petransiis Carteranacional @e Habhlitacio/DrivEr Eicense /Permiso Deconducción"" {Renan Leuo {03/98/19e2 Moura jas Flores {i2/01/2018 (,8/01/2028 [É235. 305-Bipf 087,641.325 6221207*699 { [KSEROs | 1 52 cavoccaclie Peotr 1 5 1 MINAS GERAIS",39,0,0
aug_cnh_323.jpg,173.0,295.0,137.0,137.0,7.42,81.98,18.49,1.82,2,238.67,248.67,169.33,"REPÚBLICA FEDERATIVA Do BRASIL ministerio Dos TRANSPORTES BR S ECRETARia Nacional DE TRAnSito carteira nacional de Habilitaçio / DRIVERLICENSE / PERMISO DE ConDUCCIÓN Nomee SoBReNOME HABILTAÇ^O Nicole Casa Grande Daia Localeuf denascimevio 14/08/1998 Teixeira das Flores DaiAeuissac Validade 14/06/2017 12/06/2027 1 DoCioeniDADEhorgenissor(UE 74.797.592-7IPF NªREGISTRO e 867.041.253- 00591151917 1 NacionAlIDADE BRASILEIRO(A) FiLIAÇAO : 1 Dr. Asafe Nunes 3 Cecilia Rezende 1 Baso Srande assiyatura Do poriador ACC Ee OBSERVAÇOES AssinaADO DICITALMENTE DePaRIAMENIO {SIADUAl IRasuo LOCAL 4336+407081 1 BELO HORIZONTE, MG MG681606770 MINAS GERAIS d CPY",84,0,0
aug_cnh_324.jpg,177.0,290.0,167.0,167.0,12.54,84.82,51.37,2.51,2,194.67,200.0,9.0,REPÚBLICA FEDERATIVA Do B RASIL Ministe R1o Dos TRanSPORTES 5EcRETARia NaCional 0 E TRaNSito CARTEIRA NACIONAL DE HABILITAÇÃO / DRIVER LICENSE / PERMISO DE 20 Nome[ SobR[noMe IhalosMachado 3 DaIA loCAL [ UF denascilento 06/11/1946 Abrou DatA [Viss40 46 Valiqade 1 /07/11/2018 04/11/2028 4 DoC IDEnTIdADE / ORg [Missok / UF 66.105.106-sifp MA 4d CPe 1 238.049.175-50 576894865941 NacionALDADE BRASILEIRO(A) @ 1 Sr.aHon Gabriel Pinto 1 Dra. Agatha Almeido JhaloMachado Assiy AtUrA Do PoriADOR ACC Cie D1e 12 ObservaÇoes ; Demamassinioo dio ESTADU LOCA (o BELO HORIZONTE Mc 43364407 Honry,90,0,0
aug_cnh_325.jpg,147.0,332.0,165.0,165.0,6.83,90.92,28.86,0.04,1,237.33,242.67,21.33,"Republica FedeRativa Do BRasil MinisteRio Dos Vransporvs BR Sicreiaria Nacionai 0i 7ransito carteira nacional de habilutacio / driveRLicense / permiso de conduccion NonC Soakinoa Malilak0 Jooo Fellpe Leoo Mu (cu Oenascinanio 23/06/1948 Fochoco Miivhuo aiek 24/06/2017 22/06/2027 1 Axioenilcoeooivioeeue 62,.265 892-sipf SP 4e Neioaiko 801.789,465=7s 7288854521 1 nacioniidl Mnasilliko(a) Piln ; 1 Nlcolos Plnto 3 Morcelo So 1 Lqu Dofoau ACC Oenekiakoes 2",63,0,0
aug_cnh_326.jpg,176.0,294.0,139.0,139.0,8.08,81.98,18.49,1.82,2,238.67,247.67,12.33,"REPÚBLICA FEDERATIVA Do BRASIL ministerio Dos TRANSPORTES BR SECRETARia Nacional DE TRAnsito carteira nacional de Habilitaçio / DRIVERLICENSE / PERMISO DE ConDUCCIÓN Nomee SoBReNOME HABILTAÇ^O Kevin Araujo Daia Localeuf denascimevio 10/02/1969 Fernandes da Serra RO DaiAevissac VAlidade 07/09/2022 04/09/2032 1 DoCioehoaoe Orgenissor (UE 12.706.599 - IIRGD 4d [PF NªREGISTRO e 319.428.570-04 56849016388 1 NacionAlIDADE BRASILEIRO(A) FiLIAÇAO 1 1 Benicio Melo Srta Maria Julia Rios 1 Xcuin assiyatura Do poriador ACC Ee OBSERVAÇOES AssinaADO DICITALMENTE DePaRIAMENIO {SIADUAl IRasuo LOCAL 4336+407081 1 BELO HORIZONTE, MG MG681606770 MINAS GERAIS drouje",87,0,0
aug_cnh_327.jpg,874.0,557.0,91.0,91.0,7.41,39.65,3.74,4.24,2,238.67,247.67,14.33,Valida EM Todo 0 TerritÓrio MACIONAL 2952662900 2952662900 1 1 1 1 1 I 2 1 1 A/ 1 1 II 1 TEE 1 : 1 ; { | 9 U 2 1 8 8 1 7 1 2 1 1 II | 5 1 L 5,47,0,0
aug_cnh_328.jpg,175.0,295.0,139.0,139.0,7.08,53.39,19.99,1.69,0,224.67,226.33,235.33,Qaisaheiaelssnninedy Amahanulo Fle7 [6272129- Lesnzgz 3 | } E 1 WNAS GERAIS (9,13,0,0
aug_cnh_329.jpg,181.0,302.0,127.0,127.0,3.49,75.47,15.19,0.0,1,252.33,233.33,166.0,"Repunlica Federativa Do BRasil Doterio 00s Ranspores BR SeCreir Nacional OE tranono CarteiRA NACIONAL de habilitacio / drieRUCense / Peruiso de Conduccion Sonv Comtonv r 18/10/1981 Sunks dus Flores lasnron ce/ {8oy 82 61/,484-6F 360802 148-7 4j6i030063 pKasillikon 1 Dn (Mecv Nvoueln Murto Melenu Guetvu Vnyi 36iinayi 1 Belohakiante AKs t Ianii MINAS GERAIS",54,0,0
aug_cnh_330.jpg,175.0,295.0,133.0,133.0,0.15,17.89,0.71,0.0,0,244.33,248.67,164.33,REPÚBLICA FEDERATIVA Do BRASIL ministerio Dos TRANSPORTES BR SECRETARia Nacional DE TRansito carteira nacional de habilitaçio / DRIVER LICENSE / PERMISO DE ConduCciÓn Nome e SObREnoMe Marinitacao Maria Vitoria da Mata DaiaLoealeufdenascimehto 08/12/1984 Aparecida Daiaeuissac Validade 27/01/2020 24/01/2030 1 DOC IDENIIDADE / ORG eVissor / UF 85.631.563-7IIRGD Ad [PF NªREGISTRO e 154.709.326 85429177684 1 NAcoMALDADE BRASILEIRO(A) FilIACAO 1 1 Antonio Pastor Laura Caldeira 1 Maro Ulonlo d Mab assinatura Do PoriaDoR ACC 2 OBSERVAÇOES Assinado DICITALMENTE ; DePaRIAMENIO ESIADUAl IRasuo LOCAL 43361407081 BELO HORIZONTE; MG MG681606770 ' MINAS GERAIS,89,0,0
aug_cnh_331.jpg,872.0,558.0,93.0,93.0,6.16,18.65,3.48,3.56,1,253.33,244.0,166.0,"Valida EM Todo Ilnnitonio nacional 2952662900 2952662900 6 8 1  [ 1 1 { "" 8  TFRE F | 4 ; 1 ; 18 2 | 1 8 8 1 1 1 H 1 0",35,0,0
aug_cnh_332.jpg,,,,,2.55,21.58,4.45,1.12,0,238.33,234.67,160.33,Valida EM Todo 0 Ierritorio Na 2662900 2952662900 { 3 6 5 @ 8 * { g 9 6 0 1 f 1 1 1 1 1 { 1 F 1 9 { } 1 [ 1 1 { 1 1 1 1 1,44,0,0
aug_cnh_333.jpg,172.0,289.0,163.0,163.0,8.74,86.18,41.09,0.62,2,237.67,240.33,20.0,REPÚBLICA FEDERATIVA DO B RASIL ministeRio Dos TRansPoRTEs SECRETARia Nacional DE TRansito CARTEIRA NACIONAL DE HABILITAÇÃO / DRIVER LICENSE / PERMISO DE CO Wohe{ Sobrenoue Fornando Nogueira DaIA loCa { Uf De Nascimemio 03/01/2003 Nogueira do Oeste PB 4 DatA e Viss40 ValIQADE 1 30/08/2016 28/08/2026 DOC IDENTiDADE / ORG eVISSOR / Ue 35.315.586-1 DETRAN DF 4d (PF 1 384.015.296-89 83729293923 SNREGLSTRO NaciohaliDADE BRASILEIRO(A) 3 ª 1 Gabriel Sales Ana Laura Melo nando Moquaina AssinatURA Do PortaDoR ACC C1e Die OBSERVAÇOES ; AssinADo Diciia 1,85,0,0
aug_cnh_334.jpg,,,,,6.49,31.54,3.97,4.73,2,179.67,172.0,94.33,valida EM Todo 0 Territorio HacionAl 52662900 2952662900 ; 1 1 1 6 1  1 ; ; 2 1 8 F 8 8 8 I | 1 2 6 1 [ 1 1 1 1 F 1 | 1 1 ; 1 | 1 8 1 1 1 | 1 1,51,0,0
aug_cnh_335.jpg,424.0,574.0,137.0,137.0,5.53,81.71,0.94,17.99,1,238.33,248.0,168.33,"SIVà39 SVNIW Omovowirt W unoinohonw) | Qhnyea Wooyis b oninyieyulo Uihyooykhtn Mcannno cooren 1 seAeN {PP C02 5 ""n1yo00f 1 g (Voxiuisvxu MiruiWAolyn SySes 1r869 8y-Orl 619 5s8 1 09/v/213 N Jil-S6r Y9r SS M1/notime Wn / Miyulinnibon 1 sroc/ro/so Soe/zo/so Mvol Iy^ 0y4nln Vivn € dioud DP qudia ssel 6o/se nanane nb Yivd Soiy 2ini Inon iavos / non N9i))n0N0)30 os//*3d /35N32/7*3A180 / OvJvL7gyh J0 7OIYN YiZYY) Ousnv( Vnoivn 4vius 7osnv41 s00 0i4 Gsiin à8 Usv4a 00 Va1iv4101] Vaiiaqj74",80,0,0
aug_cnh_336.jpg,180.0,239.0,166.0,166.0,3.8,64.36,36.99,0.0,1,247.33,238.67,162.67,oiU B LIcA FEDERATIVA menisteRio dos Do BRASIL SECrETARIA NACOC RAnSPRtES BR Transito CAgTEIRANACIONALDEHABILTAçãO/DRIERL Nohee SOBRENOVE 'LIceNSE } PeRMISO De conducch Ano So MABUTAC4o DAIA Iokaleuf De Mascimento (22/01/1962 PR DAtA eMI5540 1 12/02/2024 [09/02/2034 ACC 47 DoC iDenTIDADE ! 0Rg EMissor /UF 842.707-6SSP PR 1 [391.876. 'REGSTRO CaT MaB 542-37 01491464414 NaCIO AliDADE BRASILEIRO(A) 2 : 1 FiLACKO Cavalcante 1 [Giovanna Pimenta Ya AssinAtura Do Portadok ACC Ge DIE 12 OBseRVAÇOES ; Drmammassmaoosiolannisno  LoUA 43364107081 (o DELO HORIZONIE MG MG681606770 Vitorio Vosconcelos Somuel Ana Uiloria,86,0,0
aug_cnh_337.jpg,874.0,559.0,90.0,90.0,8.41,42.09,3.79,4.36,2,237.0,247.0,7.33,Valida EM Todo 0 TerritÓrio MACIONAL 2952662900 2952662900 1 1 F 1 H 1 | 2 1 1 é 1 2 4 1 1 ; 5 1 HEH | 8 1 2 1 1 ; 1 4 1: 1 4 1 1 II | 5 1 L 89,48,0,0
aug_cnh_338.jpg,179.0,301.0,128.0,128.0,8.23,81.98,18.49,1.82,2,238.67,248.67,13.67,"REPÚBLICA FEDERATIVA Do BRASIL ministerio Dos TRANSPORTES BR SECRETARia Nacional DE TRAnSito carteira nacional de Habilitaçio / DRIVERLICENSE / PERMISO DE ConDUCCIÓN NomeesobReNoME HABILTAÇ^O Maria Liz Montenegro Daia [ocaleufdenascimevio 13/04/1998 Lopes dos DouradosRN DaiAevissac Validade 22/04/2023 19/04/2033 1 Ac DOC [DENTIDADE / ORGeissor / Ue 67.371.188-2PC 4d CPF NPegistpo e 182.769.354-19 23775569710 1 NacionalIDADE BRASILEIRO(A) FiLIAÇAO 1 1 Davi Miguel Freitas Raquel Fonseca 1 Mondansone Assinaiurado poriador ACC Ee OBSERVAÇOES AssinaADO DICITALMENTE DePaRIAMENIO {SIADUAl IRasuo LOCAL 4336+407081 1 BELO HORIZONTE, MG MG681606770 MINAS GERAIS",84,0,0
aug_cnh_339.jpg,873.0,557.0,91.0,91.0,6.04,21.97,3.56,3.54,1,220.33,228.67,35.0,Valida EM Todo 0 TerritÓrio ACIONAL 2952662900 2952662900 ; 1 1 1 0 1 JIn 1 1 1 1 7 TI 2 [ H6 1 : 1 ; 1 ; 1 1 { 1 2 | 8 1 1 1 7 ; II | 5 1 L 99 1 8,50,0,0
aug_cnh_340.jpg,173.0,295.0,139.0,139.0,5.01,76.02,15.97,0.48,1,237.33,247.67,168.67,Rerunlca Fderativa Do HRast BR cartlira nacional de HabltACAo /dreruicunse / PERNiso 0l (onduccion Uuee Keuiy Omiamen Nmk 8ey A8n 08969 9uayaa 1 Mmiaie Mmeiiv Aim Chnw Dhe 1 Miayavainin ianim/4n MINAS GERAIS,33,0,0
aug_cnh_341.jpg,,,,,6.14,50.27,1.86,29.23,0,156.67,159.0,162.67,Siesa9syni 1 9 0l 582q7 Jinonntazo,6,0,0
aug_cnh_342.jpg,61.0,75.0,86.0,86.0,3.76,13.09,2.16,2.08,0,232.0,232.33,236.33,1 2 : 1 1 :; 1 ! HA 1 1 p 8 { | { 1 [ [ 006299z562 006299256z xoiaya 01u91i8yai 0 Cud1 W} #oiya,27,0,0
aug_cnh_343.jpg,61.0,77.0,89.0,89.0,8.01,39.16,4.13,3.94,2,238.67,248.67,12.0,1 7 1 1   II < 2f 1 1 1 8 ; é 1 l: | 8 8 : 1 ' 2 1  H84 9 7 1 1 p 2 2 88 3 N IL : ! 1 1 1 ; 0062992562 0062992562 Ivnoijvk oiuoliuu3l 0 0001 WJ VOIJVA : 1,51,0,0
aug_cnh_344.jpg,172.0,290.0,145.0,145.0,9.09,100.0,32.9,1.39,2,210.33,220.67,11.67,repÚBlICA Federativa Do Brasil Tisteio 00s Trasportes BR SeC2etiencioril de 724sito CaiEe{NQONL [HsUnÇiD / DuuuuY /PvsOcAAGQÚN Nhene Conerse Seand 11/91/1991 Cess8na Pn 16/91/2018 15/91/228 Da au {865579{oeieu 651 824843-70 12584819248 1 Euunou 1 1 93 Va Crr ! Jn Cesa Grone 1 sUTar ; aad You Lsn9 ; MINAS GERAIS,50,0,0
aug_cnh_345.jpg,144.0,221.0,152.0,152.0,2.24,25.47,10.3,0.6,0,221.67,220.0,222.33,de {Kciqus jb Rore {98705/1978 Juaz {Eona_Jlusarzss TFP {Zi27  {751312402 22 Donici Mondes H1 Camnpos 52 2 Se 45 492 2 2 251 9 22 ; Perxseucco haBILTAÇÃOF DRIVER LiceNSE / CARiEIRA NACOAL [ Nevar 151538553202  Joana,37,0,0
aug_cnh_346.jpg,169.0,293.0,146.0,146.0,4.8,81.71,17.17,0.15,1,249.33,250.67,237.33,REPÚBLICA FEDERaTIva Do BRASIL isterio Dos Transportes BR Secretaria Nacional De Transito CARTEIRA NACIONAL DE HABILTAÇiO / DRIVER LICENSE | PERHISO DE CONDUCCIÓN sra. Ano Cloro Faios AA Msavr 19/07/1977 Forios 08/02/2017 06/02/2027 4ara 46.835.686-Odeiran Laa< 216.850.394-05 4188474296 1 BRASILEIRO() 1 2 1 Educrdo Jeireiro Sorah Velo 1 4( 9 Doconnoos 22 25ooae ui7 ; ECesai 49324ocai 1 BElO HORDOMIEVG VC6sieoero ' MINAS GERAIS,64,0,0
aug_cnh_347.jpg,177.0,296.0,133.0,133.0,2.54,69.11,10.73,0.0,1,253.0,246.33,92.67,"REPÚBLICA FEDERATIVA Do BRASIL ministerio Dos TRANSPORTES BR SECRETARia Nacional DE TRansito carteira nacional de habiltaçio / DRIVER LICENSE / PERMISO DE ConducciÓn Nomee SOBRENOME Madinitacao Lucas Gabriel Araujo DAIA [Ocal { UF De Nascimenio 14/05/1994 Jesus das Flores Daiaeuissac b Valload 30/10/2019 27/10/2029 1 DoCioeniidaDe Orgevissor {UE 39.327.546-6SSP Ad cPC Nepegistpo o 204.571.986 95623836742 1 NacionalidadE BRASILEIRO(A) FiLIACAO 1 1 Benicio Rezende Luna Nunes 1 EucasSabrialdrouje AssiyaiuraDo poriacor 2e 7o7 OBSERVAÇOES Assinado DicITALMENTE Lpahhknnka Tphsuo LOCAL 43361107081 1 BELO HORIZONTE, MG Mcoe 1606770 MINAS GERAIS",86,0,0
aug_cnh_348.jpg,,,,,6.17,56.91,1.52,18.71,0,226.0,228.0,235.33,Sita19 SVNIW | cijsnbis ojeMlo Moo 02728828285 1 4S50-JLS L98 osoz/10/9 ocoz/ i0/2;| Zba PP Eooz /80/v0 } Ouenbon ovon 309} 401237080270 05h8436 /1503217 8i4/80 /04jxzr7isyua 39 7noiyn Y*illan) 75v88 0a Yatlyaja} 774043,33,0,0
aug_cnh_349.jpg,175.0,296.0,136.0,136.0,11.77,100.0,35.08,2.82,1,188.67,201.0,178.33,"REPÚBLICA FEDERATIVA DO BRASIL ministeRio Dos TRANSPORTES BR 5 ECRETARia Naciona L DE TRANSito carteiranacional De HabiLITAçÃO / DRIVERLICENSE / PERMISO DE CoNDUCCIÓN Nomee SobRENOME KABIUTAÇAO Theo da Paz Daia [ocaleuf denascimenio 27/08/1966 Oliveira de Goias Daiaevissac 40Yalidade 20/12/2016 18/12/2026 DOC IDENIIDADE / ORG ewIssoR / UF 22.990.884-7IFP 1 Ad@P NePegistpo e 316.509.782-86 32150277046 NACIONALDADE BRASILEIRO(A) FILIAÇIO 1 | Podro Aragao Maria Laura Gomes 1 Jhec d Sar Assinaturado poriador ACC E Ee 5 5 OBSERVAÇOES ASSINADO DIGITALMENTE DepariangmioesiADuA Ipasuo LOCAL 4336+407081 1 BELO HORIZONTE, MG MG681606770 MINAS GERAIS",89,0,0
aug_cnh_350.jpg,165.0,344.0,169.0,169.0,3.97,56.37,13.76,0.0,0,227.0,227.0,228.33,BepubugrFrdepativa Uu 844841 A D #rrstd Bf {uannoniihalsco{urspinisepuncurcoencie Lne 69cei 692 {222 470274 71318728448 L2 | W 44k ! 5 4 20,22,0,0
aug_cnh_351.jpg,,,,,6.09,50.68,18.05,2.24,0,217.67,219.67,220.33,"'Isttrio Kderativa Do BRaST{ SPoktes tr Jlis/s, | | {861 728-59 1 %0 1 5 8 0  REfheLICA Asuto Carteirasachonal crhabhlijacao ; orherlcense ! [s #Permiso De conDucCion  [29/09/s955  Forios [1/c2/2219 5/2028 fei.900.237-bSSP 635 132547119035 {rnseassn) [Davi Miquai Almhelda Eleo Souzo 5 52 Re 399 Ca",46,0,0
aug_cnh_352.jpg,173.0,295.0,137.0,137.0,4.8,77.51,16.85,0.53,1,237.33,244.0,159.67,"Vlfuhlica (ldlyativa Do #yasi 00e 5Ameno ""vo BR  Aeon carteiranactonal de Habiltaçho / drtverLicense / permiso de Conduccion benlo Llroo 14/00/1064 Cordogo d6 Oobio (68/12/2017 06/84/2027 24,618710-6iimco Degiliee 78 660 462=6 00042648260 Mmasiltivoua) 2 1 Anoreharoee Moria Fernanda Silvo 78248e 28044 8869907007 1 Meionolvovte Mg Mg60i66677o MINAS GERAIS 7674",49,0,0
aug_cnh_353.jpg,177.0,295.0,134.0,134.0,6.14,54.2,15.69,1.23,0,230.0,229.0,237.0,REpubliCA FloERATiVA Do Brasil 591o Pos { Ra @rues Ao*4 Ransurd CartehramacJonal De HABilhacso /Drhver License/ Permso De coxouccien {ECª Maruallo Cavalcarili Guayru da Prala [579172922 fi0/01/2033 [59.324.159-8DETRAN [16.534702-08 82251721687 1 Jouo_Yiter #pararda sopha da Moto 5 # | MINAS GERAIS {25/95/'931 {erasi,43,0,0
aug_cnh_354.jpg,168.0,289.0,149.0,149.0,7.5,81.98,18.49,1.82,2,238.67,248.33,168.67,"REPÚBLICA FEDERATIVA Do BRASIL ministerio Dos TRANSPORTES BR SECRETARia Nacional DE TRAnSito carteira nacional de Habilitaçio / DRIVERLICENSE / PERMISO DE ConDUCCIÓN NomeesobReNoME HABILTAÇ^O Dr. Thales Pastor Daia Localeuf denascimevio 30/03/1973 Marques DaiAeuissac Validade 18/04/2021 16/04/2031 1 DOC [DENTIDADE / ORGeVissor / Ue 19.868.879-3PC 4d [PF NPegistpo e 842.513.679-28 57185932706 1 NacionAlIDADE BRASILEIRO(A) FiLIAÇAO 1 1 Gustavo Henrique Duarte Sofia Nascimento 1 Jhake Poslor Assiyatura Do poriador ACC E Ee OBSERVAÇOES AssinaADO DICITALMENTE DePaRIAMENIO {SIADUAl IRasuo LOCAL 4336+407081 1 BELO HORIZONTE, MG MG681606770 MINAS GERAIS",85,0,0
aug_cnh_355.jpg,522.0,654.0,155.0,155.0,8.17,77.64,2.23,27.99,2,210.33,217.0,14.0,"91n a10 5Jq3v/87580, 91) #OaYOa OoYunlYNISSY Soiuds Zvidpb Duy Diso) DP udaa ""0 Oyovi} (v)oxiausvaa GoranYkODFN {OLSVS+9SGZ 69-1+6*825*094 IYIY 041519J6 Jd)pY Ov NVYLJO /-{16*Lz1*81 In / 10SSIN1 940/ JOYQlIMJOI D00 > 8zoz/so/91 810z/s0/61 JardnYyA 9t Oyssin] Firotr o4/09 OP Dyjoy   +661/11/60 OLkiniDSYN J0 J0 3 1201 YIYO sould Sisi Dudw JnON J8bos } Jnon! ' oyovinidy Ngi))nano) 30 0S1K*3a / 384327834780 /O!ÁMIIIfYH 30 7NOIWYnI? 011SNya1 10 7vnoiovn V1av11a215 40| SNvd 1 so0 o1dJ151N 70779091899w ibolotroeer Olsn? Inavisa ouawyiYd30 JnOZiMOH JnJH Iyli9i0  ooyhISSY",82,0,0
aug_cnh_356.jpg,170.0,290.0,145.0,145.0,7.4,81.98,18.49,1.82,2,238.33,248.0,14.0,"REPÚBLICA FEDERATIVA Do BRASIL ministerio Dos TRANSPORTES BR S ECRETARia Nacional DE TRAnSito carteira nacional de Habilitaçio / DRIVERLICENSE / PERMISO DE ConDUCCIÓN Nomee SoBReNOME HABILTAÇ^O DaviMiguel Sales Daia Localeufdenascimevio 17/05/1977 Pastor das Pedras DaiAevissac 46 Valipade 25/05/2022 22/05/2032 1 DOC [DENTIDADE / ORGeVissor / Ue 47.595.174-1 IPF 4d CPF NPEGistpo e 053.249.186-60 39800688564 1 NacionAlIDADE BRASILEIRO(A) FiLIAÇAO 1 1 Thales Casa Grande Brenda Fernandes 1 Dao Mliquel Jako Assinatura Do poriADOR ACC Ee OBSERVAÇOES AssinaADO DICITALMENTE DePaRIAMENIO {SIADUAl IRasuo LOCAL 4336+407081 1 BELO HORIZONTE, MG MG681606770 MINAS GERAIS",89,0,0
aug_cnh_357.jpg,61.0,77.0,89.0,89.0,8.42,39.16,4.13,3.94,2,238.67,247.67,15.0,"1 1 7 1 {   II < 8 ;1i 1 1 1 "" 8 ; é 1 I1 ; 1 ' 5 1 1 8x 1 { 7 4 1 p 2 2 3 # | ;  1 1 ; 0062992562 0062992562 Ivnoijvk oiuoliuu3l 0 0001 WJ VOIJVA 1 1",50,0,0
aug_cnh_358.jpg,27.0,422.0,62.0,62.0,0.81,12.87,0.04,4.56,0,226.67,226.0,228.33,SIVM 75 SVnIIv 5 1,5,0,0
aug_cnh_359.jpg,167.0,324.0,177.0,177.0,7.39,73.04,25.8,0.17,0,223.33,223.67,224.0,REPÚBLICA FEDERATIVA DO BRASIL BR LnisTRio Dos Zansportr SECretaRin Yactonal DE TRansvio carteiranacional de Habiltacio / drnerlicense }Perhiso de condUCC Rofoel  Brlto 1 28/05/1997 Olivoiro {25/02/2023 [22/02/2033 {25.820.274-ZDETRAN Cc {840.935.!26-98 47077250600 1 {ORASILEIROCA? @ 1 Dr . Samuel da Cruz Sra Allono Ribelro 1 Brda 4 5 En 2n 1 22 25 0,53,0,0
aug_cnh_360.jpg,873.0,557.0,93.0,93.0,4.14,13.77,3.17,3.33,1,250.0,250.0,44.0,"Valida EM Todo Territorio NACIONAL 2952662900 2952662900 ; 7 ! 1 1 1 1 JIn 5 M 1i 8 H 2 F 888 1 1 1 : 1 ; [ { 4 1 7 1 "" 1 8 1 { 2 1 1 7 1 JI | 2 1 1 9 f",52,0,0
aug_cnh_361.jpg,133.0,376.0,155.0,155.0,9.47,73.85,41.85,0.13,2,238.33,242.0,155.0,"BR DE 1 DE DE EHABiltAcio/ 201 AM Pastor JdaiaiokalfUf de Freilas AcC DatA AL 1 Sx 4d CPf [218.794.603-78 1 [Carlos Eduardo ; | Mario Luisa Postor 2 Andre Posbor 1 Do poRtADO? ACC C1e Die OsseryakOes BRASIL Do FEDERATIVA PoRTES REPÚBLICA TRans Transito Dos ministerio ECONDUCCIÓN nacional Secretaria 'perMso L 'vicense | 'drivERL 'Habiutakao carteira NacioNal L SOSblNOUE NoMee scilenio Andre 15/02/1990 Yaliqade 08/07/2034 {ViSSO (10/07/2024 Oegevissor/uf DOC IDeNTIDADE  ( (17.453.190-SiiRGD CTib ""Registbo 14239318800 MciowlioAD6 BRASILEIRO(A) Filiro Aparecido assinajuea C",82,0,0
aug_cnh_362.jpg,181.0,300.0,125.0,125.0,6.47,81.71,18.27,0.84,1,238.33,248.67,156.33,"REPÚBLICA Federativa Do BRASIl 1is7e2io Dos Tlanspoltes BR Seceetznacional de Tesito Carnon DkunÇi/DauuTLY /PVSAECoADUOÚN 0a15 Ebaro 71/04/1980 19e Pause Ln 6/07/2919 13/07/2 MIE Lisi8K 051682841-05 648i000il40 F, BqsiuroW 1 Fafes 2 1 {un 830448 1 S2 2 HI1 ; EEesacnouss 78s MoE22es ã MINAS GERAIS",45,0,0
aug_cnh_363.jpg,178.0,298.0,130.0,130.0,7.98,81.98,18.49,1.82,2,238.33,247.0,16.67,"REPÚBLICA FEDERATIVA Do BRASIL ministerio Dos TRANSPORTES BR SECRETARia Nacional DE TRAnSito carteira nacional de Habilitaçio / DRIVERLICENSE / PERMISO DE ConDUCCIÓN 2€1nomeesobrenome HABILTAÇ^O Julia Alves Daia Localeufdenascimevio 30/11/1977 Camargo Daiaeuissac VAlidade 16/08/2020 14/08/2030 1 DoCioenDADEhorgevissor(UE 29.564.364 8DETRAN Ad @PC NPEGistpo e 351.097.426-34 87816172450 1 NacionalIDADE BRASILEIRO(A) FiLIAÇAO 1 1 Miguel Pereira Carolina Guerra 1 ilia lues AssIYAtURA DO PoRIADOR ACC Ee OBSERVAÇOES AssinaADO DICITALMENTE DePaRIAMENIO {SIADUAl IRasuo LOCAL 4336+407081 1 BELO HORIZONTE, MG MG681606770 MINAS GERAIS",77,0,0
aug_cnh_364.jpg,159.0,293.0,181.0,181.0,7.93,63.82,26.64,1.96,0,210.67,214.0,161.0,"""6ruenc 5o 8R ^ 5[ CARTEIR} NaCjOx DE #9EILIIAÇIO / BRFEP !CENSE/ PERM Gssezantrsxere [ovo/22 Mepdanca {28z8772027 762/7/202 {29 SpC às {5222851458 @ 1 ora nZoioisels 9> 5 2 222 2 2 2 5 1 {sz3993 { Rener",38,0,0
aug_cnh_365.jpg,134.0,310.0,178.0,178.0,12.03,81.71,52.5,2.38,2,210.33,215.33,7.67,FEDERATIvA DO BRASIL 3 REPÚBLICA Dos TranSPORTES MEniSRER'oarosnR D € TRANSit0 SECRETARiA HABILITAÇÃO / DRIVER LICENSE / PERMISO DE CON CARTEIRANACIONAL DE  [NOMe E sobrenoMe Daniela Corrsia ZoCALe Uf De Nascimento 3 DaiA PR 28/05/1979   Mochodo 4b ValiqaDE DaiA /2023 20/01/2033 23/01 4C DOC IDeniiDADE ORG [VISSOR / UF 12.684.760-6PC PE sw registRo 4d (Ps 265.743.809-10 12598278879 NacioYALIDADE BRASILEIRO(A) FILIAÇIo '  [Yogo Martins 3 Aylla Rocho 1 DonicloBorrsio Assinatura Do Poriador ACC C1e D1E 12 OBservacoes Assimado DIGITALKE Depariamewto [STADUn LOCA aoa {issao ;,84,0,0
aug_cnh_366.jpg,173.0,290.0,140.0,140.0,7.61,81.98,18.49,1.82,2,238.67,247.67,169.33,"REPÚBLICA FEDERATIVA Do BRASIL ministerio Dos TRANSPORTES BR SECRETARia Nacional DE TRAnSito carteira nacional de Habilitaçio / DRIVERLICENSE / PERMISO DE ConDUCCIÓN NomeesobReNoME Mariutacao Maria Sa Daia Localeufdenascimevio 13/06/1953 Nascimento Daiaevissac Validade 03/07/2019 30/06/2029 1 DOC [DENTIDADE / ORGeVissor / Ue 73.879.374-1 IPF Ad @PC NPEGistpo e 370.596.421-61 04040849342 1 NacionAlIDADE BRASILEIRO(A) FiLIAÇAO 1 1 Diego Souza Maite Freitas 1 Mania Assiyatura Do PoriADOR ACC E Ee OBSERVAÇOES AssinaADO DICITALMENTE DePaRIAMENIO {SIADUAl IRasuo LOCAL 4336+407081 1 BELO HORIZONTE, MG MG681606770 MINAS GERAIS",82,0,0
aug_cnh_367.jpg,168.0,288.0,150.0,150.0,3.92,47.02,11.86,0.69,0,231.33,231.33,236.67,REPÚBlICA FEderativa do bRaSIL RtaroontrA Trajsporte 88 5604E De 7ranstto Cartexra Nacional De Habieitacio / driveriicense ; permiso de covducción {Evelyn Fastor 13/12/1972  Pimenta d Arnporo AP (25/05/2023 {20/05/2033 {85.632.621-7Pc | 861.590.745-93 4225855323 @ 1 1 Benicio Garcic Srta Ano Sophio Norais 1 5 1 MINAS GERAIS,47,0,0
aug_cnh_368.jpg,184.0,258.0,164.0,164.0,5.77,56.64,31.14,0.82,1,229.33,229.67,229.0,REPÚBLCAFEDERATIVA Do BrasTl 585srre 292^ AnsporTES BR 0E Tkansito CARTEIPANACIONAL DE HABILTAÇIO / DRIVERLICENSE / PERMISO DE coNDUCcIÓ) Anna Liz Naves 30/05/1971 da Conceicao de Bonooso [25752/2021 23/12/2031 {79.253.585~8uRGD MG 1 860.924.571 30 98321201799 ARASILE/kOíA) 1 1 Davi Miguel Borges 1 Srto Marcelo Sompolo 1 [ 2 4140703 1 (#ELo HOGVONIE MC le e  io dos,56,0,0
aug_cnh_369.jpg,174.0,295.0,136.0,136.0,7.94,100.0,22.89,1.65,2,197.33,206.0,11.0,"REPÚBLICA FEDERATIva Do BRASIL ministerio Dos TRanstoRTEs BR Secretaria Nacional De Transito carteira nacional de Habilitaçio / DRIVERLICENSE / PERMISO DE ConduCCiÓn NOMeeSOBRENOME Maniuitacao Evolyn Vlolra Daia LoCAl Ufde Nascimenio 28/02/1963 Ramos Daia(Viscao AbNAvoAn 16/03/2024 14/03/2034 DOC iDeniidade / Oroivissok/ UF 64.899.205 = DETRAN 1 921,480.357-97 177844944372 Cat Maa Naciohalidade URASILEIROCA) Filiagao 1 1 Podro Garcla Dro. Comllo Araulo 1 Uicma Assinaiura Do poriADOR 22 oesekvacoes Assinado Digitalmente Depariamlmio (siadual De iransiio LOCAL 43304407081 | nelonokvonil;MG Mg68i60o7o MINAS GERAIS",79,0,0
aug_cnh_370.jpg,113.0,370.0,28.0,28.0,4.65,75.47,31.88,0.0,1,251.33,242.0,43.0,REPÚBLICA FEDERATIVA Do BRASIL BR ministeRio Dos TRanspoRTES SECRETARIA Nacional DE TRansito carteira nacional De Habiltaçio / DRIER LICENse / PErHISo DE Conducci MaBlLITACA0 Nove E SOBRENOME Antony Barboso 3 Daia Local eUF Denascimento 10/01/1959 Fernandes Valiqede Dala {Vissao 1/10/2021 29/09/2031 DOC iDeRTIDADE / OFG evissor / UF 1 94.176.143- IIRGD RN (at Hab REGISTRO 4d [Pe 9269996821 976.358.402_74 1 BRASILEAROEA FILIACAO Francisco da Cunha 1 1 Jode Melo Sorbosa 9 PortADOR) ACC Gie Die 8 AssivaUrA E Obseryakoes  DiciAnenTt SSiADo estadun Oepabtavinio 43364107081 Acosiooo7o,85,0,0
aug_cnh_371.jpg,112.0,276.0,180.0,180.0,8.12,76.15,49.67,0.18,2,236.33,238.33,160.67,FEDERATIvA Do BRASIL REPÚBLICA Dos TRanSPORTEs #rrfsReR'QarrnRABE TRansito S ECRETARiA NACIONAL DE HABILITAÇÃO / DRIVER LICENSE / PERMISO DE COI CARTEIRA ! 2 € NoME E SoBReNOME Miguel do Conceicoo DaTA Local € UF DeNascimento 22/01/1976 Campos do Proto DAIA { Vissao 46 ValIQADE 27/11/2017 25/11/2027 86 DOC IDeNTIDADE OFG Evissor / UF 47.478.348-8DETRAN PI Ad CPe 5 N? REGISTRO 725.069.834-65 13403294749 NAcioyaliDADE BRASILEIRO(A) FILIAÇAO 1 Tholes Vieiro Dro. Comila Duorte Gonoaicao Assinatura Do PoriADOR ACC 22 Gie De DiE 12 ObservaCOES AssivADo DIGIL Oeparianoio,85,0,0
aug_cnh_372.jpg,166.0,318.0,164.0,164.0,5.51,82.11,31.13,0.0,1,252.0,242.0,38.33,REPÚBLICA FEDERATIva Do BRASIL ministeRio Dos TranspoRTes BR Secretaria Nacional DE Transito carteira nacional de habilitacio / driver License / perHISO De conducciÓn Noheesorrerone Kabilitac^o Barbara Leao J DaIa [0n{ UF de Nascimenio 18/09/1986 Silvelra 4 Data [Vissao 46 Validade ACC 16/07/2016 14/07/2026 1 < DOC identidade / Org {Vissor / ue 15.922.325-9IIRGD RS Ed CPe regstRo CaT /4ab 1 418.372.950-50 32508255525 NaciowaloADE BRASILEIRO(A) filuaço : 1 Dr. Renan Ribeiro 2 Zoe Rodrigues Barbara Ycac assinaiura Do PoriADO? ACC Cie Die 12 Observacoes 1,84,0,0
aug_cnh_373.jpg,189.0,303.0,107.0,107.0,9.72,57.59,22.11,3.43,0,219.33,222.0,156.67,Canteiranaciunee eerobilhacio apieR AcEASEPERASObEConPuCcioN [1/ns 274n E222 | # CE 1 MINAS GERAIS,13,0,0
aug_cnh_374.jpg,97.0,838.0,27.0,27.0,4.53,49.05,15.36,0.96,0,224.0,225.33,234.0,seualeti Fiiaetouir 1 1 Minds GERMS,6,0,0
aug_cnh_375.jpg,171.0,293.0,142.0,142.0,12.51,100.0,36.29,3.24,2,166.0,175.0,6.67,"REPÚBLICA FEDERATIVA DO BRASIL ministeRio Dos TRANSPORTES BR 5 Ec RETAR/a Naciona L DE TRANSito CArteiraNACIONal DE HABILITAçÃO / DRIVERLICENSE / PERMISO DE CONDUCCIÓN Nome E SOBRENOME KABIUTAÇAO Murilo Siqueira Daia localeuf denascimenio 30/04/1998 Marquos de Araujo PE Daiaelisseo Validadg 28/01/2023 25/01/2033 1 Docioeniidadehorgenissorue 13.736.589 ~ 5DETRAN 4d CPF N"" REGISTRO e 1 210.347.896-78 39651355733 NACIONALDADE BRASILEIRO(A) FILIAÇIO | Gael Honrique da Paz | Allana Mandos Nurio iqucino Assinauradopokiador ACC E Ee 9 E 5 OBSERVAÇÔES ASSINADO DIGITALMENTE DgpariangmioesiADuA Ipsuo LOCAL 43364407081 | BELO HORIZONTE, MG MG681606770 MINAS GERAIS",89,0,0
aug_cnh_376.jpg,177.0,299.0,131.0,131.0,6.58,62.47,19.32,1.51,0,227.0,228.67,226.67,"REPublica FEDERaTiva Do brasil {steRio 00 5*0478 s#c Carteira hachonal De HabiLITaÇio / drhver License/ Permisode Conducción LBsnisis_fonsesg [27/12/9273 da Rosa %o Suf [5,705/2023 {28/08/2035 {144*671-1P 589.401,372-05 35333738895 1 1 Sr- Motteo Forfo Anna Lir Alyes 1 1 1 | MINAS GERAIS [Esis",43,0,0
aug_cnh_377.jpg,450.0,459.0,147.0,147.0,6.16,62.33,1.53,18.85,0,226.67,228.0,235.0,"SIVà39 SVNIW | 2 Dif cudof 1 0,8918 SSI94Z1PyLZ uS-621*90 1 1 aaul5-1Sf'181 8y {oz /90 /+u izoz/90/90 ojionBDN {681/01/1 oEdiurs cuoR 40132n0no) 70 05/8238 / 75832/7 X74/80 / 005xiyevh 30 7YMOEJWYalzidu) Gi 88ã' 7i5448 08 ""aiyanai} V2{8oj34 5",39,0,0
aug_cnh_378.jpg,61.0,77.0,89.0,89.0,7.3,39.16,4.13,3.94,2,238.67,248.0,12.67,"1 7 1 1   II < 8 1 1 1 "" 8 ; 1 1 { | ; 1 p 1 ' 2 1 9 48 ; 8 11 1 2 3 # | | 8 { 1 ; 1 0062992562 0062992562 Ivnoijvk oiuoliuu3l 0 0001 WJ VOIJVA 1",49,0,0
aug_cnh_379.jpg,877.0,565.0,86.0,86.0,6.14,20.41,3.09,3.43,0,225.33,227.0,235.67,"YiliLF e Toa0,0 !ERNVindu Macige 2952662909 2952662900 1",8,0,0
aug_cnh_380.jpg,172.0,294.0,139.0,139.0,7.32,81.98,18.49,1.82,2,238.33,248.67,219.67,"REPÚBLICA FEDERATIVA Do BRASIL ministerio Dos TRANSPORTES BR SECRETARia Nacional DE TRAnSito carteira nacional de Habilitaçio / DRIVERLICENSE / PERMISO DE ConDUCCIÓN Nomee SoBReNOME HABILTAÇ^O Amanda Costa Daia [ocaleufdenascimevio 24/09/1956 Rocha DaiAeuissac VAlidade 08/09/2023 05/09/2033 1 DoCioeniDADEhorgenissor(UE 51.490.399-2PC NPEGistpo e 567.142.098-94 59704972054 1 NacionAlIDADE BRASILEIRO(A) FiLIAÇAO 1 1 Rosoisorcanhe 1 manda Bosla AssinaiuraDo PoriaDoR ACC E Ee OBSERVAÇOES AssinaADO DICITALMENTE DePaRIAMENIO {SIADUAl IRasuo LOCAL 4336+407081 1 BELO HORIZONTE, MG MG681606770 MINAS GERAIS d CPY Roel",75,0,0
aug_cnh_381.jpg,,,,,4.99,50.0,16.56,1.09,0,225.33,226.33,235.67,4a | 1 MIMAS SERAIS,5,0,0
aug_cnh_382.jpg,179.0,302.0,126.0,126.0,5.88,66.26,17.24,1.12,0,234.33,234.67,236.67,"REPÚBLICA FEDERativa Do BRASIL ""isterio Dus (RaN FoRTEs Ba secrEtaRia Nacional dF Transito carteira nacional de habilitacio / driver License / permiso de conducciÓn Dra- Raquel Gornes 18/02/1962 Brito {24/10/2016 22/10/2026 45.283.905-4IFP 1 391.680.542-89 47323863434 {#RAS#LEROíA) 1 1 Danial Cardoso Ayla Mendes 1 0 2 e a un | (alvorizonieMG MINAS GERAIS",52,0,0
aug_cnh_383.jpg,174.0,292.0,140.0,140.0,4.35,81.3,17.58,0.26,1,238.33,247.67,164.33,Repuslica Federativa Do srisil ustenno00s 704s79e7e5 BR Scre7aennchoan Oe Teasuto CLN MIMbilcid /prhqwSE /AMS)E CONC wia vamnos 28 /04/7889 coraneo 88 Sefro 18a1/2n? 87n1/2e5? 8857558785e 82881384025 85154968580 88snaoe 1 1 Inpnorao Mtecimenuo Pacheno 1 1 ReaHoroanan MINAS GERAIS,38,0,0
aug_cnh_384.jpg,172.0,292.0,141.0,141.0,3.55,79.95,14.77,0.01,1,253.0,247.67,48.0,"REPÚBLICA FEDERATIVA Do BRASIL ministerio Dos TRANSPORTES BR SECRETARia Nacional DE TRansito carteira nacional de habilrtaçio / driver LiCeNsE / perMiso DE ConducciÓn Nohef {obrinohf Madinitacao Kevin Dias DAIA [Ocal { Uf De Nascimenio 02/12/1948 Costela Daiaeuissac Valad 15/01/2022 13/01/2032 1 DoCioenudaDE ORgevissor / u! 74.776.367-5 DETRAN dPC MCPegGistpo eae 167.903.425-16 49194837121 1 Nacioualidade BRASILEIRO(A) FILIAÇAO 1 1 Lorenzo Cardoso Eloah Moraes 1 Dias Assiyaiura Do poriacor 2 OBSERVAÇOES assinado Dicitalmenie UaPakaeououui paasuo 4436-u/u81 LoCa 1 BELO HORIZONTE, MG u€ 60077o MINAS GERAIS Keuin",84,0,0
aug_cnh_385.jpg,175.0,293.0,134.0,134.0,7.89,81.98,18.49,1.82,2,238.33,248.67,11.67,"REPÚBLICA FEDERATIVA Do BRASIL ministerio Dos TRANSPORTES BR S ECRETARia Nacional DE TRAnSito carteira nacional de Habilitaçio / DRIVERLICENSE / PERMISO DE ConDUCCIÓN Nomee SoBReNOME HABILTAÇ^O Henrique Andrade Daia [ocaleufdenascimevio 02/04/1966 da Luz DaiAevissac VAlidade 17/08/2022 14/08/2032 1 DOC [DENTIDADE / ORGeVissor / Ue 15.370.413-6IPF Ad @PC NPEGistpo e 791.685.203-95 90733146376 1 NacionAlIDADE BRASILEIRO(A) FILIAÇAO 1 1 FelipeMendes Amanda Barros 1 Andrade Assiyatura Do poriador ACC Ee OBSERVAÇOES AssinaADO DICITALMENTE DePaRIAMENIO {SIADUAl IRasuo LOCAL 4336+407081 1 BELO HORIZONTE, MG MG681606770 MINAS GERAIS Jooo",83,0,0
aug_cnh_386.jpg,62.0,76.0,87.0,87.0,6.28,28.12,3.47,3.76,2,253.0,248.33,26.33,"4 1 = 1 J 1   Il < 1 1 1 ;f 7 8 1 "" 5 1 1 Ix  JI 1 1 p 2 2 88 3 H 1  1 p 1 g 1 0062992562 0062992562 IUNOIJUN 0iuo1IUU}I 0 0001 WJ VOIIVA ! 1",45,0,0
aug_cnh_387.jpg,198.0,290.0,160.0,160.0,12.06,70.05,51.03,0.73,2,179.33,177.33,12.0,REPÚBLICA ministerio Do BRASIL SECrETARia NacionaadspQrns BR TRanSITO Carteranacuonal [ 261koMee DEKAbILTcio{DBneruceAse/Preusooeooucow SOBR[NOVE [Ano Liz 'Mabiutacio loca {UF de Nascimento [27/04/1983 da Paz de DaIA [VISSo 46 Valipade 1 [19/11/2023 16/11/2033 Jc DOC idektioade / ORg [VissoR / UF [22.992.922-9IFP 4d (Pe N'PeGIsTRO caiiab 1 (476.918.305-48 05929026719 NacioyalDADE BRASILEIRO(A) fILQo ; | Sr. Antony Poslor 2 [Sra. Ano Boolriz Alves 1 ouac assinatura Do PortaDoR ACC Cie Die OBSÉRVAÇOES FEDERATIVA Dos Tran Novoes Daia Minos DCIVENI Nsiwado,77,0,0
aug_cnh_388.jpg,,,,,7.91,64.23,2.0,22.44,0,215.67,218.67,158.67,SIVà39 SVNIW | @ 5 {04so4 DJo Hup?idad) ubkg raisosizzis | NvylyaL-SES 0 Lzoz {6o/04 LioZ/ Po1y 961/50/1 49ljjnono) 30 05iia / 3su743m/40 /opJyuleva 30 7WooyNyui7li) 5489 GG 448304; 431780432 phie8,31,0,0
aug_cnh_389.jpg,173.0,293.0,142.0,142.0,5.22,64.63,19.38,0.81,0,228.67,229.67,227.67,Repoelica FE0 00 Ba5n1 Carteirr Kutevrl De #abhueecio /ernerlicease HeRso DeCoxnecoey E2 {2rse Jl s {z7ae - 4952 @2 { 23409081830 [easurso: | UsHtec cexd 1 1 | MINAS GERAIS Iceze,31,0,0
aug_cnh_390.jpg,178.0,296.0,131.0,131.0,3.72,80.49,15.49,0.01,1,253.0,248.0,253.67,"REPÚBLICA FEDERATIVA Do BRASIL ministeRio Dos TRANSPORTES BR S ECRETARia Nacional DE TRansito carteira nacional de habilitaçio / druver license / perhiso De Conducción Nohe { {obrinong Kadintacao Dra. Luana Lima DAIA [Cal { UF De Nascimenio 20/04/1961 Goncalves do Galho AL Daiaeuissac Yalidadl 07/03/2022 04/03/2032 1 DoCioenudads ORgevissor / U .838.868 IIRGD d M Pegistpo n 705.346.928 92842529669 1 Nacioualidade BRASILEIRO(A ) Filiacho 1 1 Benicio Ramos Ester Souza 1 Dra.Yuana Yima Assiyaiura Do poriacor 2 ObserVACOES 4ssiuaooDicitalmeni UePhueuhesuii hAu 436u/u81 VXA 1 BELO HORIZONTE, MG u€ 60o77o MINAS GERAIS",91,0,0
aug_cnh_391.jpg,,,,,2.93,17.29,1.74,2.76,0,238.33,239.67,222.0,Valida EM Todo 0 Territorio Macional 2952662900 2952662900 { 1 { 1 ; 1 { FFI ; 1 9 | 1 9 1 1 8 1 0 1 1 0 1 1 1 1 1 | 8 { 1 1 1 1 1 1 1,45,0,0
aug_cnh_392.jpg,874.0,558.0,91.0,91.0,8.1,42.48,3.8,4.37,2,199.67,208.0,16.0,Valida EM Todo 0 TerritÓrio MACIONAL 2952662900 2952662900 { 1 1 1 6 1 I 2 1 1 HH [ 1 UI 2 HFR 1 : 1 ; 1 | 1 | 1 HI 2 | 8 1 4 2 1 H II | 5 0 1 L 95 1,50,0,0
aug_cnh_393.jpg,,,,,7.15,57.45,1.64,21.19,0,226.33,228.0,235.67,S1va39 SVNIW | 1 | cvz 40i208o3 J00643a/ 35aonu3u4/0 Wma Jotaonano,11,0,0
aug_cnh_394.jpg,172.0,292.0,142.0,142.0,7.23,81.98,18.49,1.82,2,238.67,248.67,158.33,"REPÚBLICA FEDERATIVA Do BRASIL ministerio Dos TRANSPORTES BR SECRETARia Nacional DE TRAnSito carteira nacional de Habilitaçio / DRIVERLICENSE / PERMISO DE ConDUCCIÓN 2€1nomeesobrenome HABILTAÇ^O Vitor Macedo Daia Localeufdenascimevio 06/05/1954 Peixoto Daiaeuissac VAlidade 08/02/2016 05/02/2026 1 DoCioeniDADEhorgenissor (UE 33.539.565-7 PC 4d CPF N? REGISTRO e 568.490.713-00 95818238912 1 NacionAlIDADE BRASILEIRO(A) FiLIAÇAO 1 1 Enrico Macedo Emanuelly  Costela 1 Uilon Mlacedo Assiyatura Do poriADOR ACC Ee OBSERVAÇOES AssinaADO DICITALMENTE DePaRIAMENIO {SIADUAl IRasuo LOCAL 4336+407081 1 BELO HORIZONTE, MG MG681606770 MINAS GERAIS",79,0,0
aug_cnh_395.jpg,,,,,8.19,56.64,2.16,21.83,0,224.0,225.67,225.0,Sivd39 SVNIW | P1so9 Oileuoiu 1 So1p8 | ! Jd8~+88*7 0202/ 90/2 oze2/90/ 5oP PR soduic) 2661/s0/0 0ot? ÁÇ12)40N0230 051n830/3583267 434/40 / 9+(vIlHAvh ?0 7YNoiJyn Vaizixy) 7sv88 00 48143,29,0,0
aug_cnh_396.jpg,874.0,557.0,91.0,91.0,7.77,39.65,3.74,4.24,2,238.33,248.67,15.0,"Valida EM Todo 0 TerritÓrio MACIONAL 2952662900 2952662900 4 1 1 1 1 1 JIn 1 2 1 1 7 4 ; H :, ; [ 1 T | H 5 2 H 1 4l ;: 1 1 [ 1 II | 5 1 L 5 1",47,0,0
aug_cnh_397.jpg,174.0,293.0,142.0,142.0,4.1,80.76,16.21,0.01,1,253.33,246.33,47.33,"REPÚBLICA FEDERATIVA Do BRASIL ministerio Dos TRANSPORTES BR S ECRETARia Nacional DE TRansito carteira nacional de habilltaçio / DRIVER LICENSE / PERMISO DE Conducción NoMee SOBRENOME Madintacao Yago Duarte DAIA [Ocal { UF De Nascimenio 24/08/1976 Aragao do Campo Daiaevissac Yalidade 14/10/2024 12/10/2034 1 DoCioeniidaDE Orgevissor {UE 25.827.324-4SSP Ed [PF NPegistpo o 401.579.682-94 29249326313 1 NaciohalidadE BRASILEIRO(A) FILIACAO 1 1 Heitor Oliveira Aurora da Mata 1 Duarle Assinaiura Do poriador 2e 7 OBSERVAÇOES Assinado DicITALMENTE Lpahkknkka Tphsuo LOCAL 43361107081 1 BELO HORIZONTE, MG 8ue 1606770 MINAS GERAIS Yags",88,0,0
aug_cnh_398.jpg,5.0,64.0,92.0,92.0,4.35,9.96,4.66,6.58,1,250.67,242.33,253.67,"2 1 1 8 1 1 K H1 1 1 4 4 1l 18 Hi 1 ª 1 1 : 1 1 2 ! 1 ! I 1 , 2 2 1 5 H ; 1 1 7 1 1 1 0067992562 7koijyn Oinqlibujl 0 0001 WJ vOIVA 0062",49,0,0
aug_cnh_399.jpg,170.0,291.0,142.0,142.0,7.05,81.98,18.45,1.78,2,253.0,247.67,12.0,"REPÚBLICA FEDERATIVA Do BRASIL ministeRio Dos TRANSPORTES BR S ECRETARia Nacional DE TRansito carteira nacional de habilitaçio / druver License / permiso DE ConducciÓn NohefSobrinohe Madinitacao Maria Laura Almeida DAIA [Ocal { UF De Nascimenio 15/08/1946 Melo do Oeste Daiaevissac Yalidade 27/11/2020 25/11/2030 1 DoCioeniidaD Orgenissor/ui 98.416.143-5DETRAN Ad CPC Aoipu ee 765.092.184-02 50095366441 1 NacohelidaDE BRASILEIRO(A) FILIACAO 1 1 Gustavo Costa Raquel Aragao 1 MarieYouro~lcido Assiyaiura Do poriacor He 1 OBSERVAÇÔES Assinaco DicItALMENTE Uphinkhniia Tpasuo 43360/081 LoCa 1 BELO HORIZONTE, MG Mgoe 606770 MINAS GERAIS",85,0,0
aug_cnh_400.jpg,594.0,186.0,80.0,80.0,4.89,24.51,6.65,1.29,1,238.33,240.0,165.0,Valida EM Todo 0 TerritÓrio NACIoNal 2952662900 2952662900 ? 1 1 9 5 | 1 1 8 9 8 1 ; ; 1 ; ; ; | ; g 1 1 8 1 V I 8 1 U | 2 1 1 1 8 ; 1 1 2 1 1 8 1 1,53,0,0
aug_cnh_401.jpg,,,,,0.0,0.0,0.0,0.0,0,252.0,228.33,161.0,SaauaEne Jnen @ Vengainai Nactnhal 5800 2953663900 A,8,0,0
aug_cnh_402.jpg,171.0,291.0,144.0,144.0,5.58,79.13,17.33,0.82,1,195.33,204.0,161.0,"Rlpuvlica ( dlrativa Do #rasi 191100 00s Van80n BR d Naconal 14 1van811o carteira nacional de Habiltacho /druver License / permiso de Conduccion Pbkti ouer 310, Luloo Conquiyab 0 @e Mase [lal/47o) 02/07/1948 Lono Mhinan 10/09/7010 07/09/7029 De)eMim Foiaaein Oroiviyyam / nt 22,048,084 7i"" 7icisieo 774,180,862 490906756727 2 Da Jonan Vvasiltivocn) WMie 1 1 Oruno Kibelro Nino Pelroto oned Phnaiumadoeiak) Kianuaiavi DePariamemiotsoumiue Inmio] 9494u/u06 | Weiononvunil Mao Mo68iototiu MINAS GERAIS",70,0,0
aug_cnh_403.jpg,61.0,77.0,89.0,89.0,6.99,39.16,4.13,3.94,2,238.67,246.33,22.33,1 1 7 1   II < 2f 1 1 1 1 8 ; 1 1 1  1 1 1 ' 1 1 H44 9 JL 1 9 p 2 ; 2 3 # | | g 1  8 : ; 1 0062992562 0062992562 Ivnoijvk oiuoliuu3l 0 0001 WJ VOIJVA,49,0,0
aug_cnh_404.jpg,147.0,324.0,143.0,143.0,4.61,54.07,16.54,0.89,0,216.33,218.33,220.0,Repubuica Federativa Do ErASil R80 CARTEPANACTCMAL DE !a8iFticio / Drier uCevse fPEruiso De conDuCCioa  {22/09/1924 Norai {2/7/2222 [s49v2 7577 D {63.903.178-3P5 [84s.5 5 7532s2ez2 0 | 1 Hocmo 52 0 5 2 9 {xen Mauz {coiebo,36,0,0
aug_cnh_405.jpg,,,,,3.66,17.48,2.08,2.9,0,216.67,219.0,219.0,phphkal 1 1 | 7 Hkhpeb 8 1 5 7 62900 Valda En Iupo 0 {ekrit6rio aciomal 2952662900  1 { 1 1 1,23,0,0
aug_cnh_406.jpg,174.0,293.0,141.0,141.0,9.11,81.98,18.49,1.82,2,238.33,247.67,16.67,"REPÚBLICA FEDERATIVA Do BRASIL ministerio Dos TRANSPORTES BR S ECRETARia Nacional DE TRAnSito carteira nacional de Habilitaçio / DRIVERLICENSE / PERMISO DE ConDUCCIÓN Nomee SoBReNOME HABILTAÇ^O Nicole Vieira Daia Localeufdenascimevio 18/06/1972 Lima DaiAeuissac VAlidade 10/09/2023 07/09/2033 1 DoCioenDADEhorgenissor(UE 91.486.228-SIFP NPEGistpo e 1 792.638.405-47 73904245758 NacionAlIDADE BRASILEIRO(A) FILIAÇAO 1 1 Apollo Alves Esther Ribeiro 1 Jicole Uieira AssinaiuraDo poriaDoR ACC E Ee OBSERVAÇOES AssinaADO DICITALMENTE DePaRIAMENIO {SIADUAl IRasuo LOCAL 4336+407081 1 BELO HORIZONTE, MG MG681606770 MINAS GERAIS d (PY",78,0,0
aug_cnh_407.jpg,61.0,73.0,91.0,91.0,6.18,22.27,3.5,3.2,0,226.0,227.33,236.0,| 81 1 0062992562 0062992562 {nbiuy ouqueku 0 #dar 43 Vui7a,11,0,0
aug_cnh_408.jpg,166.0,286.0,153.0,153.0,7.38,81.98,18.49,1.82,2,238.67,246.67,14.33,"REPÚBLICA FEDERATIVA Do BRASIL ministerio Dos TRANSPORTES BR S ECRETARia Nacional DE TRAnSito carteira nacional de Habilitaçio / DRIVERLICENSE / PERMISO DE ConDUCCIÓN NomeesobReNoME HABILTAÇ^O Dr. Samuel Abreu Daia Localeufdenascimevio 19/01/1983 Costela Daiaeuissac VAlidade 23/12/2019 20/12/2029 1 DOC [DENTIDADE / ORGeissor / Ue 50.746.386-9IFP 4d [PF N? REGISTRO e 648.751.903-01 1008009643 1 NacionAlIDADE BRASILEIRO(A) FiLIAÇAO : 1 LuizOtavio Leao 3 Evelyn Arogao 1 Yamualdbrau assiyatura Do poriador ACC E Ee OBSERVAÇOES AssinaADO DICITALMENTE DePaRIAMENIO {SIADUAl IRasuo LOCAL 4336+407081 1 BELO HORIZONTE, MG MG681606770 MINAS GERAIS",85,0,0
aug_cnh_409.jpg,174.0,294.0,137.0,137.0,10.93,100.0,34.99,2.64,2,206.0,217.0,6.33,"REPÚBLICA FEDERATIVA Do BRASIL ministeRio Dos TRANSPORTES BR 5 EC R ETA Ria Naciona L DE TRANSito carteiranacional de HabilITAçho / DRIVERLICENSE / PERMISO DE CoNDUCCIÓN Nomee SOBRENOME KaBiUTACAO Caroline da Paz 3 Daia [ocaleuf denascimenio 23/04/1952 Jesus Daiaevissac VAlidade 06/12/2020 04/12/2030 1 DoCioeniDADE Orgevissor(UE 19.614.473-6DETRAN 4d [PF NPEGistpo es 1 136.208.974-50 33745463435 NACIONALIDADE BRASILEIRO(A) FILIAÇO 1 1 Mana osaroewdo 1 Baroline % Po Assinaturado poriador ACC E Ee 5 5 OBSERVAÇOES AsSInADO DICITALMENTE DgpariangnioesiADUAI IRasuo LOCAL 4336+407081 1 BELO HORIZONTE, MG MG681606770 MINAS GERAIS Arthur",86,0,0
aug_cnh_410.jpg,173.0,296.0,142.0,142.0,6.66,62.47,18.69,1.49,0,226.33,228.0,235.33,Rcpoblica FEoebaiiva Do Bkasil Stfis 90 AAnefrri 0c 718 Cartekamacional 0e Hadhlitacao {Driverlicensefpermiso ee cowoucción Rcark [2s/08/1990 Cirino [8/12/2019 7{5/12/2929 {;6ss3i~615 [22697055-3 72885154466 [anurw 1 Sarnuo} Sousa Sríç Scphis da Paz 1 1 [ | MINAS GERAIS {Davi L2,39,0,0
aug_cnh_411.jpg,92.0,246.0,203.0,203.0,9.17,81.98,50.79,1.0,2,237.33,234.33,18.67,CRn{STERio Do 2c1 NACIONAL DE HABILTAÇÃO / [ SOBRENOME 'DRIVER LICENSE / PERMISO [ Araujo 2 DAIA LOCATEUf D6 16/01/1952 do DAIA [ Missao 16/06/2022 VAlIQADE 13/06/2032 {< DOC IDENTIDADE ORG 41 890.153-5DETRAK Fuf Go 4d CPe 017.643. 5 NEREGLSTRO 825-44 16428869234 NAcIONALIDADE BRASILEIRO(A) FILIAÇAO Enzo Goncalves Clorice do Roso AannaAraujo AssinaTuRA Do PoriadoR ACC C1e DiE 12 OBSERVACoes ' DepaRIMME JEKATIVA SECRETAR1a 0o $ B RASIL TRan s NACional Po RTEs CARTEIRA D E TRansito ouee Ano Louro MAScimenio Peixoto Proto [issor,83,0,0
aug_cnh_412.jpg,173.0,292.0,140.0,140.0,7.01,81.98,18.49,1.82,2,238.33,248.67,22.33,"REPÚBLICA FEDERATIVA Do BRASIL ministerio Dos TRANSPORTES BR S ECRETARia Nacional DE TRAnSito carteira nacional de Habilitaçio / DRIVERLICENSE / PERMISO DE ConDUCCIÓN NomeesobReNoME HABILTAÇ^O Marcos Vinicius Camara Daia [ocaleufdenascimevio 04/08/1967 Costa DaiAevissac Validade 16/04/2023 13/04/2033 1 DoCioenDADEhorgevissor(UE 75.501.576-8IFP Ad @PC NPegistpo e 851.064.729-11 87094158366 1 NacionAlIDADE BRASILEIRO(A) FiLIAÇAO 1 1 Breno da Rosa Jade Silveira 1 AssinaiuraDo PoriaDoR ACC E Ee OBSERVAÇOES AssinaADO DICITALMENTE DePaRIAMENIO {SIADUAl IRasuo LOCAL 4336+407081 1 BELO HORIZONTE, MG MG681606770 MINAS GERAIS",77,0,0
aug_cnh_413.jpg,170.0,291.0,146.0,146.0,5.1,81.98,17.86,0.38,2,253.0,245.67,253.67,"REPÚBLICA FEDERATIVA Do BRASIL ministeRio Dos TRANSPORTES BR SECRETARia Nacional DE TRansito carteira nacional de habilitaçio / druver License / permiso De ConducciÓn NohefSobrenohf Madinitacao Vinicius Ramos DAIA [Ocal { UF De Nascimenio 20/02/1981 Macedo do Amparo AL Daiaeuissac Yalidadl 22/06/2024 20/06/2034 1 DoCioenudaDE ORG EWISSOR / UE 55.861.130-7PC Ad CPC 4"" REG[STRO ae 437.196.825- 56700483995 1 Nacioualidade BRASILEIRO(A) FILIAÇAO 1 1 Pinto Larissa Moura 1 Uiniciuo  Ramos Assiyaiura Do poriacor 92 7o OBSERVAÇOES assinado DicitalmeniE UaPakaenusuvi Tpasuo LoCa 43361107081 1 BELO HORIZONTE, MG Mgoe 600770 MINAS GERAIS Rovy",89,0,0
aug_cnh_414.jpg,873.0,559.0,93.0,93.0,0.09,1.07,0.04,0.04,0,252.0,235.67,160.33,Valida En Todo 0 Ierritorio nacional 2952662900 2952662900 1 5 1 { 6 { H { HER | 1 4 3 1 1 8 1 1 ; 1,28,0,0
aug_cnh_415.jpg,155.0,265.0,138.0,138.0,2.5,36.31,19.79,0.14,0,232.33,232.67,232.33,"Do #8 isterio 288 4188*8a559t0 {LICENSE } iNACIONAL [ Mario Viloria Vicira 1971 22/06/2026 {24/06/2016 RN 1 20 753,417-JiiRGd 583.709.264-10 06132533235 F{RASILeiKO(A 1 1 Sr - Bento Macedo Livio Melo 5 1 @ 1 MINAS GERAIS B rASTL FEDERaTiva REPÚBlICA 0E MaCional 'PerMISO DE COvDUCCION  SECkETAR7A DE HABILITACÁO / DRIVERE carteirae Farics 06/09 /",54,0,0
aug_cnh_416.jpg,161.0,346.0,168.0,168.0,9.92,73.04,50.66,1.62,2,237.67,240.0,19.67,"B Kr3 DI DE dE DE 'HAbiltAcio /[ 'KabilitaÇAo NACIONAL [ Catarina Rios DAIA de Novaes Go Sousa ACC 04/01 Valiqade [14/05/2024 ORG 4C DOC AL 1 58 ,465 1 Yan Borges Sr. 1 | Sra. Lais Balorino Bios 1 ACC Cie Do FEDERATIVA PORTEs REPÚBLICA TRans Transito Dos Rio ministe nacional CONDUCCI Secretaria 'perMISo L 'License | 'DrIvERL carteira | Sobr[NOME 2cinovee Mscimenio eufdet oC 1/1951 12/03/2034 {Visso Data E {Vissor/uf IoenTIOADE / € 708-7SSP Catib 64.578. 'Fegistbo 34697364166 J(Pf 980-70 213. Nacio lioADE BRASILEIRO(A) FilMacao Montenogro poriador ssinaiura [ Die OBSERYAÇOes",93,0,0
aug_cnh_417.jpg,626.0,210.0,56.0,56.0,10.4,45.12,5.44,6.17,2,215.0,225.67,7.33,Valida EM Todo 0 TerritÓrio MACIoMAL 2952662900 2952662900 5 1 1 F 1 JIn | 2 1 1 ;2 II TI 4 7FE 1 1 1 1 ; 1 { ; | í W 5 2 8 9 1 1 1 7 1 | II | 5 1 L 95,50,0,0
aug_cnh_418.jpg,148.0,271.0,163.0,163.0,7.84,68.56,41.24,1.1,1,238.0,240.67,17.0,REPÚBLICA FEDERATIVA Cresrer'rarratvaro BRASIL SECRETaRiA NACDonR DE Transito BR CARIEIRANACIONAL DE HABIUTAÇiO / DRIVER LICENSE/ SOBFFNOVE 'PERMISO DE CoNDUCCIÓ Natalia do Cruz KaBILTAÇAO DaIA [OCn UFde NasciMento] 19/01/1948 do Serro Ro D4Ta {VISSAO 1 (22/11/2016 (20/11/2026 ValiQaDE ACC DocioentIDADE / ORC EMISSOR / UF 41.437 269-2IPF MA 1 [359. Nbegistro 804 . CaT hAB 8064828681 NACIOHALIDADE BRASILEIRO(A) 1 1 Thales Fornandos 1 Nalala Heleno Azevedo AssinatURa Do poriADOR ACC Cie DiE 12 ObservasOes ; LOCA Damsssnoogoutam DElo HORIZONTE MG 43364407081 Mcobicogno Do Fovee Pires 172514 6r,86,0,0
aug_cnh_419.jpg,174.0,292.0,139.0,139.0,7.33,81.98,18.49,1.82,2,238.33,247.0,12.67,"REPÚBLICA FEDERATIVA Do BRASIL ministerio Dos TRANSPORTES BR S ECRETARia Nacional DE TRAnSito carteira nacional de Habilitaçio / DRIVERLICENSE / PERMISO DE ConDUCCIÓN Nomee SOBReNOME HABILTAÇ^O Heloisa da Mota Daia Localeufdenascimevio 27/04/1975 Fogaca DaiAevissac Validade 09/03/2016 07/03/2026 1 DOC [DENTIDADE / ORGeissor / Ue 26.915.357-7IPF 4d [PF NPEGistpo e 208.467.915-01 29145003187 1 NacionAlIDADE BRASILEIRO(A) FiLIAÇAO 1 1 Apollo Camargo Beotriz   Silva 1 Xeloisa dalola assiyatura Do poriador ACC E Ee OBSERVAÇOES AssinaADO DICITALMENTE DePaRIAMENIO {SIADUAl IRasuo LOCAL 4336+407081 1 BELO HORIZONTE, MG MG681606770 MINAS GERAIS",85,0,0
aug_cnh_420.jpg,176.0,294.0,137.0,137.0,5.31,66.67,19.47,0.96,0,228.0,228.67,227.0,Purlica ffvrrativ Do 804312 crIERA K4QNaE Qxastlharise Drnr ucense  PeamseDftotuoiox E Mosinae [2 [577101 7f v72025 {ssa2a eSS8 [21s295 0 382+7158 1 5 | care 0o9a 1 1 | MINAS GERAIS G9,32,0,0
aug_cnh_421.jpg,63.0,76.0,86.0,86.0,3.47,11.72,3.14,3.09,1,239.33,247.67,154.33,C 1 ' 1 { 1 8 1 8 [ 8 8 { { 8 1 8 1 8 1 4 Ha8 8 8 81 1 p N |  5 4 ' 3 ? 1 8 1 0062992562 006299z56z ivnoijvk oivolivujl 0 O00l WI Voiva 8,46,0,0
aug_cnh_422.jpg,172.0,292.0,141.0,141.0,6.88,81.98,18.49,1.82,2,238.67,248.67,160.0,"REPÚBLICA FEDERATIVA Do BRASIL ministerio Dos TRANSPORTES BR S ECRETARia Nacional DE TRAnSito carteira nacional de Habilitaçio / DRIVERLICENSE / PERMISO DE ConDUCCIÓN Nome [ SobREnOME HABILTAÇ^O Stephany Viana Daia Localeuf denascimevio 23/06/1959 Macedo do Amparo SC DaiAeuissao VAlidade 15/02/2019 12/02/2029 1 DOC [DENTIDADE / ORGeVissor / Ue 96.206.860-3IFP NPegistpo e 528.730.149-97 32483520503 1 NacionAlIDADE BRASILEIRO(A) FiLIAÇAO 1 1 Vinicius Machado Brenda Almeida 1 Ylchhant Uiana AssinaiuraDo PoriaDoR ACC Ee OBSERVAÇOES AssinaADO DICITALMENTE DePaRIAMENIO {SIADUAl IRasuo LOCAL 4336+407081 1 BELO HORIZONTE, MG MG681606770 MINAS GERAIS d CPY",87,0,0
aug_cnh_423.jpg,174.0,293.0,137.0,137.0,6.87,81.98,18.27,1.62,2,253.0,246.33,17.0,"REPÚBLICA FEDERATIVA Do BRASIL ministeRio Dos TRANSPORTES BR S ECRETARia Nacional DE TRansito carteira nacional de Habiltaçio / DRIVER LICENSE / PERMISO DE ConduCción Nomee SoBRENOME Madinitacao Aurora Ramos DAIA [Ocnl { UF De Nascimenio 28/01/1993 Lopes Daiaevissac Validade 07/02/2023 04/02/2033 1 DoCioeniidaDe Orgevissor (UE 89.507.559-6 DETRAN Npegistpo e 765.102.839-21 32256759193 1 NaciohalidaDE BRASILEIRO(A) FILIACAO 1 1 Isaac Araujo Alice Garcia 1 durora Ramos AssinaiuraDo poriador ACC He 2 OBSERVAÇOES Assinado DICITALMENTE Uphnkknnna Iphsuo LOCAL 43361107081 1 BELO HORIZONTE, MG Mgbe 606770 MINAS GERAIS d (PY",86,0,0
aug_cnh_424.jpg,164.0,302.0,175.0,175.0,6.35,86.86,54.57,0.0,1,246.33,247.0,141.67,REPÚBLICA FEDERATIVA Do BRASIL BF ministerio Dos TRANSPORTES SECRETARiA Nacional DE Transito CarteirANAcIONAL DEHABIUTAçÀO / DPIVER LICENSE / PeRMISO DE CONDU HABIUTA NOMEE soBRENOME Giovanna Silveira DAIA LocAleuF DeNascimento 18/12/1984 Ferreira Verde MA DaIA eVissao 46 Valiqade ACC 10/11/2021 08/11/2031 IDENTIDADE / ORg Emissor /UF 21.848.281-3IFP AM regisTRo Ad (Pe 912.563.740-16 31942344308 1 BRASILEARO(N) FILIAÇAo ; 1 Dr. Carlos Eduardo Azevedo 5 Liz do Cruz 1 louanna filcro assinatura Do PorIADOR ACC Cle DiE OBSERVAÇOES AssIMADO DiGIT AL EPariAMEMIO {stadua 1 Doc,82,0,0
aug_cnh_425.jpg,62.0,74.0,89.0,89.0,4.92,16.02,3.21,3.45,1,228.33,235.67,157.33,0 1 1 1 [ 1 8 8 5 1 8 8 1 ; 1 HH { I/ 1 1 8 p N |  $ 8 1 1 4 8 1 0062992562 006299256z Jvnoijvn Oivoliuval 000l W} Voiva,38,0,0
aug_cnh_426.jpg,171.0,293.0,142.0,142.0,8.25,82.25,18.7,2.06,2,230.0,240.67,7.67,"REPÚBLICA FEDERATIVA Do BRASIL ministerio Dos TRANSPORTES BR 5 ECRETARia NacionaL DE TRAnSito carteira nacional de HabilitAçio / DRIVERLICENSE / PERMISO DE ConDUCCIÓN Nomee SoBReNOME KABIUTAÇ1O Ana Laura Teixeira Daia [ocaleuf denascimewio 06/09/1988 Brito Daiaevissac Validade 27/08/2019 24/08/2029 1 4c DOC [DeNTIDADE ORG EMissor / UF 87.872.544-O DETRAN 4d CPF NePEGistpo e 051.467.829-11 25513017535 1 NAcIOnALIDADE BRASILEIRO(A) FILIAÇO 1 1 coo Bsors 1 N Jcurcira Assinaiurado poriador ACC E Ee 52 OBSERVAÇÔES AssinADO DICITALMENTE DePaRIAMENIO {SIADUAl IRsuo LOCAL 4336+407081 | BELO HORIZONTE, MG MG681606770 MINAS GERAIS Diogo",87,0,0
aug_cnh_427.jpg,400.0,539.0,50.0,50.0,5.29,11.04,4.16,2.4,1,251.67,241.33,160.33,05 1 1 4 1 { [ 1 1 9 1 1 8 1 | 2 8i 1 81 1 H 5 1 1 1 1 1 : { H 1 1 ; 5 9 H 1 0 2 2 IL 1 2f 1 006799zs0 0067992562 | 1 1,49,0,0
aug_cnh_428.jpg,172.0,292.0,147.0,147.0,5.5,81.98,17.75,0.22,1,253.33,248.0,36.67,"REPÚBLICA FEDERATIVA Do BRASIL ministeRio Dos TRANSPORTES BR S ECRETARia Nacional DE TRansito carteira nacional de habilitaçio / druver License / permiso De Conducción Nohe{ Sobrenohf Kadinitacao Dr. Enzo Gabriel   Siqueira Daia[Ccaeuf De Nascihenio 17/04/1986 Abreu Daiaeuissac Yalidadl 6/04/2021 14/04/2031 1 DoCioenudade ORgevissor / W 94.208.951-8IIRGD Ad CPC Aroipo eae 527.381.409- 66420592361 1 Nacioualidade BRASILEIRO(A ) FiLIAÇAO : 1 Sr. Joao Lucas Montenegro 5 Sra_ Gabrielly  Castro 1 Sakatdl Jike Assiyaiura Do poriacor 2e 7oo7 OBSERVAÇOES assinaoo DicitalneniE UaPkaaeouhsuuig AhAou 4336-Hu/u81 LA 1 BElo HORIZONTE, MG ue 60o77o MINAS GERAIS",90,0,0
aug_cnh_429.jpg,158.0,313.0,159.0,159.0,4.76,81.44,35.74,0.0,1,252.67,238.33,157.67,"Republica Federativa Do Brasil Miwisterio dos Tkansportes BR Secretaria Nacional de Transito cartehra nacional de habilutacio / druver license / perhiso de conducciÓn Wviinni Volentino porecido Lil iVa fuFt 26/02/1964 Fogoco do: Pedras RM 01 Vipedi 06/12/2017 04/12/2027 1 WillwtilclicFgivii 70,962,533-odetpak 44( eeta 154,287.603762 40930671029 1 'yuueoi Byasilliyoca) 7ll7o 1 1 Felipe Borges Melino Siqueiro 1 Valr Akarsl e? 22 8 2iu 1 Sdmfc",64,0,0
aug_cnh_430.jpg,132.0,339.0,141.0,141.0,4.59,45.93,25.25,0.13,0,216.0,218.33,219.67,"isi bera 6 Ee 0 (2 Jlenes 45 Ierl 62 sav9Jl H 54 52 1 3 3 8 9648 Ferorocrfrol PERISO [E CONIciox OR#{nUGIA; bchibaac{0 < Crtiria{ch8l 5 48,444818 = 23",31,0,0
aug_cnh_431.jpg,176.0,294.0,131.0,131.0,6.12,58.13,18.7,1.38,0,220.67,223.0,223.0,revubuick frulkati 00 Ekas;t CmeFAmaCONAi be Habaleseo  drherlicesse7 Pirwio DE SORDTCIÓK @aeasswes lolnn @e22 Lassssso 5542 {9 | uroooa | MINAS GERAIS {ce5.222 4 1,25,0,0
aug_cnh_432.jpg,168.0,290.0,148.0,148.0,5.55,56.78,17.29,1.11,0,226.0,227.33,235.0,"carteraaacon  ocntaneupck MAASE JpERWASo De Caneccin {siais Facasn {s2 farestae Jizss Essscs Ls 3454i8,2} Lein | 5 5 | MINAS GERAIS",21,0,0
aug_cnh_433.jpg,180.0,297.0,128.0,128.0,6.08,52.03,17.06,1.63,0,225.33,227.0,235.67,Vosrf9e CAteirA NACAONal BE #ABUlrisco#O8eR LE}sc { PERMIsouE €ovoUCcioN Lvinichs_Habeire 21/0s/18e3 Ramoz {;5/04/2019 Jli2/i/2oz @225 E222 9 1 {soaunos arerass [ | MINAS GERAIS {[224227307 E,26,0,0
aug_cnh_434.jpg,,,,,14.5,67.48,26.78,8.18,0,152.67,156.33,98.33,! Mins SeRais,3,0,0
aug_cnh_435.jpg,174.0,295.0,139.0,139.0,7.85,81.98,18.49,1.82,2,238.67,248.67,14.33,"REPÚBLICA FEDERATIVA Do BRASIL ministerio Dos TRANSPORTES BR SECRETARia Nacional DE TRAnSito carteira nacional de Habilitaçio / DRIVERLICENSE / PERMISO DE ConDUCCIÓN Nomee SoBReNOME Mariutacao Sra_ Lara Goncalves Daia Localeufdenascimevio 08/12/2006 da Costa Daiaeuissac VAlidade 16/08/2023 13/08/2033 1 DoCioenDADEhorgenissor(UE 72.546.811-6SSP N? REGISTRO e 263.748.590-65 05293870352 1 NacionAlIDADE BRASILEIRO(A) FiLIAÇAO 1 1 Mathias Moura Valentina Brito 1 Jras Yaro Yoncale Assinatura Do poriADOR ACC 2 Ee OBSERVAÇOES AssinaADO DICITALMENTE DePaRIAMENIO {SIADUAl IRasuo LOCAL 4336+407081 1 BELO HORIZONTE, MG MG681606770 MINAS GERAIS d CPY",82,0,0
aug_cnh_436.jpg,129.0,237.0,157.0,157.0,3.85,57.32,27.78,0.43,0,230.67,230.67,231.0,F2d2 REPÚBLICA Dos TransfoRtes DE iPerMiso dE C NACIoNAL DE HABILTAÇÀO / DRWER E Holoiso Nascimento Goios PR (28/12/1953 Fogaca de [15/07/2024 13/07/2034 {36.961.869-JDETRAN To 1 56142663736 920. 354-74 BRASILEIKOCA) Rhovi da Rocha H Moria Julia Mendes 22 4a 1 22 5 : uuzo Hokronu 20 { 8070} Transito 010 4is1e Nacional COYDUCCIÓN sEcRetaria {LiCEnSE  caRTEIRA / .687,58,0,0
aug_cnh_437.jpg,183.0,299.0,120.0,120.0,4.53,40.79,13.1,1.19,0,223.67,225.67,234.33,Aefuurc BRatu Csrre4ca Nner0nn i De 8484a748 36 /arneRueCiasz ?YERAieODE conbuccios @ Wenon Eas7152 {22849 83 Fjn8c6 | | MIAAs €ERAIS {zsicire [@239,23,0,0
aug_cnh_438.jpg,174.0,293.0,141.0,141.0,8.54,100.0,34.34,1.52,1,197.33,208.0,11.33,"REPUBLICA FEDERATiva Do BRASIL Nisterio Dos TrsPorTEs BR SecrEtaricional DE 7Rasito CarTeIRA NACIONAL De HABIUTAÇIO / DRIVER UCeNsE / PerMISO De ConduCCiÓn Aoveetoerohov auuco Hres oananeuonycivanno 21/07/1945 Penol NArsy 13/04/2018 12/04/2029 1 OmMioo / OolVisor/u 57219 207-9iff qacr ccotno 897.135426-73 36495285084 C 1 ""ashtino n 3 | lon Focheco Eruna Cavlcunte 1 Pire nosunos Alocaven Ououa Vaut Non 4640asi | AllohoklomlMg Moaslcoon MINAS GERAIS Arthur",65,0,0
aug_cnh_439.jpg,390.0,561.0,157.0,157.0,5.42,80.89,0.49,16.85,1,238.33,247.67,96.0,SIVY39 SYNIW Zot UEohouy | 1 Huoceo Cououe3 onoueronaiy (0uusrg | eslsue 6=isterls 1 r 3912-Sts[6ss Zvirusv or/zu/so Uceiy 898k8 6eu/so/r Cnnnee Seovuoe Qu0 ae N912277N0230 0s7n*3} / 3s132/7*zu*0 / Q?DNL/IISYH 30 7NQDIN YEIYY?) Onsanonoons 8oas91oa 0181sn &8 Usvy9 00 7a11vy1034 Y9179oday,42,0,0
aug_cnh_440.jpg,171.0,291.0,142.0,142.0,6.28,59.08,17.88,1.5,0,226.33,227.67,235.67,REPalica FEdErativa 0o #Rasie 200 Cariehra nacionai De habilfacao / DrWer UCERSE / PERHSO €E cênDucciÓn Peixoio [08/+0/1959 Novoes das Podrar 6/2/2022 {a70272032 Gis 393.343*8i5F 298.437.5i0-60 26654965106 Lsys 3 1 Ra d Carialho Anc Juili Compos; 5 1 MINAS GERAIS Yitodg,41,0,0
aug_cnh_441.jpg,168.0,289.0,148.0,148.0,6.49,65.99,19.3,1.42,0,227.33,228.67,227.0,REPÚBlICA FEdERaTiva Do BRASIL Nistaro 2os Ansprrt59to 85 SeCretakia Nacfonai 06 carteira NaChonal de habilitacao / Drhver license/ permiso de ConduCción [clara Rezonde 03/04/2004 Morques de Costa [V/5/2016 29/12/2025 40.678.734~ODETRAN 1 851.302.967-02 79216158583 {BrasnenRoia 1 | Brero Martins Anno Liz Comurao 1 1 1 | MINAS GERAIS,47,0,0
aug_cnh_442.jpg,,,,,1.86,4.1,2.74,2.72,0,249.0,242.0,160.0,Valida EM Todo 0 TERRITÓRIO 2952662900 nacional 2952662900 6; 9 66 1 8 8 6 1 ; H  ; 2 1 ; F7I ; : : 2 5 5 UI 8 8 1 1 2 2 9 5 1 1 | 2 1 1 8 5 1 1 1 5  2 | | 1 1,55,0,0
aug_cnh_443.jpg,474.0,623.0,163.0,163.0,2.13,38.89,0.0,21.18,0,250.67,247.67,247.33,"SIVà39 SVNIW 02290918991 9usnyy Zobolows9ocv } 2"" 'JnozioM 0138] 1 ouaWvLYYd)0 Aniw7yl/9t0 Ooymiss SJqoyaba58o EOOYInOa 0O YynYNISSY onbjenbnqly Dlll98) DHDW Dyooy DP orivnis 081 19191079 2 1 Ka 082*165 081579J0 < Ja)E 8d asdiiz-{o2 '6S6'SS 7wossin) D80 / JOvgliNIOI 300 ofoz/80 /8z ozoz/80 /05 JOrdl I7A 9 Oyssina YiYO € Sdios PP S16,/z/v0 OinanDSV 20 ,n11001 Yiva Oyoyinibyh , 0d9199u05 DP 060141) No1))n0no) 30 0SK83d / 35132/7 *3A480 / JnonJdbos } Jnon l/opjyl/IfYH J0 TYNOIN YàIJLBY) OliSNYd1 10 Znoisvn d8 s31*OdSnvd1 so0 Y1av11a)]s USva8 00 VniivSaqoia7isnn 0 onbin Jnuuy own 014",91,0,0
aug_cnh_444.jpg,179.0,236.0,175.0,175.0,5.29,67.21,40.88,0.14,1,219.67,220.67,164.0,Republica Federativa Cisterio dos do Brasil SEcehran  @ 288 5d585iT0 BR CreranConLDE HaSiLTIÇiO/ DrnerL 2 nCAaU*Kasesoid 'VCENSE / PerMISO DE CoNDUCC xoaim Shsire Eara euceG 5i0s/ssz S * Bomo 1 22/0e/2021 [e/0e/2031 E Dalcei 15232419-SFC 5 1 423 anna 2 1 1 5 Duon Uz % Poz Jl ; (nale 94802781-41 10443240e5s Psaro Ma 1 Mado,56,0,0
aug_cnh_445.jpg,169.0,291.0,144.0,144.0,7.27,81.98,18.49,1.82,2,238.33,246.0,14.67,"REPÚBLICA FEDERATIVA Do BRASIL ministerio Dos TRANSPORTES BR S ECRETARia Nacional DE TRAnSito carteira nacional de Habilitaçio / DRIVERLICENSE / PERMISO DE ConDUCCIÓN Nomee SoBReNOME HABILTAÇ^O Ayla Marques Daia Localeufdenascimevio 07/09/1981 Porto do Oeste Daiaeuissac VAlidade 01/11/2018 29/10/2028 1 DOC [DENTIDADE / ORGeVissor / Ue 38.403.631-7PC 4d CPF N? REGISTRO e 256.194.873-00 92732155462 1 NacionAlIDADE BRASILEIRO(A) FILIAÇAO 1 1 Sr. Ravy da Rosa Stephany Fernandes 1 AssinaiuraDo PoriaDoR ACC Ee OBSERVAÇOES AssinaADO DICITALMENTE DePaRIAMENIO {SIADUAl IRasuo LOCAL 4336+407081 1 BELO HORIZONTE, MG MG681606770 MINAS GERAIS Marques",86,0,0
aug_cnh_446.jpg,167.0,292.0,169.0,169.0,5.82,69.65,47.37,0.02,1,251.0,246.33,162.33,Ministerio BRASIL TransP nacional de BR CABTERA NaCIONAL DE HAbiltikçio/oRnerL NoMEE soBReNOME rlicense / perwso de conducco Levi da Cunha MaBIUTAÇAO Joaia Zocal eUf de) Nascimenio 02/01/1998   Jesus de Albuquerqul DatA [Vissao 1 04/09/2021 02/09/ /09/2031 4€ DOC IDENIIDADE / EVISSOR /Ue 85.695.572-5IIRGD PR 4d (PF 1 732.165.489-37 KPEGLSTRO CaT Hab 1632296275 NaciohALIDADE BRASILEIRO(A) 9 1 Dr. Matheus Forrairo 2 Alice Androde 9 Ycvi da Bunha Assinajura Do PoriADOR ACC Oeservacoes AssimaDo DIGIIALWENIL Departaninto [stadual De iransito ; 45864807080 LoCA REPÚBLICA FEDERATIVA Do Dos SECREtaRia ORTES Transito OegE,88,0,0
aug_cnh_447.jpg,174.0,294.0,138.0,138.0,7.73,82.25,18.65,2.02,2,251.33,248.33,8.33,"REPÚBLICA FEDERATIVA Do BRASIL ministerio Dos TRANSPORTES BR 5 ECRETARia Nacional DE TRAnSito carteira nacional de Habiltaçio / DRIVER LICENSE / PERMISO DE ConDuCCIÓN Nomee SoBReNOME HABILTAÇ ^O Pedro Miguel Sa Daia [ocaleufdenascimewto 22/06/1993 Cassiano Daiaevissec Validade 23/06/2017 21/06/2027 1 DoCioeniDADEhorgenissor(UE 84.802.586-8PC NePegistpo e 274.586.319-37 01783725460 1 NacoelidaDe BRASILEIRO(A) FILIAÇAO 1 1 Liam Covalcanti Isabelly Fernandes 1 Pedno Mliqued Ya Assinaiurado poriador ACC Ee E 2 5 OBSERVAÇOES Assinado DICITALMENTE DgpariangnioesiADuA Ipsuo LOCAL 13361107081 1 BELO HORIZONTE, MG MG681606770 MINAS GERAIS d (PY",83,0,0
aug_cnh_448.jpg,874.0,557.0,91.0,91.0,7.67,39.65,3.74,4.24,2,238.67,248.67,157.33,"Valida EM Todo 0 TerritÓrio MACIONAL 2952662900 2952662900 1 p 1 1 1 # { JIn 1 2 1 9 7 4 : H :, ; p 8 JHR | i 2 H 1 1 HH ;: 1 4 1 1 1 II | 5 1 L 5",48,0,0
aug_cnh_449.jpg,165.0,325.0,164.0,164.0,8.88,67.21,42.69,0.06,2,238.33,238.33,17.67,Do Bh DE DE 7 DE 'HABlvTAçiO / 1 PB DAIA LOCAL [ Sro. ACC (24/06/ RJ 63.495 1 4d (PF 840. 1 mo{eo Costela ; 1 Morio dos Neves 2 Gonslon 1 AcC Cie Die OBSERYAÇOES o DIGIIALI BRASIL FEDERATIVA ORTES REPÚBLICA TRans Transito Dos CONDUCCIÓN MinisteRio Naciona 'PERMISO C Ria SECReta 'LICENSE | 'DRIVERL MaaUtACkO cartEIRA NACIONaL [ SobbENOMl Novee Iascimenio Cassiono euede Noscimento Sobrina 20/09/1947 Valiqade) 22/06/2031 {Visso oatA '2021 [issok/uf DOC IoeWtiDADE / Oag E Ui7b 978-SSSP 'Swbegistro 48633799930 953.126-70 NaciomalidaDE BRASILEIRO(A) [Asole Cecilio Poeidor AssiniUrA [,91,0,0
aug_cnh_450.jpg,195.0,328.0,158.0,158.0,7.76,65.31,38.77,0.06,0,221.33,222.33,222.33,"REfÚBliCA FedERaTIvA 20 BRaSIL Ministerir dGs Transporte 3 Secretaria Nacional 86 7ransito Carteira Nacuonal dehabhltacio / drwer LICense / perhiso de conduccion Dr; Raxi Lucco_Cavalcanio Ylano das Flores {3/05/2019 30/04/2029 {z235 . 454-6iirgd 1 {31886.280-00 69638916666 {""rasheiroin 1 | {Jooqulm Cosla 2 Isobolly  Santos 1 1 @ {;5/05/1958",48,0,0
aug_cnh_451.jpg,,,,,6.23,57.99,18.09,1.51,0,226.33,228.0,235.33,Fepubuca ftderativa Do #Rasil 6u Carteyra Macional @5 HaBhlytacÃo / DRwer UCEnSe/ PEBIISO DEConoucción Cionale Morues Lo7os/18E8 fepiondes de du Cutha E79/222 7f68/99/2032 [59.803 258-3iP5 {92z585140-! 17136226758 Lesuneia | | ÍLaiz Gustavo Araujv stepkany 1 2 1 | MINAS GERAIS,40,0,0
aug_cnh_452.jpg,,,,,6.93,66.94,1.54,20.37,0,228.33,229.33,227.67,"SIVd79 SVNIW 04900i8y?4 1 snsef quon7 1 'ooBoJy Inod | 5 619++89s+66 90-LiS +S6'90z Q9yii6-SSE*916*79 Isoz/so/cs 'zoz/+9/10] sduin #P Odbpjy 2861/co/e | SiDAON Diinr DUDW N91220080230 05H1*3/ / 3583217,824/80 /ovfxu7qvH 70 7YNOIYN PUIZLXV) Q45 442 Nony4 5o0 7Svd8 oG Ya1lyxloil Vj1780d74",41,0,0
aug_cnh_453.jpg,428.0,632.0,131.0,131.0,3.42,42.68,0.59,10.54,0,232.33,232.67,236.0,Siyd39 SVNIW 1 Dpiqwiy  Duioby 1 Djjaro cojonp} 1 { L8SSaSZ+s9o S{-ZEI 8ts290 | idl 2-{59*509 95 ! Lzoz/80/{z Lioz /80/O5 epyb)o Dsd3 #F qJipdida ZZôV/90/60 Bsoà DP oskon NOi)JnOn0) J0 osH*7d } 75872/7 *3A40 / O8(YLFHIQYH 30 TNOIDYN Y#I3LYY) 4o4 411834$ 5oa 05 8 USvy8 oa Valivaia34 V2178043d,49,0,0
aug_cnh_454.jpg,175.0,297.0,135.0,135.0,7.37,54.47,19.0,2.05,0,220.0,222.67,223.0,"Fua resnl CAPEIRXXAC)on4L D5H48U/tAçio{DRIER LICESSE FPE8Miso DE CONDUCCãN [esesioryi Gznones ""95 Sranao @ Eiix_JEZM2 {825 [07032522999 | | MINAS GERAIS ) {29",22,0,0
aug_cnh_455.jpg,175.0,294.0,136.0,136.0,11.74,100.0,35.17,2.99,2,170.67,177.67,9.33,"REPÚBLICA FEDERATIVA DO BRASIL ministeRio Dos TRANSPORTES BR S EC RETARia Naciona L DE TRANSito carteiranacional De HabilITAçio / DRIVERLICENSE / PERMISO DE CoNDUCCIÓN Nomee SobRenoke HABILTAÇ^O Dr. Jooo Guilherme Ferreira Daia localeuf denascimenio 17/05/1976 Nogueira Verde Daiaevissec Validadg 10/04/2020 08/04/2030 1 DocioeniidadehorgenissorUe 62.248.721-4PC Nepegistpo e 1 274.518.039-88 44592927115 NACIONALIDADE BRASILEIRO(A) FILIAÇIO | | Sooma cooosont 9e Assinaturadoporiedor ACC E Ee 5 5 OBSERVAÇÔES ASSINADO DIGITALMENTE DgpariangnioesiADuAl IRAsuo LOCAL 43364407081 | BELO HORIZONTE, MG MG681606770 MINAS GERAIS 4d CPY",79,0,0
aug_cnh_456.jpg,63.0,77.0,85.0,85.0,5.27,17.87,3.17,3.36,1,238.33,247.67,159.33,"1 1 f 1 8 1 8 "" 1 3 ! 1 JzHH p  ;  1 2 | 1 1 006299z562 006299z56z Iynoijyn 0iyqlinnal 0 000l W} Voijva",28,0,0
aug_cnh_457.jpg,120.0,252.0,201.0,201.0,6.38,73.85,22.85,0.19,1,237.33,239.67,162.0,SECRETARia Nacional UC Carteira naCioNal de Habuutaçio/ DRiver LICEnSE / PErMISO DE C 26 1nomeE SobRenoME Dr. Asafe Fernandes 3 Daia Localeuf denascimento 23/07/1990 Pimenta Paulista RN 49 DaTA] eVisSAO 46 ValiqaDE 06/03/2020 04/03/2030 46 DOC [DentidADE / ORG eVissor / UF) 58.689.233-1 SSP MA 4d (Pe 5 Neregistro 031.825.647-90 94183853968 NAcIo'ALIDADE BRASILEIRO(A) FiliaÇko 1 Gael Mochado Larissa Correia Jurnondo assinaiura Do PoriaDor ACC Cie Die 12 OBSERVAÇOES 0,69,0,0
aug_cnh_458.jpg,61.0,77.0,89.0,89.0,7.5,39.16,4.13,3.94,2,238.67,248.67,14.0,1 1 7 1 1   II < 2f 1 1 1 | 8 ; 1 1 8 | 9 1 ; 1 ' 2 1 1 3h8 9 8 81 p 2 3 # |  ; 9 1 1 ; 1 0062992562 0062992562 Ivnoijvk oiuoliuu3l 0 0001 WJ VOIJVA 1,50,0,0
aug_cnh_459.jpg,872.0,555.0,94.0,94.0,5.05,15.33,3.68,3.01,1,238.33,246.67,159.33,Valida Em Jodo 0 Jerritorio nacional 2952662900 2952662900 6 5 1 7 | 1 2 1 { 6 1 5 1 { 1 { Rr 1 ; 1 ; 1' | f | 2 7 8 | 5 7 ! 1 1 00,43,0,0
aug_cnh_460.jpg,,,,,2.45,14.77,1.43,7.06,0,238.33,244.0,164.67,"SIVà79 SVNIW 04/909[892w 014 '1ino7imoh 0770 irolotloeer 101 ouskurJ0 Ivnoyis) OIMAWYIYYd}0 1NJW 7Yl/910 OOYNISSY 5302yab7s8o zi 210 BOOYIMOaca ~pPf ~?ng own Buliojd)| ojped S@DAON oxovnls ZS-955*176*87l 987'9+Y'9L 09*i/6 - Y8 /81 ep Ovb8os YnYAISSY Jenbin (oxizuisvha JovOnYhODOYN 9zSLI58szs8 0a151910 OyH 1Y oroumnaijoa 9u0  vossina zzoz/ov/1z| YIro  Orssin} ZSoz/01 , JOvdnYA  s/so/so {l61 , 013iu08 epuozey seios Yira 2o1 ! 1now SDbJDA ouonosyyJ0 ,",63,0,0
aug_cnh_461.jpg,60.0,79.0,89.0,89.0,4.44,14.75,2.6,2.47,0,229.0,228.0,237.0,1 8 1 ! 1 006z992562 0062992562 {5yeanu C6us18e3{ 0 3801 W1 Vmyna,13,0,0
aug_cnh_462.jpg,62.0,76.0,86.0,86.0,11.62,45.61,6.32,5.74,2,193.33,204.0,9.67,11 7 1 1   II < 2 1 1 1 91 2 1 | 2 ' 2 5 1 1  BAU 1 | p 1 ; 1 5 1 1 ; 1 8f 1 2 3 H  | 1  ~ 1 1 | ª 4 ; 0062992562 0062992562 7yndijyk oiyqliykal 0 0001 W3 Voiya 1,55,0,0
aug_cnh_463.jpg,180.0,205.0,181.0,181.0,0.05,6.1,0.48,0.0,0,252.67,235.33,160.33,"CimebanacionaL de hasiltacio / Dpneruicense / Perwiso de conolc WaSea nn Dra Elo Cornes 6 in 22/07/1924 Fococo VS 1 [26/05/2024 24/05/2034 2 e 20,337573-2ifp Pa 1 763 542 312-55 67991479726 ; Bpasileipo(a) p [ ( 3 Costa 2 1 8 Sa Costo 098 ; ooo Los Foove",48,0,0
aug_cnh_464.jpg,29.0,10.0,113.0,113.0,5.37,13.28,4.11,3.86,1,250.67,230.33,161.67,55 1 3 0064 0066998066,5,0,0
aug_cnh_465.jpg,177.0,295.0,130.0,130.0,5.33,55.96,17.95,1.01,0,226.0,227.33,235.0,Cabfeira Macional [e HanhLitachc) / @Pu RtcEwsE 4PUPMiso D( (onbccion : @ Vuarle Lvver {o570977921 {01/o/46 f072504  E*22 1antfvse (22 1 9sbuia 1 @ 1 MINAS GLRAIS,27,0,0
aug_cnh_466.jpg,175.0,296.0,134.0,134.0,7.45,81.98,18.22,1.57,2,253.67,247.67,24.67,"REPÚBLICA FEDERATIVA Do BRASIL ministeRio Dos TRANSPORTES BR S ECRETARia Nacional DE TRansito carteira nacional de habilitaçio / druver License / permiso DE ConducciÓn Nome e SoBRENOME Madinitacao Luiza Correia DAIA [Ocal { UF De Nascimenio 25/01/1961 Nunes da Prata MG Daiaevissac Validade 25/09/2024 23/09/2034 1 DoCioenidaDE Orgevissor /U 10.426.537-7 DETRAN Ad CPC NPegistpo e 981.250.647-02 15938054545 1 NacionalidadE BRASILEIRO(A) FILIAÇAO 1 1 Murilo Azevedo Sra_ Isabela Camargo 1 orneia Assiyaiura Do poriador He 7 OBSERVAÇOES Assinado DiciALMENTE JaPAkaououung Tpausuo VoCA 413361107081 1 BELO HORIZONTE, MG Mgoe 606770 MINAS GERAIS",90,0,0
aug_cnh_467.jpg,175.0,295.0,136.0,136.0,5.86,77.91,17.44,0.43,1,237.33,247.67,158.0,Republica Fedenativa Do BRasil ISTero Dos Trs Fasiro BR Sienroi 01 CarieRr MCONaL De hasilitacIo /DrierUicease/ Perhaso Deconoliccion Motteo Olivcin 22/02/1932 Comoo 23 /05 /2044 2/0s/22 1si3id ~soctran S719u465*9 19188784897 Arasileiaoa) 1 uno Woy Andrne 3 1 Muomochannn MINAS GERAIS,40,0,0
aug_cnh_468.jpg,170.0,292.0,145.0,145.0,5.07,78.73,16.23,0.45,1,237.33,248.0,155.0,"Vlygvlica (ldlvativa Do #vasil 7000 2 BR Walonal 9to Capteipa Macional De habiutacio/dpiver LCense /permiso de ConducciÓn Dr, Cv [uin uhioui WyWawio 1/01/n Ceto Vovam 79/01/7070 90/01/n0r 80 4oy Jiveo 14o0e  80846ioc [ Bvalillivoun) 2 | WsYon Cnu 2 Monon La MiWiubi 1 Wiomoyvotail,m M68i6n61io MINAS GERAIS",47,0,0
aug_cnh_469.jpg,,,,,2.04,15.45,0.08,9.54,0,238.0,240.33,161.67,"ouooriroon 2w ' Jinozimon oiil 101 irolovleev Ol/swYv/ J0 InOvis) OlMJWYIYYa J0 Jiniw iyiioia OOYhissy S0ovanisho {L i0 012 HOOYMOd O@ VunlYNISSY @PdJpuv 00Z suihdw i0d9 Oysvii, (Voxizusvaa JOYOIWYIOIYN) 8zS1 '88v8vfo 06-vSo"" Uym IY) 0015/216 195*7l8 Sa)py Va Jdiz-LLI*956*Y7 #n/mossin} 980 7 JOyoliw %01500 Ezoz/01/60 Lioz/01 / JOydiIya 9 Onsiniviyo 0961 , Lo @iNJWiDSYN J0 in 1 1oo1 Viva_ CodJDA Iso/",61,0,0
aug_cnh_470.jpg,60.0,76.0,88.0,88.0,12.58,45.41,6.24,5.71,2,182.33,198.0,180.67,11 1 7 1 1   II < 2 4 1 1 5 : ; é 5 1 li | 1 ; 1 ' 2 1 1 88 1 9 8L 1 1 1 p 2 88 3 1 ( 1 1 ~ IL g 1 ! | ; g 0062992562 0062992562 7ynoijyk oiyqliyual 0 0001 W3 Voiya |,58,0,0
aug_cnh_471.jpg,169.0,294.0,145.0,145.0,5.03,78.73,15.86,0.18,1,237.67,247.67,155.0,Veygplica Fldlyativa Do Byasil onos 5rno BR  720n Oyuramkanliheiuikjoiueer LeicriyingolcocKA Wimin Mwh 73488n | 1 MINAS GEPAIS,17,0,0
aug_cnh_472.jpg,874.0,558.0,89.0,89.0,5.96,19.14,3.21,3.44,0,232.67,232.67,236.0,Valda En Iodo 0 (Erritorio MaciOnrl 2952662900 2952662900 ; JlukshpkhF { 1 1 1 # 1 1 TIFET | ; 8 Kihkkk 1 1 5 1 2 ;,28,0,0
aug_cnh_473.jpg,176.0,296.0,133.0,133.0,10.9,100.0,33.99,1.85,2,214.0,224.67,9.67,REPUBLICA FEDERATIva Do BRASIL Tisterio Dos Transportes BR Secrearc1onal De Transio CARTEIRA NACIONAL DE HABILTAÇiO / DRIVER UCENSE / PERHISO DE CONDUCCIÓN 26inone ! Artnur Anes Se FoMe7 28/05/1973 Rozende ea 0/10/2016 02/10/2026 1 Dooasoo ao 97224840-OpC oa c 702.196583-40 68042455778 1 Mo BrASIlEIROA) Eo 1 2 1 Breno Gomes Brendo Comorge 1 dle rnon 52 o Pce ec Fo Io 428ona | BlOHORCOMEMG Vasieco MINAS GERAIS,67,0,0
aug_cnh_474.jpg,178.0,298.0,129.0,129.0,7.84,81.98,18.49,1.82,2,238.33,248.67,13.67,"REPÚBLICA FEDERATIVA Do BRASIL ministerio Dos TRANSPORTES BR S ECRETARia Nacional DE TRAnSito carteira nacional de Habilitaçio / DRIVERLICENSE / PERMISO DE ConDUCCIÓN Nomee SoBReNOME HABILTAÇ^O Ana Vitoria Souza Daia Localeufdenascimevio 17/01/1963 Teixeiro DaiAeuissac Validade 31/03/2020 29/03/2030 1 DoCioeniDADEhorgenissor(UE 24.609.324 - IIRGD Nª REGISTRO e 298.506.174-11 61898979964 1 NaciohalidaADE BRASILEIRO(A) FiLIAÇAO 1 1 Vitor Gabriel Moreira Fernanda Vieira 1 dna Uiloria Assiyatura Do PoriADOR ACC Ee OBSERVAÇOES AssinaADO DICITALMENTE DePaRIAMENIO {SIADUAl IRasuo LOCAL 4336+407081 1 BELO HORIZONTE, MG MG681606770 MINAS GERAIS d CPY Jar",84,0,0
aug_cnh_475.jpg,,,,,0.62,2.64,0.42,1.37,0,226.67,226.33,228.0,Valida EM tovo 0 Tebrttnrio Kacionat 2952662900 2952662900 #ukh | |} 8 1 1 Mkkumkua| 1 TUR | 8 1 { f 1 { 1 { 1 9,28,0,0
aug_cnh_476.jpg,874.0,557.0,91.0,91.0,7.97,39.65,3.74,4.24,2,238.67,248.67,15.0,"Valida EM Todo 0 TerritÓrio NACIoNAL 2952662900 2952662900 p 1 1 1 : H 1 F 1 2 1 1 [ 1 4 9 H :, ; 1[ TI 1 | i 5 2 H 1 4l ;: 1 4 1 1 II | 1 L 5 5",48,0,0
aug_cnh_477.jpg,871.0,558.0,93.0,93.0,4.74,13.09,3.18,3.11,0,226.33,227.33,226.0,saae{ek i598 # roatrris 2952662S55 2952662980 8api 1,8,0,0
aug_cnh_478.jpg,,,,,7.42,81.98,1.84,18.96,2,238.67,248.67,169.67,"SIVà39 SVNIW o8oo9r9esw 9w J1nozidoh 01f) 1 OuskYuL IynayIs} OIMJWYIYYd)0 ainzkiyoia QoyniSSY 53024A83590 BOOYioa nnaisst 1 DoDboJ DIAlIO 5 DIUBWId olunw ""S Coanasvaa | 1 JoyonykOiyN 16119896106 L6-S16*Z+8*{O4 1 OYM 1Yd 04151978 d) Pe Jd0-18t 'SSL85 / HoSsIn] J*0 aoyauviqiooa 27 8zoz/vo/z1 81oz/vo/s1 1 JardI IYA 9* = OrssInafiyo € enpvenbnqlv eP 0304-Dd S961/80/L1 OINJnijsyk g0inano1yivo DjlejJe } Nueh Oysyiridyh , JNONJugos ) JioN / 2 N9I))00N0230 OSI//*3d /35N7217 *3//*0 / OvjYL/7IqyH J0 7YNOIYN YNlJLYY) OliSnya1 10 7vnoijvn Viay1]a)]s s31dOdSNvd1 soa oid]1siniw &8 7iSVà9 00 VAIlVdJ0] VJiaod3à",87,0,0
aug_cnh_479.jpg,61.0,75.0,87.0,87.0,3.91,10.25,3.18,2.9,1,252.0,237.33,171.33,a 1 1 1 1 1 1 1 | 1 i2Li 1 006z99zs6z 006z99zs6z,14,0,0
aug_cnh_480.jpg,199.0,294.0,150.0,150.0,5.2,85.91,21.46,0.06,1,253.0,242.33,168.67,REPÚB LICA FEDERATIVA Do B RASIL MinisteRio Dos TRanspoRTes BR secRetaria Nacional De Transito CARTEIRA NACIONAL DE HABILITAÇÀO / DRIVER LICENSE / PERMISO DE COnDU Nohe e Sobrinoni ee Caroline Oliveiro Dil ucA Uf De Nsciuenio 01/07/1947 Moreiro do Norte RR Da1; [Vissao Valiqadl 23/10/2022 20/10/2032 1 DOC iDentidADE / Ofg {Vissor / UE 23.688.899 6IPF CE 4d [Pf Pegistro 1 781.403.926-69 54430420511 NacioulIDADE BRASILEIROCA ) : 1 Levi Pimento 2 Gabrielly Ferreira 1 Garolinc Oliucira Assiyatura Do pobiadoa ACC (1e Die 12 Observacoes) ; LoCAl DePammssinaood BELO HORIZONTE MG 42364 Mg68,92,0,0
aug_cnh_481.jpg,176.0,296.0,134.0,134.0,6.11,53.52,17.5,1.73,0,223.67,225.33,234.33,RbPoblna 5Ra5n CARTErRanal €A8L DE NaBnuacacs/ axwERLlcense { PERkuso Decowoucchx meilasg anorade [22s éa Cunfc {6772924J{sinz [52-05 {51282572558 E | Ano Livio [ [ 1 MNAS GERAIS {22177244,28,0,0
aug_cnh_482.jpg,173.0,294.0,142.0,142.0,3.82,52.17,14.04,0.64,0,230.33,230.0,236.33,"Refudlica feogKativa Do #Rasil 68988 4R808e5 'carfcira aachesal Ye mabhlufacaoiorwvlxeucense ? Pee84uso de Conouecin 900y9 {6/10/1470 Rloz de-Navae f1s/05/2517 7{+7/08/202 Fi0,642.330 [s44930502 3594544449 3 1 [Kolnn 9902"" = | MINAS GERAIS",31,0,0
aug_cnh_483.jpg,168.0,291.0,149.0,149.0,5.63,53.79,17.02,1.04,0,225.67,227.0,235.67,A5y #24t 1 | Mas GERAIS,6,0,0
aug_cnh_484.jpg,164.0,291.0,195.0,195.0,5.84,83.06,47.37,0.09,0,224.33,224.67,224.0,Finot (abilira KaCiONa| Hyauk hie eseiw Ua lvsi Ifensfana' (Fisen Wurikah (arín Gn4 75 9 524 in 1 #,19,0,0
aug_cnh_485.jpg,105.0,283.0,183.0,183.0,5.37,73.58,35.5,0.12,0,230.33,230.33,231.0,"republica federativa Uo BFasil 5t29r72 718 305 1268{o771 ? B8 Grerycl[eHsilIxin {EanPKBS{ #BwsotEConciok 59193 Cvoe 402222"" 532 Je222 @ 325-48984k 24 Gz2 1 1 1 1 [ ; Jooo 82254 eetere Ls",32,0,0
aug_cnh_486.jpg,116.0,253.0,157.0,157.0,5.78,82.66,35.67,0.36,0,222.67,223.33,222.67,REPublica FEDERATIVA Do braS1L Stl/0 Do Ransrok1e EcRdafi Wacionf[ D tra sito carteira nacional De Habiutacho/driver license/ Permiso De CONDUCCión [Aurora Cassiano {'3/09/1980 Peixoto {26/0772019 23/07/2029 {1202450-3iFP Go Lss . 348.920--06 85856435556 {GRasietroi^ Silvetra AliceMortins 5 52 54 955 222 2E | Henry  1,44,0,0
aug_cnh_487.jpg,175.0,294.0,138.0,138.0,8.94,57.05,21.28,2.81,0,216.67,219.33,156.67,rrobuchaeo CARteiea NNCiCAE DE#ABiUt5cao /DRWVER ZiCEuSE [PErMiSO €e Coxuucclov [23/3/4872 40 5 Erignois_Jlins  {258355 _P5IRAH Leio2zs 64s-71 1 1 MINAS GERAIS,21,0,0
aug_cnh_488.jpg,170.0,291.0,145.0,145.0,7.83,81.98,18.49,1.82,2,238.67,248.67,15.0,"REPÚBLICA FEDERATIVA Do BRASIL ministerio Dos TRANSPORTES BR S ECRETARia Nacional DE TRAnSito carteira nacional de Habilitaçio / DRIVERLICENSE / PERMISO DE ConDUCCIÓN Nomee SoBReNOME HABILTAÇ^O Sra_ Sabrina Nogueira Daia [ocaleufdenascimevio 29/04/1995 da Mota de Goias DaiAeuissac VAlidade 19/09/2016 17/09/2026 1 DoCioenDADEhorgenissor(UE 30.525.136-7IIRGD 4d CPF NPEGistpo e 863.920.451-98 84568965293 1 NacionAlIDADE BRASILEIRO(A) FiLIAÇAO 1 1 Thiago da Conceicao Hadassa da Mota 1 JakninoYequate Assiyatura Do poriADOR ACC 2 Ee OBSERVAÇOES AssinaADO DICITALMENTE DePaRIAMENIO {SIADUAl IRasuo LOCAL 4336+407081 1 BELO HORIZONTE, MG MG681606770 MINAS GERAIS",84,0,0
aug_cnh_489.jpg,176.0,260.0,165.0,165.0,7.03,70.05,43.43,0.4,2,252.67,242.33,238.0,od Lica ministe Do Dos SP 'ORTES DE BR Carteranaconal dehabiltaçio| Sr: Nicolas_Andrade DE CoNDUCCIC 3 DALA JoCAlFUF de  07/05/1945 Monteiro 1 17/0742940 46 Valipade 7/07/2017 ACC (15/07/2027 DOC E 16. /O8G [MISSOR / UE 124.242-2PC SP 1 [52837.061-17 PEGLTRO Cat Had 78226124959 RacIonALIDADE 1 1 Coros Eduordo Ros 1 9ls Andodo Assinatura Do poriADOR  ACC Cie Die OBseRvaOes ; Assinfdo DigitalMeNTE FEDERATIVA BRASIL Rio SecRETaRia Tran Nacional TRansito 'DRIVERE LicENSE | Novee PERMISO D Sobrinove Kabnntaco MAsiveyto Ideaildade _ BRASILEIRO(A) Corlos Srta. Nicole Costelo,85,0,0
aug_cnh_490.jpg,874.0,557.0,91.0,91.0,7.25,39.65,3.74,4.24,2,238.33,244.33,12.0,"Valida EM Todo 0 TerritÓrio MACIONAL 2952662900 2952662900 1 1 1 { H  1 2 1 1 U 4 H :, ; ; í TI ; | 1 1 { 2 H 11 4l ;: 1 1 1 1 II | 5 1 L 5",45,0,0
aug_cnh_491.jpg,173.0,293.0,140.0,140.0,8.4,100.0,33.94,1.67,1,205.33,214.67,9.33,REPÚBLICA FEDERATIva Do BRASIL Viisterio Dos Transportes BR Secretaria Nacional de Transito CARTEIRA NACIONAL DE HABILTAÇiO / DRIVER LICENSE / PERMISO DE CONDUCCIÓN euonagroan Pedro Miguel da Paz Sooilaovao 14/04/1975 Gomes de Cardoso Fara 29/08/2017 27/08/2027 1 Faeeoodnc 13.791.850-Siirgd aa esno 5 651.309.742-80 51550002823 1 BRASILEIRO(A) Ao : 2 1 Gustaro Gino Cabrielly Cirino 1 1e9 necoeoroo 22 52 22 coar ; adAAoagcanasia un 83884407081 BELOHORCOMEVG VCssicoeno ' MINAS GERAIS,70,0,0
aug_cnh_492.jpg,171.0,289.0,145.0,145.0,6.23,80.35,18.59,1.24,2,238.33,248.67,161.0,REPÚBLICA FEDERATIva Do BRASIL isteRio Dos TRanSPORTEs BR Secretaria Nacional De TRansito carteiranacional de Habilitaçio / DRIvERLICENSe / PERMISO DE ConduCciÓn NomeesorkenoMe Faiiniiacao Monuolo Sllvelra Daia localeuedenascimento 17/02/1976 Sampalo de SampalBS Daia(Vissao bNAMOANA 16/05/2016 14/05/2026 DOC ideniidade / Oro[vissok / Ue 28.867.533 IIRGD 1 874.963.051-20 10468901715 CatMaa Naciohalidade URASILEIROCA) Filiacao ; 1 Yurl do Concelcao 3 Allco Lopes 1 Vdn Assinaiura Do PoriADOR 1e oesekvacoes Assihado Dioitalmente Depariamlwio [siadunl De iransiio LOCAL 43j61407001 1 MelonokvonilMC MG68i60o77o MINAS GERAIS Dro.,79,0,0
aug_cnh_493.jpg,176.0,294.0,136.0,136.0,4.07,81.03,16.67,0.02,1,252.67,247.67,253.67,"REPÚBLICA FEDERATIVA Do BRASIL ministeRio Dos TRANSPORTES BR SECRETARia Nacional DE TRansito carteira nacional de habilitaçio / druver license / permiso De ConducciÓn Nohe{ {obrinohf Fadinitacao Srta_ Mileno Andrade DAIA [Cal { Uf De Nascimenio 04/07/1968 Nascimento da Serrag Daiaeuissac Yalidadl 25/06/2022 22/06/2032 1 DoCidenudaDE ORgevissor / W! 88.856.840-9 SSP Ad CP M Pegistpo eae 723.068.491-96 53419181880 1 Nacioualidade BRASILEIRO(A ) FiLIAÇAO : 1 Rafael Siqueira 5 Helena das Neves 1 Mulena undrade Assiyaiura Do poriacor 2 OBSERVAÇOES assinaoo Dicitalnenie UePkueusuuig hAu 436-Hu/u81 LA 1 BELO HORIZONTE, MG u€ 60o77o MINAS GERAIS",92,0,0
aug_cnh_494.jpg,156.0,279.0,170.0,170.0,7.11,52.71,18.28,1.84,0,224.0,225.33,234.67,"EutapsX6Chosi DE KA9iic,0 /DAMeKiCIASE / iruuuiso brcosuurcier [2i2/222* 525 L925 | 2 1 | MINAS GERAIS",16,0,0
aug_cnh_495.jpg,59.0,75.0,92.0,92.0,6.96,23.93,3.86,3.76,0,228.67,229.67,227.33,5 ; 1 1 8 1 }   HHH 2 1 1 } p 3 1 ] 1 006299z562 0062992562 Horavx 01uquuual 0 OQOI WJ VOfTyA 8,26,0,0
aug_cnh_496.jpg,172.0,295.0,139.0,139.0,8.67,81.98,18.49,1.82,2,238.67,248.67,12.33,"REPÚBLICA FEDERATIVA Do BRASIL ministerio Dos TRANSPORTES BR S ECRETARia Nacional DE TRAnSito carteira nacional de Habilitaçio / DRIVERLICENSE / PERMISO DE ConDUCCIÓN Nomee SoBReNOME HABILTAÇ^O Isabela Costa Daia Localeufdenascimevio 14/12/1995 Pinto do Oeste DaiAeuissac VAlidade 30/09/2024 28/09/2034 1 DOC [DENTIDADE / ORGeVissor / Ue 28.749.921-9IFP Ad @PC NPEGistpo e 537.184.269-19 17228493509 1 NacionalIDADE BRASILEIRO(A) FiLIAÇAO 1 1 Ravi Lucca Siqueira Liz Campos 1 Ssabela Bosla Assinaiurado poriador ACC E Ee OBSERVAÇOES AssinaADO DICITALMENTE DePaRIAMENIO {SIADUAl IRasuo LOCAL 4336+407081 1 BELO HORIZONTE, MG MG681606770 MINAS GERAIS",86,0,0
aug_cnh_497.jpg,470.0,558.0,51.0,51.0,11.2,100.0,2.88,35.41,2,167.33,173.67,14.33,SIVà39 SVNIW o8oo989esw 2w Jnozinoh 01f) | ouskYuL30 IvnayIs} OINJWYIYYd30 ainzklvoia oaynisoy 5JQjyAuasgo BOOYIBOa O0 YunlYNISSY 1 DJiqjJon Dun7 5 Dwn uDi moaiasvaa | ! JoyonykODYN OLSLL88S60O 10-+19*658*OZL 1 OYM 11d 0d151938 X $ d0pe 2d8-S81*0L6'SS in / 405SI] 980 / JOYOILNJ0I J00 ? Isoz/s0/90 Izoz/so/80 1 arourA 01 Orsslngeyo Gr PPJPA Djlojed 5961/10/81 OiNJnijsyk 0ininolyivo SoldyDudof 'DUS Oysvinidyh JHOnJugos ) JHioN (37 N9I)270N0230 OS///*3d /35N3217 *3//*0 / Ov5YL7IqyH J0 7YNOIYN YIJLYY) O11SNVa 1 10 7vnoivn V1av14)]5 5 11à0 SNVd1 soa oid11iniw 49 USVà 9 o0 VAIlVd101J VJI790d3à,88,0,0
aug_cnh_498.jpg,912.0,563.0,101.0,101.0,8.0,16.8,4.28,8.93,2,238.0,239.33,16.67,"2952 5 5; 1 lal 1 | 1 1 6 1 H 7 { 1 II ; | H { 6 1 2 | 1 : 1 1 2 ' 1 | 8 5; 1 1 ,; 1 1 | 1 "" 1 Ilé 1 I 0 5 1 1 0 1 1 0 2952662900 '662900 |",57,0,0
aug_cnh_499.jpg,99.0,239.0,178.0,178.0,0.78,23.17,2.13,0.01,0,252.67,242.33,96.33,carteiramclomal dehabiltaciojoruerucekse / Perhso de conduccion KaBilitac Ro 2c 1NoME { SobRenOVE Davi Lucca Cirino Daia icca F Uf De Nascimehio 01/03/1951 Cirino do Norte CE ACC Data {Vissad Valipade 02/07/2017 30/06/2027 4C DoC ioehtidede ORGenissor 27.843.958-1 IIRGD BA 4d (Pe Registro {at PaAb 893.420.167-31 67340839641 Nacio aliDADE BRASILEIROCA ) FaliacAo 1 | Vinicius Montenegro 2 Morio Noscimento 1 Daut YuccoBirino assinatuaa Do pobiado# ACC DIe 12 observacoes 58,69,0,0
aug_cnh_500.jpg,183.0,302.0,118.0,118.0,6.36,61.79,18.92,1.47,0,226.67,228.33,235.0,"REptblica FDERAT VA Do Brasil 1592070 08 Anito8e 34 418 carteipa Nachonal de Habhutacao } Drher License / Permiso De CorouCCÓN {Nodh Lauo [05/06/1991 Mochadv [n/05/20s8 {08/03/2028 [78.484,350 esSp (248.590.457 34336429842 Csssirw H Arthur Gabrel do cunho Motalia Bris 1 [ | MINAS GERAIS",44,0,0
aug_cnh_501.jpg,173.0,294.0,142.0,142.0,9.09,63.14,24.02,1.97,0,218.0,221.33,221.67,"Creraakie De Hsuticio;BRAERZICeAse PERWSE CQvuEciox Lz E2 Es Jln""s Lasrazss 6222 Lss 1 1 | MINAS GERAIS Cs 1",19,0,0
aug_cnh_502.jpg,176.0,296.0,135.0,135.0,6.64,65.31,20.53,1.37,0,222.67,224.33,224.0,"Rerabucrfederativa Do (rasil ""ra95ito Cxrteipa wacioxal Dehabilitacio / Drier ccehese { Perhiso Ceconeuccion {z [28742/1982_Paixoto Snncare @xczn {26/10/2927 {zs3osa47-7% Ic {219073152 48722653107 @2 | fLaiz uiquer Firnordo 2 1 1 MINAS GERAIS",32,0,0
aug_cnh_503.jpg,163.0,315.0,151.0,151.0,9.95,84.55,33.9,2.01,2,212.33,220.67,8.33,"REPÚBLICA FEDERATIvA Do BRASIL BR ministerio Dos TRanSPORTES SECRETAria Nacional DE TRansito carteiranacional de habiltacio / druver ulcense / permso de conducción HabilitAcao NOMc { SOBRENOVE Morcos Vinicius Montenegro 3 DaIA [ocal e UF De Nascimento 24/11/1994 Rios do Norte eVissao 4b Valiqade 01/08/2024 30/07/2034 1 DOC [DENTIDADE / ÓRG EWISSOR / UF 89.775.473-BSSP 5 Nregistro CaT MAb 4a (PS 432.185.790-23 69648729117 1 BRASILEIRO(A) filiAco ; | Caio Siqueiro 2 Jode Marques 1 assinajura Do PoriaDoR ACC Die 12 OaserVAÇOES Aroiano DiGIALVENIE DepariamtMtO istadual De ianusiio ; 41364407081 LOCA Mc681606770 (o BELO HORIZONTL, MG",94,0,0
aug_cnh_504.jpg,628.0,213.0,51.0,51.0,6.86,23.24,3.52,3.87,0,227.67,229.0,227.0,Vbtida Ebr 7000 0 {ERbituxio 2952662900 2952662900 lakb@h | 1 { 8 1 p 1 { HR 1 | 8 Hhikp| 1 8 7,24,0,0
aug_cnh_505.jpg,,,,,7.21,81.98,1.7,18.81,2,252.67,247.33,15.67,"SIVà39 SVNIW o8o9o9r9esw 21 'J1nozimoh 00]f) 1 QuskyM Tunqvisaoinawyviyydig ainzkinoia ooynisSY 59027/87580 2oO7ioa Vannisst 1 Dsnos DuDiv 5 Sowdy OpuDe7 Comiasvaa 1 ! JoyonykoUyr LLS+Z889S6+ ZO-06+*8IS*Z9L 1 quun 08151510 d) Ps d4i9-+84*L6E*+8 / HoSsIm] J*0 JOYOIinJoi Joo = 9z0z/Lo/10 9i0z/10/50 1 aroura 04 OrssInafyo € S!DAON 9861 /z1/os OiNjnijsyk 30nnJo1yivo Dpiewlv UDaà Oysyinidyh , JHONJugos ) JON (87- N9I))00N0270 OSI//*3d /35N7217 *3A/*0 / OvjYL/7IqyH J0 7YNOIYN YNlJLYY) OliSnya1 10 7noijvn Viay1]a)]s s31dOdSNvd1 soa oid]1iniw d8 USVd9 00 VAIlVdJ0JJ VJi78od]d",79,0,0
aug_cnh_506.jpg,,,,,3.49,33.6,9.9,0.84,0,229.0,228.0,237.0,Rteuerica 5mte larieirasciovaenshasufcio ; DRme 51/PEl#SG DECiw#Occciês Pasio 117/9442007 [caZoztzoc 388702/2c26 E235894-055 1 [1iz9a 863-04 9 | sicrhics: Rurcr | MWNAS GERAIS,22,0,0
aug_cnh_507.jpg,62.0,76.0,87.0,87.0,6.13,25.0,3.46,3.74,2,253.0,248.33,27.67,1 1 = 1 1   Il < 1 1 1 8; 7 11 H 5 81  1 J1 1 8 p 2 1 1 5  ; 2 8  H 1 1  IL 1 1 1 g 1 0062992562 0062992562 I/NOIJUN 0iuo1IUU}I 0 0001 WJ VOIIVA,45,0,0
aug_cnh_508.jpg,172.0,291.0,142.0,142.0,7.23,81.98,18.46,1.79,2,246.33,250.0,12.67,"REPÚBLICA FEDERATIVA Do BRASIL ministerio Dos TRANSPORTES BR S ECRETARia Nacional DE TRansito carteira nacional de Habiltaçio / DRIVERLICENSE / PERMISO DE ConDUCCIÓN NomeesobReNOME Kadilitacao Juan Brito Daia Localeufdenascimevio 04/01/1957 Cardoso de Freitas PB Daiaeuissec Validade 26/03/2024 24/03/2034 1 DoCioeniiDADE Orgevissor (UE 74.177.223 - IIRGD 4d [PF dagisipo e 1 657.013.984-39 79880197280 NacionalIDADE BRASILEIRO(A) FiLIAÇAO 1 1 Luigi Camara Marina Pereira 1 uav Brile Assinaiura Do poriaDOR ACC Ee 5 OBSERVAÇOES AssinaDO DICITALMENTE DePaRIAMENIO ESIADUAL Ipsuo LOCAL 4336+407081 1 BELO HORIZONTE, MG MG681606770 MINAS GERAIS",85,0,0
aug_cnh_509.jpg,175.0,294.0,135.0,135.0,5.0,64.09,18.81,0.52,0,227.67,228.67,226.67,Cratcohorano95a 07a icereju | 1 | Mnas SErais,8,0,0
aug_cnh_510.jpg,173.0,293.0,138.0,138.0,5.79,81.98,18.08,0.9,2,248.67,251.33,233.33,"REPÚBLICA FEDERATIVA Do BRASIL ministerio Dos TRANSPORTES BR SECRETARia Nacional DE TRansito carteira nacional de Habiltaçio / DRIVERLICENSE / PERMISO DE ConduCcIÓn Nomee SoBRENOME Madinitacao Vinicius Cavalcanti Daia Localeufdenascimevto 17/05/2000 Casa Grande Daiaevissac Validade 08/04/2019 05/04/2029 1 DoCioenidADE Orgevissor(U 75.764.376-6IIRGD 4d CPF NePEgistpo e 897.251.463- 06174591828  NaciohaliDADE BRASILEIRO(A) FiLIACAO 1 1 RhaviAndrade Liz Vargas 1 Uinicins _Bauakanb Assinaiurado poriador ACC 5s OBSERVAÇOES AssinaDO DICITALMENTE DgpariangmioesiADuA Ipasuo LOCAL 43361407081 1 BELO HORIZONTE, MG MG681606770 MINAS GERAIS",75,0,0
aug_cnh_511.jpg,169.0,290.0,146.0,146.0,6.49,60.84,19.08,1.53,0,227.0,228.33,226.67,RepuBLICA FEDErativa Do BRaSil NisteRio D8 Forte FCRfren 46 fransno Carieira nacYoNal De KabtlitaCAo / drNver Eicense / permiso de Conducción Nicole &a Rochto {i6/05/1977 Goncatvog do Sul {2/06/2024 )L8/06/2034 {a1 697-ODETRAN {528.40 619 87829707041 {Bxasnerou 1 Mclbios Macedo Eloah Guerro 1 [ | MINAS GERAIS,46,0,0
aug_cnh_512.jpg,180.0,300.0,126.0,126.0,7.18,81.98,18.49,1.82,2,238.67,247.33,14.33,"REPÚBLICA FEDERATIVA Do BRASIL ministerio Dos TRANSPORTES BR S ECRETARia Nacional DE TRAnSito carteira nacional de Habilitaçio / DRIVERLICENSE / PERMISO DE ConDUCCIÓN Nomee SoBReNOME HABILTAÇ^O Matheus Araujo Daia Localeufdenascimevio 20/02/1991 Moreira Daiaevissac VAlidade 17/12/2021 15/12/2031 1 8( DOC IDENIIDADE / ORG evissor / UF 58.126.676-2SSP N? REGISTRO e 723.145.068-71 22522840727 1 NacionAlIDADE BRASILEIRO(A) FiLIAÇAO 1 1 Breno Vasconcelos Maria Vitoria Nunes 1 Mlalhcusddrauio assiyatura Do poriador ACC Ee OBSERVAÇOES AssinaADO DICITALMENTE DePaRIAMENIO {SIADUAl IRasuo LOCAL 4336+407081 1 BELO HORIZONTE, MG MG681606770 MINAS GERAIS d CPY",86,0,0
aug_cnh_513.jpg,871.0,556.0,95.0,95.0,6.55,25.0,3.55,4.03,0,228.67,229.67,227.67,"Valioa EM Todd 0 Ierfitorio Racibnal 2952662900 2952662900 "" 8 1 1 "" I1 FMFER | 1 8 Hilikukhh 2 [ 1 [",23,0,0
aug_cnh_514.jpg,122.0,323.0,176.0,176.0,5.99,67.07,38.77,0.02,1,236.0,238.33,167.0,"0o 00 7 06 D6 {Hamhtacao| dwnnl 004 Masi 1ve) ion# 8unw 1 orb1"" 8 BP Avaln aviv^ 80 Viumlie^ Conduccion (plpmisot ~VICEMSU/ JMaciomal | cavilipa 7orowo Outurioi Dona",29,0,0
aug_cnh_515.jpg,171.0,290.0,145.0,145.0,3.36,78.05,14.06,0.0,1,247.0,248.67,48.0,REPÚBLICA FEDERATIVA Do BRASIL ministerio Dos TRANSPORTES BR SECRETARia Nacional DE TRansito carteira nacional de habilitaçio / DRIVER LICENSE / PERMISO DE ConducciÓn NoMeeSoBRENONE Madintacao Luisa Barros DAIA [Ocal f Uf De Nascimenio 30/11/1970 da Mota Daiaeuissec Validade 16/04/2020 14/04/2030 1 DOC IDENTIDADE / ORG Evissor / UF 202.221-8PC 4d CPF NPEGistpo e 016.938.742-96 59772042706 1 NaciohalDADE BRASILEIRO(A) FiLIACAO i 3 1 Thomas Correia Marina da Luz 1 uisa Banros AssinaiuraDo poriador ACC 2e OBSERVAÇOES AssinadO DICITALMENTE DePaRIAMENIO {SIADUAL IRasuo LOCAL 43361407081 1 BELO HORIZONTE MG Mg681606770 MINAS GERAIS,89,0,0
aug_cnh_516.jpg,176.0,300.0,133.0,133.0,7.46,81.98,18.49,1.82,2,238.67,248.67,15.0,"REPÚBLICA FEDERATIVA Do BRASIL ministerio Dos TRANSPORTES BR SECRETARia Nacional DE TRAnSito carteira nacional de Habilitaçio / DRIVERLICENSE / PERMISO DE ConDUCCIÓN Nomee SoBReNOME HABILTAÇ^O Bello Nunes Daia Localeufdenascimevio 23/12/1956 Siqueira Daiaeuissac VAlidade 04/01/2018 02/01/2028 1 DOC [DENTIDADE / ORGeVissor / Ue 42.704.336-8PC N? REGISTRO e 621.597.384-09 08727209298 1 NacionAlIDADE BRASILEIRO(A) FiLIAÇAO 1 1 Dr. Emanuel Costela Ana Sophia Fonseca 1 Bella NNunes Assiyatura Do poriador ACC Ee OBSERVAÇOES AssinaADO DICITALMENTE DePaRIAMENIO {SIADUAl IRasuo LOCAL 4336+407081 1 BELO HORIZONTE, MG MG681606770 MINAS GERAIS d CPY",85,0,0
aug_cnh_517.jpg,,,,,5.66,78.73,0.86,17.0,2,238.33,245.0,154.67,"SIVà 72 SVNIW thtvoww w 0w Mnohhohwt) | Qiyul 9iV9vakJano miviunun 7a PP 801pio @iokied Upn] 755 1 9vnei9o0ooo 06F008*02*00 0vibipal_"" 220F81 Qovyi Mossimtuiuo / Miyliiim Mil 009u [ 0c06/50/0 6106/80/01 Miyoiiya 0iekiel 0u61/60/90 Oolene Deyn y mi Yivi Opudo Podo Dun) OY )yaltioyi Imen /0003 Jwok noidnnono) 70 0s7874 /7sn7217 87a/80 /ovsvlyuoyh 70 7vnoidyn vhilyv) Dany""' Vnoav Onv G d8 Usvau 00 Vaiivaid Voiinnd",65,0,0
aug_cnh_518.jpg,166.0,283.0,149.0,149.0,5.9,53.39,17.42,1.24,0,225.67,227.33,235.67,"Cirveir: Xachinee @e uabhiwew Ncexey,AFBnkanecosnncior #tr Cayia Cotnn (sa52 L242 (saa* Lsaso z {gne | 5 | MINAS GERAIS",19,0,0
aug_cnh_519.jpg,139.0,256.0,140.0,140.0,5.41,77.51,38.9,0.12,1,237.33,241.67,158.0,"Republica Federativa Do Brasil Geo Dos 7r Ereassto BR ceoo 0e CeiER{ NQN Q HxsUÇi/DeuWL/PxEQaKTON Sana onas 2ninsss ns 22 y 6u9 198~aoaua 4 nsse "" 08sn7s Slunu ! 1 Des 1 1 Qu",34,0,0
aug_cnh_520.jpg,193.0,308.0,153.0,153.0,4.05,50.54,33.43,0.0,1,241.67,243.0,163.0,"REPÚBLICA FEDERATIVA Do BRASIL SEchEsrer'828s85""885R BR DE TRanSiTo CarteRamConaldekabiltsçio/ oruerucense/Perwso de Nove { sobrekowe CONdUCCIÓ] Luiz Henrique Moura 'Kabiutacao 3Data Localeuf Denascimento [23/10/1966   Montenegro de Camâfgo Data ( {Viss4o 46 Valipade 1 [25/05/2016 |23/05/2026 DOKC IDENTIDADE / ÓRG EMissor / UF 62.434.317-3IIRGD AC 4d (PF 1 382.196.574-64 54593112365 Ut Kab NACIOHALDADE BRASILEIRO(A) ; 1 Dawi Lucos d Rocho 2 Ana Carolina Covalcante 1 Xconiquee~Mouano assinatura Do poriaDoR ACC 12 Oeservacoes) 8 Die",72,0,0
aug_cnh_521.jpg,436.0,637.0,117.0,117.0,4.57,79.27,0.01,17.43,1,252.33,241.33,36.0,SIVà39 SVNIW oroowr )w 21 ZnoziNohonf] 1 Outayyu sle Krnrg niaiiioad Gykis} 51097181580 Gnnrnnso leg 1 Daiis dsii] 5 ooduos Imuqp9 Kueh] 1 ª (oxiiiisvmu iarutIyrolJyy SLZ6586710[ 61-719*6S5*87L 1 7 0aksi Q9uI/8-S8S*5SS*L6 Auhohn No Gurullnidi )Ou Zfoz/80/S7 770z/80/97 1 Jardttr' Orosinirru 0iso) DP 9461/90/z7 lineiy>iu Anntnud G ouod woa Qroyiiluyy 1] 18]] N9I))n0N0) 10 0S/IK*3d / 35N3217*3A*0 / O$JYLI7IBYH J0 7NOIDYN YYIJLYY) O1isny41 10 7vnoijvn Vidv114ais sa1404snvy1 Soa Oi4]1siniw 49 7svh8 O0 VAllvd]03J VJi78od]d,74,0,0
aug_cnh_522.jpg,156.0,265.0,169.0,169.0,4.03,84.96,28.64,0.0,1,223.67,227.0,166.0,Republica Federativa Do 8Rsil BE E D5  W O i CARTEIRA NACIONAL DE HABILITAÇRO / DRIVER LICENSE/ PERMISO DE COND ee Molte Fongoru A7 01/02 128< Floe d Froiv 28/08 /2028 80/08/2088 (182.127-arc 12a 0 786 30 J0832178871 Wrasilliroa) 1 Gvei en Menmique Concolver Dr Aomilly Tenein ~load Sonoo ; Peoiey,51,0,0
aug_cnh_523.jpg,436.0,633.0,125.0,125.0,8.77,100.0,2.19,23.25,2,205.33,215.0,19.33,"SIVà39 SVNIW o8oo9s9esw 2w Jnozidoh 01Jf) 1 OlskYHL IynayIs} OIMJWYYIYYdJ0 ainzkiyoia QoyniSSY 5302YAN3590 20O70a Fanaisst ""4 1 Dyun) DP Dudof 5 DJdld) enbyueh Coanasvaa | 1 Joyonykoiyn ZOL9 IS8ZSSZ 09-SzI*+68*950 1 OYM 1Yd 0415/9J0x Sd) PY a9ui18-OZS*9SZ0v / MOSSIM] 940 / JOYQIINJ0I Jo0 9z0z/s0/81 9ioz/so/oz 1 JOrdIIrA 9r OrssInafyo € Diqjjo) @P DJieaiis 6+61/10/80 OiNahi)syn 301n31201 YivO € DJiela Ozu3 Oyovihidv  JNONJugos ) JHoN (37 N9I))70N0230 OSI//*3d /35N7217 *3A/*0 / OvjYL/7qyH J0 7YNOIYN YNlJLYY) OliSnya 1 10 7vnoijvn Viav11a)]5 s31dOdSNVd1 soa oid]1siniw 49 7SVà 9 o0 VAIlVd101J VJi790d3d",88,0,0
aug_cnh_524.jpg,172.0,291.0,143.0,143.0,6.15,81.84,17.67,1.04,1,242.67,249.67,166.0,"REPÚBLICA FEDERATIva Do BRASIL inisterio Dos TRanspoRTes BR SecRetaRia Nacional De TRansito CARTEIRA NACIONAL DE HABILTAÇÃO / DRIVER LICENSE / PERMISO DE CONDUCCIÓN Koveesoarfrove Jiafao Jooo Lucos Almeido 8 Dia ioCu{uF De Nascimenio 02/06/1962 Costa DAia [viSSA0 Vlade 22/01/2016 19/01/2026 1 DOC IDe niIDADE / Org [ Vissok / Uf 60.442.707-6SSP sace Nregistro Cihu 368.419.057-84 34266041517 KaconaidsD 1 ""RASIL EIROC 2 1 Fornondo dos Noves Rofoelo Souzo 1 {naoosdhnadk AssinajUrA Do PORIADOR Es Oeservacoes oeehe DIGIINNENTE ; Deparlaley {siadun De Iraysito LOCA 4104407081 BELOHORIZONTE NG MGosicoo7o 8 MINAS GERAIS Luiz",90,0,0
aug_cnh_525.jpg,873.0,562.0,87.0,87.0,6.35,21.78,3.19,3.62,0,226.33,228.0,235.67,Yathk EMn IG00 0 sthietitaio Maciod 2952662900 2952662900 Jlulytp@ak 1 ! { EliFlppk]] 1 1,15,0,0
aug_cnh_526.jpg,173.0,293.0,139.0,139.0,6.31,63.01,19.02,1.45,0,227.0,228.67,226.67,"Republica FEdERativa Do 8 Rasil W TL""io; )05 Tksforteg cRetari acio D2 {ianseto Carteira Nachorax De Kabilitacio /drhveriiÇExSE / permiso De Conouccion {srta. Haloisa Goncales [i4/0s/1978 Mocado dos Flores [3752/21 06 {02/ 2028 [6301. 837-JipF [527.385.470-62 99891572493 [xaseko 1 Raol Ribeiro 1 Zoe Jesus 1 [ | MINAS GERAIS",49,0,0
aug_cnh_527.jpg,61.0,75.0,87.0,87.0,5.87,22.75,3.31,3.41,1,253.0,241.0,7.67,YI 1 2 1 1 1 1 22 9 1 1 1 2 HH ! J/ 1 1 p N | 1 3 1 2 1 0062992562 0062992562 Iyhoijyk Oiyolbyal 0 0001 Va vonya |,35,0,0
aug_cnh_528.jpg,178.0,296.0,134.0,134.0,6.4,81.71,17.71,0.67,1,238.33,247.67,16.67,REPÚBLICA FedERaTiva Do BRaSIL iisterio Dos Transportes BR Seeretaria Nacional De Trasto CARTEIRA NACIONAL DE HABIUTAÇiO / DRIVER UCENSE / PERMISO DE CONDUCCIÓN ouee Aleronore Umvo ainn oenasoievo 01/01/1969 Borges Poulisto 20/09/2017 18/09/2027 1 tro( 25488 S6S-Odctran n 149 625 875 98491742884  Rrasileiko() i 1 Moncos Vinkcnus d Luz 5 Rebeco Moura 1 Yamo ociveanunaT ; on sotshonsn=5 Aohoruonil MG MGasicoe7zo ' MINAS GERAIS,64,0,0
aug_cnh_529.jpg,182.0,284.0,171.0,171.0,7.75,78.05,36.11,0.45,1,229.33,228.67,229.67,REPUBLICA FEDERATiva Do BRasil BR inist681o Dos TRanstorte$ ecfEtaria Naciona dE T pansito Carteiranacional De HabiLTAÇiO / DrIvER UCENSE { PERMISO DE CoNDUCCIÓ (Gabríelly Mondonca 06/04/2005 Telxoira da Sorro {18/10/2024 16/10/2034  {76.205.206-9DCTRAN {176.089.342-04 30646353659 1 IRASI}Eipoin} ª 1 Henry Gobrial Marquos Sro. Ana Julia Ramos 1 N 5 22 1 8 8,52,0,0
aug_cnh_530.jpg,169.0,288.0,149.0,149.0,8.17,100.0,32.92,1.29,1,175.33,192.0,167.0,"""evuwtica 7 1 nt wativa Do Mvaot 4 ""aw BR 114 cartira nacuonal De auULAcAo /druvur Uicunsl / puRM7so Dl conduccion Nnme Orn Lon Monloncun 9/00/1006 Mula 706/8028 20/0n/2086 iuoiouo Inod Q8ajieooa Olob 00/0 Vvai Ivlia 1 nhoviQuvolounut Malle Vilorle Maruge 1 MINAS GERAIS",44,0,0
aug_cnh_531.jpg,171.0,290.0,145.0,145.0,7.52,81.98,18.49,1.82,2,238.33,248.67,13.67,"REPÚBLICA FEDERATIVA Do BRASIL ministerio Dos TRANSPORTES BR S ECRETARia Nacional DE TRAnSito carteira nacional de Habilitaçio / DRIVERLICENSE / PERMISO DE ConDUCCIÓN Nomee SoBReNOME HABILTAÇ^O Andre Rocha Daia Localeuf denascimevio 03/11/1963 Lima do Amparo Daiaevissac Validade 02/07/2022 29/06/2032 1 8( DOC IDENIIDADE / ORG eMissor / UF 85.438.693-2SSP 4d [PF NPegistpo e 728.061.495-76 75253818512 1 NacionAlIDADE BRASILEIRO(A) FiLIAÇAO 1 1 Sr: Enzo Goncalves Mariane Caldeira 1 ndmne Rocha Assiyatura Do poriador ACC Ee OBSERVAÇOES AssinaADO DICITALMENTE DePaRIAMENIO {SIADUAl IRasuo LOCAL 4336+407081 1 BELO HORIZONTE, MG MG681606770 MINAS GERAIS",89,0,0
aug_cnh_532.jpg,453.0,581.0,87.0,87.0,9.65,100.0,1.75,34.76,2,155.0,162.67,12.33,"SIVd39 SVNIW Wmmrs Jniaomuia | Soro Mo Jva 1 Wn tuve] | 3 (xavsiilyaa Ssv 0Lleel 1 OayLevall rr 7n4 9 vioelsly] Luelele Uyf Yabv/no/vo Wnroyri7a4 Szra Bapo Qona Aeo W9iy)10N0)70 051/6434 /3583977,*3440 /0xpyuiayx 70 WYOIYYanJLY) Oo ooao àa 15vaa 00 Va1iva1014 v1140414",43,0,0
aug_cnh_533.jpg,175.0,295.0,133.0,133.0,6.5,59.76,19.14,1.5,0,227.0,228.67,226.67,REPÚBLICA fedeRativa do BRaS}l 7121o D0s {55prRssto carteira NaChonaE De hasllJtacio / DrxverLicense /Permiso De conoucchÓ# [Eauardo Cossiang {20/04/1983 do Rosd do Serro {22/07/2019 [{13707/2029 {2576.155-oDETRAN Go [257 138.649-28 05890255593 | {cessice) 1 Lco Farias Srto. Luno Alvos 1 1 [ | MiNAS GERAIS,44,0,0
aug_cnh_534.jpg,146.0,250.0,158.0,158.0,5.44,89.97,41.06,0.14,1,236.67,240.33,156.0,"Vlfumlica Fldlyativa Do #yasil BR C 00a 9o AA CaptEIPA NACIONAL De HabilitaÇao / driver LiCEnSE / Permiso de ConducciÓn Lr Oilvotro 10/01/1966 600g0kog 0 Prolo 8ad (3/n172022 21/91/7087 Gen 77,464 087-7dlikan Prsieo C31869,1700} 50751807011 Ukabilivoun) Wm 1 Jono Migusi Visifo Morv Souhi Cornvoro Olvavra  ; 706843 08630076199064448 M8,4i89490",49,0,0
aug_cnh_535.jpg,632.0,215.0,50.0,50.0,7.62,39.65,3.74,4.24,2,238.67,248.0,157.33,"Valida EM Todo 0 TerritÓrio NACIoNAL 2952662900 2952662900 1 1 1 1 H 1 f 8 1 2 1 1 { 1 ""i 1 1 UI 1 HFE 1 : 1 ; 1 1 9 | { 1 2 1 8 1 4 7 1 7 1 II | 0 [ 1 L 5 1",55,0,0
aug_cnh_536.jpg,175.0,293.0,137.0,137.0,5.79,81.98,17.94,0.59,2,253.0,248.33,30.0,"REPÚBLICA FEDERATIVA Do BRASIL ministeRio Dos TRANSPORTES BR S ECRETARia Nacional DE TRansito carteira nacional de habilitaçio / drhver license / permiso De ConducciÓn Nohe{ {obrinohg Kadinitacao Fernando Ramos DAIA [cal { Uf De Nascimenio 13/12/1993 Costa Daaeuissac Yalidadl 03/08/2019 31/07/2029 1 DoCioenudade ORgevissok / u! 24.977.154 - DETRAN d n oe 264.018.739- 90126102185 1 Nacioualidade BRASILEIRO(A ) FiLIAÇAO 1 1 Matteo Correio Ana Cecilia Lopes 1 Jernando Ramos Assiyaiura Do poriacor 92 OBSERVAÇÔES assinaoo DigitalneniE UePkaueoesuui hAu 4336u/u81 LXA 1 BELO HORIZONTE, MG u€ 6Oo77o MINAS GERAIS",88,0,0
aug_cnh_537.jpg,175.0,294.0,137.0,137.0,6.22,69.65,20.17,1.06,0,229.33,230.33,228.0,REPubLica Federativa do Brasil 572rio 805 Sroei2s 88 S857 7 5710 carieiraNacIrr De HaBiuuÇio/ Drnerienge {Peryis? De ConoeciZy [Kocto Nenjo la29 Barrcs @2n_JEne (71.758.725 _ '5if [Ess0z02955 82283912557 | {sRasneirr 2 | Tnsodore Garrio 2 [ 1 MINAS GERAIS,39,0,0
aug_cnh_538.jpg,172.0,291.0,140.0,140.0,7.74,62.2,21.22,1.77,0,219.67,222.33,222.67,REPÚBliCA flDeraTiva Do BRasfl 0Kio 004 Spo7is Nacionj: 4i4s41o capzexra JACtonal De habhlitacio / driver LiCENSE / PerMiso 2e conDuCCiÓn {Yorv_Persiro {o5/08/1973 Camgrgs %e Corrsiqal {5741/2020 {os/'1/2030 Gi271.701-6sSP {26.20281 ~58 14119325117 Cs 1 [Anthony Gabriel Azerodo Sofla-Slqueira 1 1 [ | MINAS GERAIS,43,0,0
aug_cnh_539.jpg,93.0,376.0,26.0,26.0,7.59,68.56,23.25,0.89,1,223.0,224.33,223.67,REPÚBLiCA FEDErativa Do BRasIL Ba UStekio 0os 5p8Rt59to SECPetaRia Nacional 04 capteipa nacional de Habilttacio / DRIer UCENSE / PeRMISO DE Conducción Solio Pirps (06/08/1981 Sontos de Goios {;3705/2020 /05/2030 f83.449.112-71PF @2*2 509 8317238264 4 Lerasausow H1 [noo oowo 1 5 ; aflo,43,0,0
aug_cnh_540.jpg,,,,,13.64,100.0,3.18,35.58,2,158.33,166.67,10.67,SIVà39 SVNIW o8oo989esw 2w Jnozinoh 00f) | ouskYuL3O IvnayIS} OINWYYIYYd3O inzkinoia QoynISSY 5JQjyAuasgo EOOiOa YunlYNISSY Dyun] Dudlinr DJa 1 SIDAON Uda moaiasvaa | ! JoyonykOIYN OOZO8LZLI IS SL-St6*819*OSL 1 OYM 1Yd 0d151938 * $ dape Jdlz-L6S*985*98 In / MOSSIn] 940 / JOYOIINJOI JOO > 9z0z/11/10 9103/11/50 1 JardIIrA 9r = Orsslgao Ge SdudJ PP Joisdd iooz/so/51 OiNJnijsyk g0ininolyivo DiuoWldDuoila Duy Oysvinigyh JNONJugos ) JKioN N9I)200N0230 OS///*3d /35N3217 *3//*0 / ov5YL7IqyH J0 TYNOIDYN YIJLYY) 0115 NVa 1 10 7vnoijvn V1av114)]5 5 11à0 S NVd1 00 o1d ]1Siniw 49 USVà 9 o0 VAIlVà]0]J VJi7aod]à,92,0,0
aug_cnh_541.jpg,176.0,300.0,131.0,131.0,11.55,100.0,35.51,2.24,2,164.67,173.67,12.67,"Republica Federativa Do Brasil 05t271o Dos (lalspoptes BR SeczetaziaACio Al De Transito CAPTEIPANACIONAL DE HABILTAÇiO / DRIVER LICEYSE / PEPJISO DE CONDUCCIÓN 2iu sra Evretio Coslala ooe 04/04/1973 Cossiono d0 Colho { 25/09/2013 22/00/ 2022 1 re 6283,-272-~2ipf lla Ke 946.013.752-07 5282653119 1 Caonn BpASILEIPOA) : | [5.204 LWcss Frsnos Joono Pinto 1 HBal Aoosno 53 E2 E AoM Da Eo4u Ly 888888010si | BelomorlowilUC ucskosnO MINAS GERAIS g",69,0,0
aug_cnh_542.jpg,186.0,257.0,195.0,195.0,7.52,65.72,46.15,0.66,0,221.67,223.0,223.0,"REpurlrCa rEdeRaTEVa Do BRaST 0G SECke7a Ri4 EEb3prrssito CARTEIRA NACIONAL DE HABILITAÇÃO / DRIVER E {svsila o6ri 'LICENSE / PERA Cassiono 06/11/1959 Coldeira [8/81/2019_  ][25/01720 1 ls.375.s82-suRCD"" Sc Gs2 481 21 053377 '0ape : 1 L#ss""oa 0 1 Mirslla da 1 F ; {558'2,288< 390-24 Kaique Cordovo Luz",48,0,0
aug_cnh_543.jpg,59.0,74.0,92.0,92.0,6.12,17.48,3.67,3.49,0,228.0,229.0,227.0,| 1 ! hhg HiI8 8 8 8 S ? 0062992562 0062992562 hnoiya 0ih81iaual 0 0001 Wi Hoiva,18,0,0
aug_cnh_544.jpg,61.0,77.0,89.0,89.0,8.21,39.16,4.13,3.94,2,238.67,248.33,16.0,"1 1 7 1   II < 8 ' 1 1 1 "" 8 ; 1 1 I1 | # 1 ' 2 1 1 884 ; 81 1 1 p 2 3 # | 1 1 | 1 ; ; 0062992562 0062992562 Ivnoijvk oiuoliuu3l 0 0001 WJ VOIJVA 1 1",50,0,0
aug_cnh_545.jpg,873.0,557.0,92.0,92.0,8.28,42.68,3.82,4.4,2,246.67,250.0,8.67,Valida EM Todo 0 TerritÓrio MACIONAL 2952662900 2952662900 ; 4 1 1 1 1 1 In ; | 2 1 2 1 ' {1 4 ; 1 : ; { [ JEFEF { 1 5 1 M[ 1 1 28 9 1 1 : 1 7 1 1 II | 1 1 L 5 1,55,0,0
aug_cnh_546.jpg,61.0,75.0,86.0,86.0,3.17,10.45,1.89,1.84,0,231.33,231.0,236.67,"; 1 ; 1 5  Hauy 1 ; 1 1 , , 0062992562 006299z56z ;yho;ayw {4qainaza 0 Dqox W7 Vuita",20,0,0
aug_cnh_547.jpg,112.0,330.0,143.0,143.0,3.16,33.47,14.54,0.1,0,216.67,218.67,220.33,Rieubiies Finefauiya 00 #ra4i Carreexs nr 1rul 95 Habhhaeo @an {tuisoorcey?wcin {5 Eai ) 0 tsesr Jls JG 1 #K Re 2 E s4 25 1 Fas 45,28,0,0
aug_cnh_548.jpg,169.0,289.0,149.0,149.0,7.59,81.98,18.49,1.82,2,238.33,246.67,13.33,"REPÚBLICA FEDERATIVA Do BRASIL ministerio Dos TRANSPORTES BR S ECRETARia Nacional DE TRAnSito carteira nacional de Habilitaçio / DRIVERLICENSE / PERMISO DE ConDUCCIÓN NomeesobReNoME HABILTAÇ^O Lunna Sousa Daia [ocaleufdenascimevio 20/04/1980 Costela Daiaevissac 46 Valipade 31/12/2022 28/12/2032 1 DoCioeniDADEhorgevissor(UE 97.317.897-8IFP NPEGistpo e 763.510.942-16 74445361037 1 NacionAlIDADE BRASILEIRO(A) FiLIAÇAO 1 1 Joao Souza Lara Goncalves 1 unvna Yousa AssinaiuraDo PoriaDoR ACC 2 Ee OBSERVAÇOES AssinaADO DICITALMENTE DePaRIAMENIO {SIADUAl IRasuo LOCAL 4336+407081 1 BELO HORIZONTE, MG MG681606770 MINAS GERAIS d CPY",78,0,0
aug_cnh_549.jpg,170.0,293.0,145.0,145.0,11.13,100.0,34.96,2.61,2,179.67,194.0,175.67,"REPÚBLICA FEDERATIVA Do BRASIL ministerio Dos TRANSPORTES BR SEcR ETARia NacionaL DE TRAnSito carteira nacional de HaBilitAçho / DRIVERLICENSE / PERMISO DE ConDUCCIÓN Nomee SobRENoME KABiUTAÇAO Eduardo Brito Daia localeuf denascimenio 04/07/1989 Gomes Daiaeuissac Validadc 15/07/2024 13/07/2034 1 DoCioenDADehorgevissor(UE 56.447.998-ODETRAN Nedagistpo e 1 067.245.139-52 12070776557 NACIONALIDADE BRASILEIRO(A) FILIAÇIO 1 | Mathias Campos Sabrina Monteiro 1 Gduando Brdlo Assinaturado poriador ACC E Ee E OBSERVAÇOES Assinado DiciTALMENTE DgpariangmoesiADuA IRasuo LOCAL 4336+407081 | BELO HORIZONTE, MG MG681606770 MINAS GERAIS 4d (PY",79,0,0
aug_cnh_550.jpg,,,,,1.46,9.96,0.75,1.13,0,218.33,220.0,220.67,Yaliek fx4 Ifav & Teatrtered #Rricha 62905 2952662900 @heppaf 1 Hiberhh !,12,0,0
aug_cnh_551.jpg,175.0,296.0,138.0,138.0,5.1,81.98,17.83,0.31,2,253.0,247.33,36.0,"REPÚBLICA FEDERATIVA Do BRASIL ministeRio Dos TRANSPORTES BR SECRETARia Nacional DE TRansito carteira nacional de habilrtaçio / driver LICeNsE / perMiso DE ConducciÓn Nohefsobrinohf Madinitacao Ravy  Dias DaiaLccagufdenascimenio 10/06/1978 Almeida Daiauissac Validade 14/03/2023 11/03/2033 1 DoCioenudaDE ORG EWISSOR / UF 33.574.423-8PC Ad CPC YPegistpo ae 671.024.398- 07392062822 1 Nacionalidade BRASILEIRO(A) FiliACAO 1 1 Vargas Natalia Rodrigues 1 Dias Ssiyaiura Do poriacor 92 7o OBSERVAÇOES assinado DicitaLMENTE Lpahahknkka 7Rausuo LoCa 43361107081 1 BELO HORIZONTE, MG 8ue 606770 MINAS GERAIS Rovy Rauy",80,0,0
aug_cnh_552.jpg,116.0,377.0,174.0,174.0,7.59,73.71,32.31,0.06,1,252.0,240.67,234.33,"FEDERATIVA Do BRASIL REPÚBLICAFEDERARABE""RRTESto SECrETaRia Nacional CAPTEIRANACHONAL DE HABILTAÇIO / DRIVER LICENSE / PERMISO D 2 € Nohee SOBRENOME Clarice Pastor 3 Data local euf de Nascimento 07/10/1994 Vasconcelos do Ampf DatA eViss-0 46 Valiqade 21/03/2022 18/03/2032 4 DOC [DenIIDADE ORg {Vissor / Uf 23.566.692-2IPF SE 4d (Pe 5ReGisTRo 508.931.246-05 30585093235 NACIOVALDADE BRASILEIRO(A) 1 Sr. Asoque Pereiro Helena Macedo Slamice_Paslor assinatura Do Portador ACC ObservaÇOES Die ; DE",68,0,0
aug_cnh_553.jpg,179.0,300.0,127.0,127.0,8.23,81.98,18.49,1.82,2,238.33,247.33,17.33,"REPÚBLICA FEDERATIVA Do BRASIL ministerio Dos TRANSPORTES BR SECRETARia Nacional DE TRAnSito carteira nacional de Habilitaçio / DRIVERLICENSE / PERMISO DE ConDUCCIÓN Nomee SoBReNOME HABILTAÇ^O Augusto da Rocha Daia [ocaleufdenascimevio 16/09 '2000 Peixoto do Sul Daiaevissac VAlidade 06/07/2020 04/07/2030 1 Ac DOC [DENTIDADE / ORGeissor / Ue 91.698.711-7PC Ad @PC NPEGistpo e 390.142.867 -40 75647473205 1 NacionAlIDADE BRASILEIRO(A) FiLIAÇAO 1 1 Nicolas da Conceicao Manuella Lima 1 duqusbo da Rocha AssinaiuraDo PoriaDoR ACC Ee OBSERVAÇOES AssinaADO DICITALMENTE DePaRIAMENIO {SIADUAl IRasuo LOCAL 4336+407081 1 BELO HORIZONTE, MG MG681606770 MINAS GERAIS",89,0,0
aug_cnh_554.jpg,874.0,558.0,91.0,91.0,4.1,13.67,3.16,3.33,1,253.0,246.33,162.33,"Valida EM Todo TerritÓrio NACIoNAL 2952662900 2952662900 ; 1 1 1 1 JIn 1 2 H 5 5 8 2 ! 4 :; ; 1 1 TFRER 2 "" # 8 1 1 8 1 1 7 1 1 4 1 JI  1 1 1 C 2 1 1 1",50,0,0
aug_cnh_555.jpg,144.0,305.0,168.0,168.0,6.43,59.76,30.39,0.77,0,219.67,221.0,221.33,FEDERATiVa Do BRaSIL Republica TranspoRi5 #REr oadoonrade Transtto SfCfE DEHABiLITAÇÁO / DRHER UCENSE / iPErMISO DE CoxDUCció Cartexra Nacionale {st ^nª Nunes 1/2007 Camara do Prala [2sin {06/12/2024 {0s/12/2034 {5382 981-BPC PR {224 387 561-28 54195299554 Gesshenssn I Bn Wox conens 2 5 52 1 5 35 955 ; Bir 0o,51,0,0
aug_cnh_556.jpg,176.0,296.0,133.0,133.0,11.34,100.0,35.02,2.72,2,213.0,224.67,7.33,"REPÚBLICA FEDERATIVA DO BRASIL ministeRio Dos TRANSPORTES BR 5 EC R ETA Ria Naciona L DE TRANSito carteiranacional De HaBiLITAçÃO / DRIVERLICENSE / PERMISO DE CoNDUCCIÓN Nomee SOBRENOME KaBiUtACAO Kamilly Pereira Daia [ocaleuf denascimenio 31/01/1990 Montenogro Daiaevissac 4balidade 07/01/2016 04/01/2026 1 DoCiDenDADEHorgenissor(UE 12.440.657-7SSP AdcPC NPagistpo e 1 736.289.054-00 99183352405 NACIONALIDADE BRASILEIRO(A) FILIAÇO 1 | Otavio Fonseca Maria Vitoria Azovedo 1 Puncira Assinaturado poriador ACC E Ee E 5 OBSERVAÇOES AssInADO DIGITALMENTE Dgpariangnio esiADUAI IRAsuo LOCAL 4336+407081 1 BELO HORIZONTE, MG MG681606770 MINAS GERAIS",83,0,0
aug_cnh_557.jpg,345.0,519.0,56.0,56.0,0.56,6.64,0.0,1.26,0,252.33,231.67,163.67,i m TnMal 940 Duun) 8701 0inna #ha Ooof Tomittisynn ieyagobiipy 8FF1cs 6o0 fly Invntivitt mnunmilnn MMo Minel,18,0,0
aug_cnh_558.jpg,175.0,294.0,138.0,138.0,5.75,62.74,19.03,0.98,0,227.33,229.0,226.67,"YrperuchEos Ks4 Cr7E8s {KAn E2#sBfRci / [24a8/aie{9iRus2a5 (esiccuw Gns @2 E 18/942032 Lsy Lass 8356594,88 9 | 1 5 | MINAS GERAIS",22,0,0
aug_cnh_559.jpg,176.0,325.0,195.0,195.0,9.73,76.15,60.2,1.85,2,237.67,240.33,227.33,"FEDERATIVA B RASTL REPÚBLICA Dos TraNSPORTES #eisrer'oarosnrade""Ransito SECRETARIA EHaBiltacio /DRNERLICEKSE / PEBMSODE  carteira nacional deF 2 61NOMeE Lunno Pastor 3 Daia eufde Mota MS Costro da Data 21 70RG EWISSOR / UF CE 65.153.733-1 IPf 1 4d (PF SN (452.960.138-24 1 Enzo Viona Sr. ; 1 [Mariana da Cunha 2 Yunna_Ponbor 1 ACC Cie Die Do Sobrfnone WasciVento LoCA 18/10/2006 ValiqaDE [Vissao 18/03/2028 1/03/2018 ocntidaDE DOC registro 57760697571 MaciomaliDADE BRASILEIRO(A) filacio [poriador Assinaiura[ OBSERVAÇOES",74,0,0
aug_cnh_560.jpg,61.0,77.0,89.0,89.0,7.63,39.16,4.13,3.94,2,238.67,245.0,12.67,"1 1 7 1   II < 8 1 1 1 1 "" 8 ; 1 1 11  1 1 ' 2 1 1 H3U 9 8 11 1 : p 2 3 # | | ; 4  1 : 1 ; 0062992562 0062992562 Ivnoijvk oiuoliuu3l 0 0001 WJ VOIJVA",49,0,0
aug_cnh_561.jpg,138.0,360.0,200.0,200.0,8.83,72.09,35.1,4.17,0,162.33,166.33,162.67,Kefuplica Fiderauva 00 #RASt Carzecamcu nh 2eHublecie '@rherukznse / perwiso qe €ondugr Cabre 0 @ LK E2 [onsro2 E2 A @e 40 86812087808 JE Lysn H {uoos Aforto {5 atqula 99t 53 5 1 5 2e Yonig Aohrioues,38,0,0
aug_cnh_562.jpg,,,,,10.21,100.0,2.37,34.89,2,202.67,212.67,8.0,SIVà39 SVNIW o8oo989esw 9w Jnozinoh 01Jf) 1 ouskYuL0 TynavIS} OINJWVIYYd)0 inzkiyoia ooyniSSY 5302YA83590 BOOOa 0Qynnxissy 1 ojiciuow DzIn7 DuDh 5 DPiewlv enbyueh 10D9 Coanasvaa | 1 Joyonykoiyn 76ssSzi8z08 OL-695*Ots LZI 1 OYM 11d 0ai557NS d) Pe dSSZ-S0z 1S8*89 Jn / OSSIn} HuQ / JOYOILNJOI JOO > 6zoz/01 /s1 610z/01/91 1 ayaurAQt OrsSIn] iyo cr oJie/uow ZL61/ov /sz OiNahi)syn 304031201 YivO € DS @hidh Oysviniqyh JMONJugos ) JHoN / *7 N9I))70N0230 OSI/*3d /35N3217 *3//*0 / Ov5YL7IqyH J0 7YNOIYN YNlJLYY) Ol1Snya 1 10 7vnoijvn V1ay114)]s s]1dOdSNVd1 soa oid]1Siniw à9 USVà 9 o0 VAIlVd101J VJi790dJà,92,0,0
aug_cnh_563.jpg,168.0,290.0,147.0,147.0,11.33,100.0,34.94,2.57,2,170.33,177.0,9.0,REPÚBLICA FEDERATIVA Do BRASIL inisterio Dos TranspoRtes BR SECREtaria Nacional DE Transito CARTEIRA NACIONAL DE HABILTAÇÃO / DRIVER LICENSE / PERMISO DE CONDUCCIÓN iroveesoeeerove QuCiO Sr. Samuel Cavalcanti DAIA[o{FDenascivenio 16/10/1982 Ramos DAiA [UsSAC Blade 01/04/2024 30/03/2034 1 DO IDeWTIDADE / Oag {VISSOR/UF 228.371-1PC MG Aagef SyeeGSiEO e 1 456.072.913-16 55790800859 NacohudADe BRASILEIRO(A) FÇo :  | Daniel Peixoto Manuella Sousa 1 Cns AssinajUra Do oatados Ee E OasEFvAÇOES ASSINADO DIGIIALVEMIE Deparuavenioesudun IeAnuo LoC 43364407081 | BELO HORIZONTE MG MC681606770 MINAS GERAIS,80,0,0
aug_cnh_564.jpg,178.0,299.0,130.0,130.0,3.33,75.07,13.94,0.0,1,253.0,248.33,174.33,"REPÚBLICA FEDERATIVA Do BRASIL ministerio Dos TRanSPORTES BR S ECRETARia Nacional DE TRansito carteira nacional de habilitaçio / drhver license / permiso De ConducciÓn None Gobrinong Kadintacao Sra Maria Eduarda Pacheco DAIA [C{al { Uf De Yascimenfo 21/11/1982 Moura da Serra Dataevissac Vlel 05/01/2019 02/01/2029 1 DoCioenidede ORgevissok / U} 27.992.743-OIIRGD dC 4 Pegistpo nab 602.974.185 63794707674 1 Nacioyalidade BRASILEIROGA ) FIliacho : 1 Gustavo Henrique da Rocha 5 Ana Loura Pires 1 Yachoe Assiyaiura Do poriacor 2 ObserVACOES Sssinaoodicitalmenie Uehhueusui hAu 4364uux] VXA 1 BELO HORIZONTE, MG u 60o77o MINAS GERAIS",92,0,0
aug_cnh_565.jpg,,,,,7.76,25.49,4.03,4.87,2,237.67,234.67,164.67,0 9 6 : 2 8 8 ; 8 5 8 2 ; { G 9 # g 1 1 1 1 1 1 1 1 1 1 | 1 1 | 1 | 1 1 | 1 ; 8 1 1 ; 1 8 ; 1 1 | 1 1 1 1 1 8,55,0,0
aug_cnh_566.jpg,176.0,297.0,133.0,133.0,11.63,100.0,34.52,2.32,2,202.67,211.67,13.33,"REPÚBLICA FEDERATIVA Do BRASIL ministerio Dos TRANSPORTES BR 5 ECRETARia Nacional DE TRAnSito carteiranacional de HabilitAçio / DRIVER LICENSE / PERMISO DE ConDUCCIÓN 2€ 1nomee SobRenome HABILTAÇ^0 Allana da Costa Daia [ocaleuf denascimenio 08/02/1976 Carvalho DaiAeuissac VAlidade 13/03/2021 1/03/2031 8( DOC IDENIIDADE / ORG eWissor / UF 67.184.802-7IPF | 034.982.675-74 36189528553 e NACIONALIDADE BRASILEIRO(A) FILIAÇO 1 | Guilherme Cardoso Antonella Fogaca 1 Allana dBosla Assinaturadoporiador ACC E Ee OBSERVAÇOES AssInADO DICITALMENTE DgpariangnioesiADul IRasuo LOCAL 4336+407081 | BELO HORIZONTE, MG MG681606770 MINAS GERAIS 4d (Pi",84,0,0
aug_cnh_567.jpg,172.0,291.0,142.0,142.0,4.74,76.56,16.29,0.29,1,237.33,244.0,161.0,Kerubuica Federaliva Do #risil F BR S Cacieictak 7 nul Genashliii `/erierlkeay /PecvarcecUnorkzaw M 46 Fa 4 | 1 Minas GENAIS,21,0,0
aug_cnh_568.jpg,872.0,555.0,98.0,98.0,9.01,22.27,5.01,5.22,2,215.0,226.67,156.0,Valiuaem iulu Deahitonio Madional 2952662900 2952662900 1 8 1 1 73 4 1,13,0,0
aug_cnh_569.jpg,177.0,298.0,132.0,132.0,7.26,81.98,18.49,1.82,2,238.33,246.67,16.0,"REPÚBLICA FEDERATIVA Do BRASIL ministerio Dos TRANSPORTES BR S ECRETARia Nacional DE TRAnSito carteira nacional de Habilitaçio / DRIVERLICENSE / PERMISO DE ConDUCCIÓN Nomee SoBReNOME HABILTAÇ^O Sra_ Ana Carolina Dias Daia Localeufdenascimevio 08/09/1975 Camara Daiaeuissac Validade 27/06/2017 25/06/2027 1 DOC [DENTIDADE / ORGeVissor / Ue 21.892.943-5IPF NPegistpo e 209.784.163 65446565 1 NacionAlIDADE BRASILEIRO(A) FiLIAÇAO 1 1 Davi Lucas Machado Eloa Nogueira 1 Assinaiurado poriador ACC 2 Ee OBSERVAÇOES AssinaADO DICITALMENTE DePaRIAMENIO {SIADUAl IRasuo LOCAL 4336+407081 1 BELO HORIZONTE, MG MG681606770 MINAS GERAIS d (PY",84,0,0
aug_cnh_570.jpg,160.0,295.0,181.0,181.0,7.32,67.89,50.23,0.66,1,237.33,229.33,158.0,Do ransrortes 0e 8 'ni de Ehabiltacio /[ Aooncioo 1 decoN Maia < V 20 V 1 504 s 1 | Pn0 0 Ar 1 Mk Kepoblica FedeRATiVA 4inis7rio BRasil 0os Secreinrin aciona 14881o Carteira } (NcIONALC DRIVERI uceNSE / Coa IPERMISO [ Soron o 07/02/1973 Compos Ara (v) 4/10/2020 e/0/2050 Onna Au 649 5 118-61fp n 672891 ) 64984916498 ) anasilliaoa) Lol Mioudl Ano UMo Conrclo Ovoun,68,0,0
aug_cnh_571.jpg,177.0,294.0,136.0,136.0,9.55,100.0,33.84,1.62,2,211.33,221.67,8.67,REPÚBLICA FEDERATIVa Do BRASIL iisterio Dos Transportes BR Secretaria Nacional de Transito CARTEIRA NACIONAL DE HABILTAÇiO / DRIVER LICENSE | PERMISO DE CONDUCCIÓN 7e9uiaagrqnsann Amhur Miguel Pairoto Sooilasovo 29/01/2007 Moreira dos Pedros VG EE 13/05/2024 11/05/2034 1 e ao 59.227.299-4iirgd Is  5 1 214.680.359-24 11673021935 Han BRASILEIRO(A) Ao ! 1 Dr: Adhur Miquel Caldeiro 2 Ano Luiza Fogoco 1 4ss Q5edeona 52 55 2 2 Coor ; honil [crasaina 83834407081 BEOHORZOMEVG VC28ie0e7o ' MINAS GERAIS,75,0,0
aug_cnh_572.jpg,170.0,291.0,145.0,145.0,4.57,48.37,13.52,0.93,0,229.67,230.33,236.33,"REPUBLiCA FedeRativa Do 8 RaS1l Firtr 27 20 '""Rte3F0 1x Cartehra nachonal de hsbulxeacho {Dxier Lcense {perhisodeconducciów [siexic Porte [08/03/1876 Brlto Goias {22/02/2019 |fis/c2/2029 {78731.579 7pf 341525.975_07 07347545472 [xsnoa 1 1 Pedro Lvcos Barros Isis da Cunhio 9 1 5 1 MINAS GERAIS",43,0,0
aug_cnh_573.jpg,,,,,3.79,30.22,0.64,18.08,1,238.0,238.33,156.0,"0918991 narisa Ow 'JnOZIMOH 91nan1nvaao Y910 20 53o)yab359 0 312 oa ""DJa Dp '028"" Ha Sa) PY 01 20/8z Fiya 7 10/15 '30 1 on Iovsvuziou ovroeer 00yhiss7 oaros Ybonniss Doddo3 Diiqjin Didn Opjouj8 0ysnn (oanisvaa S689s76iZy [ 07 12 avonykoioen os = 04151510 619 zss aaiz-{l6 Sol88 noosin 2eo 70r01io1 9zor/ Doa zo/9z orona 91o2/ Orssla 0udiseo) LL6 Ouiysyi oyonuuay o 01 ira NOIOOnONO) OSIId3d [3sn32i 501eja d3AIdQ J7onjheos",70,0,0
aug_cnh_574.jpg,177.0,296.0,135.0,135.0,4.91,76.96,15.63,0.35,1,245.67,248.0,164.67,eponlica Federaniva Do anasin Pe BR Ciriar nkzonal @e Rashitac 4o /oknecakeay/alrvas @r(onnkrhon Mciinench] MAvAas 478843 8338381818 1 1 MINAS GENAIS,21,0,0
aug_cnh_575.jpg,,,,,7.32,81.98,1.84,18.96,2,238.67,245.67,12.33,"SIVà39 SVNIW o8oo9r9esw 9w J1nozidoh 01f) 1 OuskYuL IynayIs} OIMJWYIYYd)0 ainzkiyoia QoyniSSY 53024A83590 BOOYioa olynissy 1 oudissdo Dill?ed 5 Diso) DP Kuoiuy Coanasvaa | 1 JoyonykoDyN 9Stozvtsoz6 76-+Z6 OSS*849 1 OYM 1Yd 04151938MS d) Pe dSS8-879*Z0z*09 In / OSSIn} HHQ / JOYOILNJOI JOO > ssoz/zv/1z szoz/z1/vz 1 oroura 04 OysSIn yiy0 & neJqy L+61/10/80 OiNaht)sVN 304n31301 YIvO seJld enbuueH oJped Oysyiridyh , JNONJugos ) JHoN (8 N9I))00N0230 OSI//*3d /35N7217 *3//*0 / OvjYL/7IqyH J0 7YNOIYN YNlJLYY) OliSnya1 10 7vnoijvn Viay1]a)]s s31dOdSNvd1 soa oid]1siniw &8 7iSVà9 00 VAIlVdJ0] VJiaod3à",87,0,0
aug_cnh_576.jpg,,,,,7.92,70.87,0.45,49.03,1,253.67,240.33,105.67,"8 Myki_ Und Sjq)vamjsbo Z1 a0 JJY HooyIHOs OOYunlynisSy {iDAON Diydos OPosdn @isnbny OYovi11, (voxiiisvna JoyaiykOl y Z8slyy6zz8l Zi-Z69 Osl185 Piy) 0a1s1216 Ju) py Wv dJ19-009 'SSV*Sz MOSSIn 7 900 / avaumia1 2o0 Ezoz/so/v0 Loz/50/90 JOrulIYA 9 OyssiniYiyo 09 ooJdwd) 0661/s0/10 @uwami)syn J0 'n 71901 Miva vinidym ,1 90No)30 0S1K*34 /35N32/7 > Inodiongo) O9uu5 Ix7Axg /OyJvulfvH 30 7NOIDNNE IYI}LYY) 18 USva 8 iynoisvn so0 Yyavaiad1s o0 O7a7isiniw ouvovikvsw ino/orrvif Mnyidyvo Anoy @ nruoio Dicieoo o1isnya 10 511404 Snva VA11va10,",79,0,0
aug_cnh_577.jpg,165.0,285.0,154.0,154.0,7.13,68.43,20.06,1.5,0,228.0,229.33,227.33,"REPUBLICA FEDERaTiva Do BRASTL 1s7rRio 00s 4s ""r*5ito BR Yacomal DF carteira nacional de habhljtacio /driver License / Permiso De CONDUCciÓn {viter Hugo das Noves [25/21/2004 06/02/2021 ""04/02/2031 85.559.402-BIfP {25.216.839 - 99819131437 {cRssnEIROO; H Davi Lucarda Conceicoo Alexio Silvoiro 1 1 | MINAS GERAIS",44,0,0
aug_cnh_578.jpg,599.0,251.0,54.0,54.0,8.76,25.68,4.63,8.41,2,238.33,245.33,19.0,"VaLIDA EM ToD0 0 TERRITÓRIO HACIONAL 952662900 2952662900 8; 1 1 [ 6 {  Hn , é 8 8 4 1 , 1 1 8 HFR 1 1 | f: 1 9; "" 1 2 ! I | 1 4 1 1 1 1 (; 9 1 |",48,0,0
aug_cnh_579.jpg,155.0,295.0,148.0,148.0,5.05,48.37,26.36,0.7,0,216.67,218.67,220.0,Republica Fedeeata 74 210 8Q 7aeecawsato Carzeira nacional de habilftacio  DRnErUCENsE / PErno DE Conducch {smies Pono {25/02/1579  Fônsocu; [0570872228_ ]íos/p3/2050 {21383932_7IRGD {31059215 2 OGseeza0ss39 Lxsisen 1 1 {Apolis Oiiveiro 3 Ragut: Oemes 5 53 22 ! 2 023 42 ; BRa15 Do,43,0,0
aug_cnh_580.jpg,873.0,557.0,93.0,93.0,3.1,9.77,1.89,1.96,0,234.67,235.67,236.67,Valida EM Todo TErrtfoRio Kacioxal 2952662900 2952662900 1 { 1 1 1 1 TIER | Hiklke H 8 8 1 1 7i 7,23,0,0
aug_cnh_581.jpg,874.0,558.0,90.0,90.0,3.52,11.82,3.04,3.32,1,241.33,247.0,232.67,Valida EM Todo 0 TerritÓrio MACIONAL 2952662900 2952662900 9 1 1 1 1 1 In 1 M g FH II 2 HFR 1 1 1 : 1 ; 1 g |  2 1 8 ; ; 1 7 1 4 1 1 II | 5 1 1,47,0,0
aug_cnh_582.jpg,878.0,562.0,81.0,81.0,6.18,20.61,3.09,3.55,0,225.67,227.0,235.67,Valea €8a J500 # {eaoitanO atcinA! 2952662900 2952662900 1 HMaye| #hlehkkl |,12,0,0
aug_cnh_583.jpg,56.0,71.0,97.0,97.0,6.74,25.29,3.87,3.67,0,228.67,229.33,227.33,"2 1 1 2 1 H 8   Kzh 1 : 1 ; | , ; 006299z562 0062992562 Vxdidyn O{uqliuhjl 0 OQOE Wa VOI7ya",23,0,0
aug_cnh_584.jpg,874.0,557.0,91.0,91.0,7.5,39.65,3.74,4.24,2,238.33,244.67,15.0,"Valida EM Todo 0 TerritÓrio MACIONAL 2952662900 2952662900 1 1 [ 1 VIn 1 2 1 é 1{ 4 H :, ; 1 p TI |  2 H 8 0 1 1 8 2 1 8 1 7 1 1 1 II | 1 1 L 89",47,0,0
aug_cnh_585.jpg,436.0,636.0,122.0,122.0,5.39,78.86,0.76,18.24,1,237.67,245.67,157.0,"SIVY79 SVNIW Wovowimt 9 ""nvinomon] | @nmd Mauovakhdo Genldn Dun) 06ui) Pna momiiMsVi 1 267522ye2ig S6-815*725*690 03yii3-215 721*69 Isun iviminn rw 87o3//i 9103/21/6i aah 4 inunnon) Oueuoo 1003/1/1 (intini Jaln Wi Vimi Sepuen Mienony 018nli1dv 144a N9i))n0N0)70 osu8*7d /3sn72/7x3m*0 / oysvzugyh J0 7noiyyni}yy) Oiisnvy No 781s Ga à8 Usvah O0 Vaiivn 1011 Voiiaoju",53,0,0
aug_cnh_586.jpg,167.0,287.0,152.0,152.0,10.39,100.0,34.57,2.37,2,205.67,215.67,16.0,"REPÚBLICA FEDERATIVA Do BRASIL ministerio Dos TRANSPORTES BR 5 ECRETARia Naciona L DE TRAnSito carteiranacional de HabilitAçio / DRIVERLICENSE / PERMISO DE ConDUCCIÓN Nomee SoBRENOME KaBiUTACAO Barbara Cassiano Daia [ocaleuf denascimenio 04/01 '2001 da Mata Daiaeuissac VAlidade 08/03/2020 06/03/2030 1 DoCioenDADEhorgevissorUE 18.484.481-OSSP 4d [PF N Pagistpo e 1 108.672.593-02 79053924514 NACIONALIDADE BRASILEIRO(A) FILIAÇO 1 | Heitor Silveira Maria Fernanda da Cunha 1 Borbara Bosolane Assinaturado poriador ACC E Ee OBSERVAÇOES AsSInADO DIGITALMENTE DgpariangnioesiADUA IRasuo LOCAL 4336+407081 | BELO HORIZONTE, MG MG681606770 MINAS GERAIS",83,0,0
aug_cnh_587.jpg,626.0,207.0,56.0,56.0,8.13,39.65,3.74,4.24,2,238.67,246.0,13.67,"Valida EM Todo 0 TerritÓrio MACIONAL 2952662900 2952662900 1 1 7 1 1 1 1 | 1 2 1 1 { 7 1 H :, ; 1 , TER | 1 1 5 1 2 H 1 1 ;: 1 9 1 1 II | 1 L 5 5",49,0,0
aug_cnh_588.jpg,,,,,10.5,100.0,2.36,34.88,2,230.0,240.67,6.0,SIVà39 SVNIW o8oo9r9esw 9w 71nozidoh 01Jf) 1 OuskYHL IvnavIs} OIMJWYIYYdJ0 Ainzkiyuoia QoyniSSY 5302YA83590 BOOiOa annissh 1 sedo7 DuDIy 5 PHdna opJdnpg Sopd) (YoaiaISVàE  | 1 6986688I+SZ 80 - v8z*SIS*09L 1 BYM 1Yd 04151978N d) Pe dSS9-048*6/4*59 In / OSSIn} HuQ / JOYOIINJOI JOO >6 8zoz/so/s1 810z/s0/91 1 arourAat OrssIn)fyo € soppjnoa SoP Dyun) DP rooz/60/81 OINJnijsyk g0inano1yivo SIDAON  0i?ue7 'DUS Ovovinidyh JNONJugos ) JKioN ! 8 N9I))70N0230 OSI//*3d /35N3217 *3//*0 / Ov5YL7IqyH J0 7YNOIYN YNlJLYY) OliSnya1 10 7vnoijvn Viay11a)]5 511à0 SNvd1 soa oid]1Siniw 49 USVà 9 o0 VAIlVdJ0]J VJi99d]à orivnu,90,0,0
aug_cnh_589.jpg,,,,,7.43,81.98,1.84,18.96,2,238.67,248.0,159.0,"SIVà39 SVNIW o8oo9r9esw 9w J1nozidoh 01f) 1 OuskYuL IynayIs} OIMJWYIYYd)0 ainzkiyoia QoyniSSY 53024A83590 BOOYIBOa OO YunlYNISSY 1 enbjenbnqlv zuID08 Duv 5 oadisns Coanasvaa | 1 JoyonykOiyN ZSLS6+S8S69 9S-Z6L*9OS*8St 1 OYM 1Yd 04151938MS d) Ps Jdl$-9/1*778'LZ / OSSIM} J*0 / Joyoiinjoi Joo > Isoz/80/sz Izoz/8o/sz 1 JordiIrA 9r OrssInafiyo € oj84-Dd PP sedo7 100z/01/81 OINJnijsyk g0ininoyivo zn] DP eujeylins Oysyiridyh , JMONJygos ) JHoN / 37 N9I))00N0230 OSI//*3d /35N7217 *3//*0 / OvjYL/7IqyH J0 7YNOIYN YNlJLYY) OliSnya1 10 7vnoijvn Viay1]a)]s s31dOdSNvd1 soa oid]1siniw &8 7iSVà9 00 VAIlVdJ0] VJiaod3à OiUld",87,0,0
aug_cnh_590.jpg,171.0,292.0,143.0,143.0,7.87,82.25,18.55,1.9,2,246.0,251.0,9.0,"REPÚBLICA FEDERATIVA Do BRASIL ministeRio Dos TRANSPORTES BR 5 ECRETARia Nacional DE TRansito carteiranacional de Habiltaçio / DRIVERLICENSE / PERMISO DE ConDUCCIÓN Nome [ SObREnOME Madiutacao Sara Camara Daia [ocaleufdenascimevio 06/12/1991 Araujo de da Luz Daiaevissec Validade 02/06/2019 30/05/2029 1 DoCioenDADEhorgevissor(UE 49.792.129-OSSP 4d [PF NPegistpo e 890.712.436-13 51551302479  NacionalIDADE BRASILEIRO(A) FILIAÇAO : 1 Jose da Rocha 3 Stella Monteiro 1 Yana Bamara Assinaiurado poriador ACC Ee 5 OBSERVAÇOES AssinaDO DICITALMENTE DePaRIAMENIO {SIADUAl Ipsuo LOCAL 4336+407081 1 BELO HORIZONTE, MG MG681606770 MINAS GERAIS",82,0,0
aug_cnh_591.jpg,348.0,468.0,48.0,48.0,7.64,27.44,3.74,3.83,2,224.33,234.67,11.67,C 1 ' II 1 1 8 1 8 A 6 1 81 8 1 ; 1 1 2 1  I | 8 J 1 p N | 14 | 8 ? ; 8 1 0062992562 0062992562 ivndisvk oiuoliuu]l 0 O00L W} VoiJva,43,0,0
aug_cnh_592.jpg,,,,,7.21,81.03,0.93,34.62,2,171.67,167.33,96.0,ou] on ; @eop) miuocicad? Qheid] | (Vomiluisvmu Khi hoa Wk Ieykzrozoo 7Pof'70o0i0 Canseik Mie-480770t4 Mnslne nac  MivaminahM  roe/1/04 Moc/u/u Miroaiya @uieqiv  0r6i/c0/0 (niniyn J0] Vivi e Giciuon ciciqco IanIuuny nik a0uwnonod 300s7834/7807277 87a80/opswuroyh 30 7nouyn Yaiwy? @usnva1 10 ivno v 4ii (4 nvino 0 Wavovilyty Al(volevale Vdo veanoo C Coima 0unl,52,0,0
aug_cnh_593.jpg,177.0,293.0,136.0,136.0,5.33,62.06,19.58,0.91,0,228.0,228.67,226.67,ReFoblica Capyeipa nacionsl De Hibtlitacio / Driver ucense /Peewiso De CosduCChÓn Gooe Mqu E799 {i778s)2021 Hzjos7zs [1206 3514} fkov {22102 07071478874 1 1 1 | MINAS GERAIS,27,0,0
aug_cnh_594.jpg,199.0,261.0,97.0,97.0,7.55,81.98,18.49,1.82,2,238.67,248.67,17.67,"REPÚBLICA FEDERATIVA Do BRASIL ministerio Dos TRANSPORTES BR S ECRETARia Nacional DE TRAnSito carteira nacional de Habilitaçio / DRIVERLICENSE / PERMISO DE ConDUCCIÓN Nomee SoBReNOME HABILTAÇ^O Isaque Oliveira Daia Localeufdenascimevio 23/07/2001 Moraes Daiaeuissac VAlidade 13/11/2016 11/11/2026 1 4c DOC [DENTIDADE Orgevissor(UE 52.181.905 - DETRAN N? REGISTRO e 524.980.713-50 41240593502 1 NacionAlIDADE BRASILEIRO(A) FiLIAÇAO 1 1 Sr. Yago da Luz Maria Sophia da Paz 1 Olucira Assiyatura Do PoriaDoR ACC Ee OBSERVAÇOES AssinaADO DICITALMENTE DePaRIAMENIO {SIADUAl IRasuo LOCAL 4336+407081 1 BELO HORIZONTE, MG MG681606770 MINAS GERAIS d CPY Jsoque",88,0,0
aug_cnh_595.jpg,184.0,380.0,212.0,212.0,6.64,54.07,43.07,2.46,0,217.0,219.0,220.0,lac Corjrarsfoete CasiebamCoRa hBiici) Drerleini Mesl '52e4ueg Afesttesi 4 Ccans fjrz 712/5/291 {6 645.458-304 1 {595555 Fxss56 H tosn taxno  {S 5 2 3 Ee 2 24 5 2 Sdrratva DV Bgasil E Ee,34,0,0
aug_cnh_596.jpg,98.0,290.0,186.0,186.0,1.79,30.35,17.92,0.0,0,249.0,234.33,156.67,"Oal 0e On de de Ecohoucchon Miiaa 29 inMo DF 3/01 MiMn /01/2027 AN J9 [s W( 664.578 ( | 'Wialo 1 Jode n nsuo Transito cartera | (Nacional [ HAbhutçio | YDRNERL inov( xucense/ Yoasiioui Yperhiso [ Srlo . Aloxlo Goncolos mamiiiakio Mkiminio /06/1 71998 Arogoo Mn 1/2017 Ionioio (vy 212,819-8SSp auno 092-00 99769585569 Mimim ARASILEIRO(A ) (Covo Piros Fogoco oo",62,0,0
aug_cnh_597.jpg,41.0,33.0,88.0,88.0,10.08,34.67,7.51,5.42,2,235.0,241.33,9.67,1 1 1 : | 8 1 { 1 1 ! 8d 1 1 1 1 5 6 [ # 0062992562 o€ 7vnoijyk oiyolibhal 0 O00L W3 Voiva 1 1 1 1 1 1 1 ! 1 2 1 1 1 1 ! 1 5 1 ! 1 ; 5 9 1 1 { 1 1 1 8,58,0,0
aug_cnh_598.jpg,172.0,295.0,142.0,142.0,5.08,81.71,16.86,0.78,1,238.33,247.33,168.33,"Republica Federativa Do Brasil 137181o 0os ( kansyokis BR Slcvliayia Nacional Dl (kansi1o capteira nacional de Habilitacio / driveR LiCENSE / perMIso de ConducciÓn Bonet ( solkinout Dro, Lols Aibuquorquo Daialaiuiueisimaiwio 6/08/1974 Cornoro Vuoao 04/09/2017 02/09/2027 Ocudiilei) Orlivisoryvi 96,166,.646 = Dcikan Na(y Piciribo 102,864,958786 8250529898 Fnoaennan 1 ""nsiywow 1 Luc0s Gobrlol Alvos 2 Morlo Mondos 1 Jaunauohokinny Ayynon; ua Uciianiwil ; ueyayiakaligig) Giouniuiinnio Uxn Ashu/001 UuloiovvonilMac Mcobiooono 8 MINAS GERAIS",70,0,0
aug_cnh_599.jpg,173.0,292.0,138.0,138.0,6.46,57.59,18.65,1.51,0,226.67,228.0,235.0,"RepÚBlica FEDERATiva Do BRASIL 6 5a O4tr Carteira NAcIonal de Kabhlytacaq} driver ZiCevse / Permiso De conoucciós; Arhur Montensuro {0s/05/1949 Farias {3/02/2017 {17/02/2027 [5ª21226-2""2 {i46.552.970-61 45068344677 C 1 1 NIcolos da Rosc Sro. Maria Allce_Perskra 1 1 5 | MINAS GERAIS",41,0,0
aug_cnh_600.jpg,,,,,5.96,81.98,1.47,18.64,2,253.0,246.67,253.67,"SIVà39 SVNIW 0490918991 21 'Jinozidoh 0ne) 1 lrolotlqeer Qusky Tunqvisioinanyviyydag ainzkiyioia QoynisSy 59027n87580 BOO9ioa Yannisst 1 SBAIv Dill?ed 5 DJibJoM qe/03 Comiasvaa 1 1 Joyonykouyk L9L81 LZOBtS 7i-846*7S0*1S9 1 ayun OangigakNS PS a9yii Z{9*+S6*51 / HoSsIM] J*0 aoyauviqiooa 6z0z/Lo/05 610z/80/z0 1 aoyoura 01 OrssInfiyo € Djiepidd St6l /80/91 OiNinijsyk J0iniWJo1yivo opdyodh Diedjdy OyJyilidyh , JHONJugos ) JoN !87- N9I))70N0270 OSI//*3d /35N7217 *3A/*0 / OvjYL/7IqyH J0 7YNOIYN YNIJLYY) OLiSnya1 J0 7ynoijvn Viay1]a)]s s31dOdSNvd1 soa oid]1siniw d8 USVd9 00 VAIlVdJ0JJ VJi78od]à",79,0,0
aug_cnh_601.jpg,177.0,298.0,131.0,131.0,7.68,81.98,18.49,1.82,2,238.67,248.67,154.33,"REPÚBLICA FEDERATIVA Do BRASIL ministerio Dos TRANSPORTES BR S ECRETARia Nacional DE TRAnSito carteira nacional de Habilitaçio / DRIVERLICENSE / PERMISO DE ConDUCCIÓN Nomee SoBReNOME HABILTAÇ^O Murilo Cavalcante Daia Localeufdenascimevio 10/12/1953 Novaes Daiaeuissac VAlidade 31/08/2016 29/08/2026 1 DOC IDeNTIDADE / Orgewissor /UF 50.571.642-6IFP 4d CPF NPEGistpo e 918.476.035-48 34341726286 1 NacionAlIDADE BRASILEIRO(A) FiLIAÇAO 1 1 Yan Vargas Yosmin Jesus 1 unilo Bauakanb Assinatura Do poriADOR ACC E Ee OBSERVAÇOES AssinaADO DICITALMENTE DePaRIAMENIO {SIADUAl IRasuo LOCAL 4336+407081 1 BELO HORIZONTE, MG MG681606770 MINAS GERAIS",83,0,0
aug_cnh_602.jpg,61.0,75.0,89.0,89.0,1.71,8.69,2.74,2.66,0,253.0,246.67,92.33,1 1 = 1 8   Il < ; 1 1 1 1 8 8 5 1 1 1 : 1 p 1 2 1 1 88 { 81 %à g 2 8 3 7 : 9  L 1 { 1 g 1 0062992562 0062992562 IbnoIJUk 0iuoIUu3I 0 0001 WJ VOIIVA 9,51,0,0
aug_cnh_603.jpg,,,,,0.62,15.45,0.14,2.65,0,224.67,223.67,227.0,"; 2 Soucy ouun] oeq8-""0 40014i19414 S0-51vy87 690 | Gahiz-59/975 L: 0 Isoz/zu/sz I0t/*1/5 Boudi9 B16pupiupm   1561/20750 9uiug Nooanono)77 oswE3à / 2512)77 834640 /0p84n8} 30 7Noliii7ixk) Oopbo}",27,0,0
aug_cnh_604.jpg,872.0,556.0,94.0,94.0,10.8,44.92,5.41,6.14,2,180.67,195.0,171.0,"Valida EM Todo 0 TerritÓrio MACIONAL 2952662900 2952662900 { 5 | 1 1 DH 2 1 "" 1 1 1 2 4 1 1 ; 1 FERER 5 1 ; H 1 28 | 4 1 Ilé 1 7 1 II | 0 1 L 95 5 1 1",49,0,0
aug_cnh_605.jpg,,,,,7.74,19.92,4.34,2.51,2,252.0,242.33,17.67,09 1 8 h 1 9 1 1 5 1 8 U 1 5 1 9 1 [ ; | : 1 1 1 H ; I 8/ { 6 8 0 g # Il : 8 3 1 1 1 | 8 7 1,45,0,0
aug_cnh_606.jpg,207.0,318.0,166.0,166.0,9.73,86.86,32.15,0.8,2,238.33,244.67,17.67,REPÚB LICA FEDERATIVA Do B RASIL MinisteRio Dos TRanspoRTes SecRetaRia Nacional De Transito CARTEIRA NACIONAL DE HABILITAÇIO / DRIVER LICENSE / PERMISO DE C 20 Noueesobpenohe Bello Barros DAIA lOcnfufdenascimenio 24/10/2007 Pachoco de Dias SP DAIA [ViSsAo 46 Valiqade 04/05/2021 02/05/2031 1 K DOC IDenTIDADE / ORg{MIsSOR / Uf 99.604.359 8IFP AP Ad (P6 5 w RegisTRO 381.960.475-84 72623621012 1 BRASILIARO(A) FiluckO @ 1 Bornordo Dias 2 Cecilia Nascimento 9 Bella Barros AsSinatura Do PoriADOR ACC Cie Die 12 OBSERVAÇOES Assinaoo Departamento Estadual ; 2861802020 DiCIALVE,86,0,0
aug_cnh_607.jpg,176.0,301.0,130.0,130.0,5.18,77.91,15.16,0.31,1,237.33,247.67,159.0,Kepublica Federativa Do Srasil ioeonos Gaeo BR O Qoiimunnenst [hsuky /Axvsrlncua VI < 8nvohes 8188786884 Gn5anue Quni ( 1 1 MinAS GEKAIS,22,0,0
aug_cnh_608.jpg,170.0,292.0,142.0,142.0,3.03,75.2,12.83,0.0,1,239.0,245.33,160.0,Republica Federativa Do Srasil Usterio D0s Trr BR nsn CcEc{ AXX AASURã/ACAEUAELY/AxVr/(lXlzan eAnos Anv SAnn ay8si cay el Sasssn4 Sleiaiu ; 1 9 1 MINAS GERAIS,26,0,0
aug_cnh_609.jpg,318.0,583.0,80.0,80.0,1.8,33.06,0.01,15.48,0,251.0,242.33,95.67,"ousvyl Inovisj 9n JnJm triioi0 1j01 1 aiq 'Josy ""JS 1 5 ks- '190 1 1 09 Ja) Pe 09*86] 1 30+0 }1201 Iz 1 YIvo 10 DP 187 dq Sa4y 1 0 7Vn? [J0 Yizixk? 04909i Iroon iroroteceer Jnoziaon OlnrLavdio 01J0  OornsSy 510274n1580 eooyuoae YaluyaisSY 0jieje} DPo8 Duudao1s enbJenbnalv orsvn, ~ (0)owiazisyaa 88SS Jaroiholrh 1968198 @rA Ad  Yo-L6z 08151974 '8vS NY81J09-5l 1 /Bossin1 '509' 010 oroil0i _ Isoz/80/01 JarQiA Izoz/80/71 Ymbjonbnqly Ousina Yira  Seids 9661/01 / Oiwini)rs OvoyilVbyM , ~ N9i))n0N0)  OSIIKd3d / (3sN32i78 Dyjou I*3/80 / Ada Jlopyuieyh ? JnOu Juaos = Panon IYNOIJYN ) OliSnya",98,0,0
aug_cnh_610.jpg,174.0,292.0,140.0,140.0,9.44,100.0,33.79,1.54,1,213.33,223.0,9.67,REPUBLICA FEDERATiva Do BRASIL MivisteRio Dos VranspoRiis BR SecReiaRia Nacional Di TRansito CARTEIRA NACIONAL De HABILTAÇiO / DRIVER LICeNSE / PeRMISO De Conducción Novl oasini Mliacao Lulso Vosconcelos Daia (ouiuedinascininio 29/06/1956 Miaivnuo Miodi 19/01/2019 6/01/2029 1 Docioeniioaoetosoivisso/ue 25.590.356 Sipf Jace nnosiro Caina] 694.013.587-10 00502789244 Maciorhliod HI E 5 Jullo Marques 1 Yno Weonoue Doforiados 0avei 4c0es Avnadodivinn Demauaviniousudll ce iravio 100ja0iusi toca | Allonokuonil MG Mcosicoono MINAS GERAIS,68,0,0
aug_cnh_611.jpg,147.0,283.0,173.0,173.0,6.77,66.8,40.19,0.3,1,237.33,237.67,158.0,"REPÚBLICA Federativa do BRASIL inis7f kio 0os Fkans Slcreiarin Nar Onai 0R7es BR Transito CaRTEIRA T Inachonal De Habiltaçio / DRIvER LIcENSE / PermISo dE C Nomeesoerenont CoNDUCCI Sophle da Rocha Vapitiiakao LuCA DeHascimimio 1/03/1851 Mo Dail ieao Valioang 14/07/2024 2/07/2034 DoC Foemtoaot 4 0R@ i47380k /u47 68,803.034-JPC AP Cre 830 68.724-05 Feaisiro Cai AD 20446221500 Ma Jomaliladt Wkasil Liko(a) 8 1 (Joaqulm Sllvolra 1 4Kocko (Stophany Mondonca imaiunadotorianon ACC Dil @usemvacons ; LoCa mooonmmnno Wliomokvonii MC 001070mi 0 Daia Plnto",81,0,0
aug_cnh_612.jpg,171.0,291.0,143.0,143.0,5.47,79.0,17.75,0.8,1,237.33,248.33,155.0,"Repunlica FedeRativa Do #RaSil 7Ro 00s Vrans70a1s BR Nnacionai "" Vran8io caRTEIRA nACHOnAL de habilitacio / DRIVERUCENSE / PeRMISO DE Conducción Nume Lulz Farnondo Slquelr Iaia De Nangimenin) 22/10/1254 d0 Convelooo de Cokpob Vaiioan 14/12/2015 1/1/2026 Niinai Naoeyisy)a /1e 888,821 Ikoo Pegiie 217 026,845 82461675186 A Je Mrasillikooa) Fhiasan) 1 Froneleco Forrelr Ceclllo Novneg Annakioaiamnil Jame Ni) esianiar 06 8aa4uiu) 11ja9n/ai 1 Oeioiokisni  Ma Meanianoztn MINAS GERAIS",67,0,0
aug_cnh_613.jpg,878.0,561.0,81.0,81.0,3.8,12.4,2.05,2.31,0,229.33,228.67,237.0,Volide Ea 7oia & Tearnoro Hac 2952662900 2952662900 @/ieE 1 {,11,0,0
aug_cnh_614.jpg,172.0,291.0,142.0,142.0,6.7,64.23,19.44,1.48,0,227.67,229.0,227.0,"REPúBliCA FEDERATIVA Do € Kasil 15te81g 04 rAnsyqrt5i+o Gow D4 carteira NaChonal De habilitacio / driver license / permiso de conducclón @ Hiquel Nascimento {i2/09/1989 do Paz dc Azevedo RR {;2/05/2021 Ilis/05/2031 {19.517,482-7PC [65.921 -798-94 95284547940 {BrasiERotas 1I Jowo canna concohoe 1 1 | MINAS GERAIS",46,0,0
aug_cnh_615.jpg,62.0,75.0,88.0,88.0,9.7,31.93,5.25,5.24,2,230.33,241.67,8.33,CC | 5 Nu 1 1 1 1 2 A 5 g ; 1 ; 1 1 3 HL { J/ 4 { 1 f V | 11 1 3 1 { 1 0062992562 0062992562 Jvmoijvk 0iuoliuual 000l WJ Voiva,40,0,0
aug_cnh_616.jpg,873.0,558.0,92.0,92.0,7.56,41.99,3.78,4.36,2,229.33,238.67,7.67,Valida EM Todo 0 TerritÓrio MACIONAL 2952662900 2952662900 ; f { 1 1 1 0 7 1 In | ! 1 { 8 4 4 1 1 ; 1 1 FRFER { 2 1 ; 11 1 28 1 1 1 1 1 7 1 II | 0 1 L 89 5 1,53,0,0
aug_cnh_617.jpg,622.0,211.0,55.0,55.0,5.97,21.29,3.14,3.58,1,238.33,248.67,165.0,valiuaem iuuu Ienuit owio Mootomao 2952662900 2952662900 1 3 1,10,0,0
aug_cnh_618.jpg,873.0,559.0,89.0,89.0,0.16,0.88,0.02,0.0,0,253.0,246.33,170.0,"Valida EM Todo TerritÓrio NACIoNAL 2952662900 2952662900 { , 1 1 1 [ I JIn 5 1 1 II HI 2 7FE ! 1 : 1 ; RI 11 1 ; HI "" | 8 1 1 1 ; 7 1 JI  1 2 1 1 ª",47,0,0
aug_cnh_619.jpg,438.0,638.0,113.0,113.0,3.79,80.49,0.01,16.2,1,253.0,248.0,253.67,"SIVà39 SVNIW 04/909/899/ 21 'Jinozihoh one) 1 [Rolottqeet Qulskyh  Wngvisiouanyehydan kagukshls  53027803580 L2Ozhoa 77n8issy 91o8 Df DP 1 DsoqjD8 Duv 5 sDh94 10d9 1 ª (VJoxiuishaa Joyonykoijyk I+Z9 6+84Z6 {S-SS9*8l+' LOz 1 Q4n 0,151576 94] Ps Jdlt-068 *{9t*LL / OSSIm! Jy0 Goyqiioioo Isoz/zo/1z Izoz/zo/sz 1 iorou; O ssinaay0 NàsD'ped SDP Didw DP S661 /z1/41 Oakanijsyk J0 iniwj1 eivJ ouod Diinf Duv Oyvifiiayu Jnoniysos VnoNa7 N9I))70N0) 30 0SIW*3d /35N7217 *7l*0 / OvJYZlIgYH 30 TNOI)YN YHIJLYY) OLisnyd1 J0 7vnoijvn Viav1]d)]s da s31dOdSNvd1 soa oidj1siniw USVd8 00 VAIlVdJ0JJ VJi78od]d 1e09",87,0,0
aug_cnh_620.jpg,176.0,297.0,133.0,133.0,7.34,81.98,18.49,1.82,2,238.33,247.33,15.67,"REPÚBLICA FEDERATIVA Do BRASIL ministerio Dos TRANSPORTES BR SECRETARia Nacional DE TRAnsito carteira nacional de Habilitaçio / DRIVERLICENSE / PERMISO DE ConDUCCIÓN NomeesobReNoME HABILTAÇ^O Bella Camargo Daia Localeufdenascimevio 24/05/1945 Rosa de Araujo DaiAevissac Validade 25/04/2023 22/04/2033 1 DOC IDENIIDADE / ORG Evissor / UF 38.801.135-3DETRAN 4d [PF NPEGistpo e 253.084.617-08 24587826881 1 NacionAlIDADE BRASILEIRO(A) FiLIAÇAO 1 1 Davi Lucca Novoes Rebeca Cardoso 1 Bella Bamange AssinaiuraDo PoriaDoR ACC 2 Ee OBSERVAÇOES AssinaADO DICITALMENTE DePaRIAMENIO {SIADUAl IRasuo LOCAL 4336+407081 1 BELO HORIZONTE, MG MG681606770 MINAS GERAIS",85,0,0
aug_cnh_621.jpg,874.0,560.0,91.0,91.0,0.17,0.98,0.03,0.01,0,253.0,248.0,253.67,"VaLIDA EM TODo Territorio NACIONAL 2952662900 2952662900 1 1 [ 1 ' | H 1 , 9 9; 4 :; ; 1 TFI < '8F 5 "" H @ RI 8 8  1 HH ;; 1 ' 1 2 1 I  1 00 1 1 1",46,0,0
aug_cnh_622.jpg,,,,,6.21,81.98,0.86,18.53,2,244.0,250.33,162.67,"SIVà39 SVNIW o8oo9r9esw 9w J1nozidoh 01f) 1 OuskYul IynayIs} OIMJWYYIYYd)0 ainzkyoia QoynisSy 5JQjyAuasgo BOOioa 74nnaisst sepudujeJ Dieiqds 1 DJleJed lenb'w zIn7 Poasvoa 1 1 JoyonykoDyN 09686ZS+9LS Z9-vL8*ZS/*095 1 OyM 1o 0d151938  $ d) Pe dSS6-LSt*9LI*09 Jn / dOSSIn} Hu0 aoyauvaqinoa 27 Isoz/80/9z Izoz/80 /8z 1 arourA 01 O SsInaiyo € DJienbIs 1661 / Lo/s1 OiNJnijsyk 0ininolyivo seJld DSSUD7 Oysyinidyh , JNONJugos ) JHoN (37 N9I))70N0230 OSI//*3d /35N7217 *3//*0 / OvjYL/7IqyH J0 7YNOIYN YNlJLYY) OLiSnya1 J0 7ynoijvn Viay1]a)]s s31dOdSNvd1 soa oidj1siniw d8 7iSVà9 00 VAIlVd]0] VJi79od3à",85,0,0
aug_cnh_623.jpg,170.0,291.0,147.0,147.0,6.81,81.98,18.21,1.52,2,253.67,248.67,19.0,"REPÚBLICA FEDERATIVA Do BRASIL ministeRio Dos TRANSPORTES BR S ECRETARia Nacional DE TRansito carteira nacional de habilitaçio / druver License / permiso De ConducciÓn NohefSobrenohf Madinitacao Sra Anna Liz Daia[ccagufDenasimenio 11/09/1945 Cirino de Camargo Daiaeuissac Yalidadl 30/04/2023 27/04/2033 1 DoCioenudaDe Orgevissor / ui 18.428.231-8IIRGD 4d [PF roiipn ne 219.743.580-97 87296215675 1 Nacioualidade BRASILEIRO(A) FiLIAÇAO 1 1 Fernando Cassiano Eloah Moura 1 Anno Ly Juerre Assiyaiura Do poriacor 9e OBSERVAÇÔES assinado DicitalmeniE UaPAhaaeouhsuui Tpaasuo LoCa 13361107081 1 BELO HORIZONTE, MG Mgoe 600770 MINAS GERAIS Guerro",84,0,0
aug_cnh_624.jpg,165.0,290.0,198.0,198.0,9.48,74.93,53.86,0.64,2,238.33,241.0,155.33,DE DEHABILITAÇÃO / Dra. 1 DE 2 DAIA LOCALE UF 07/07/1998 DAIA [Missao ('0/08/2019 ValiQADE 07 /08/2029 Se DOC IdentidADE / ORG/ 30.248.975-1 SSP PUE MA 4d (PF REGLSTRO 126.975.304-52 85143927648 NACIOYALIDADE BRASILEIRO(A) FilAÇO Augusto Sa NicoleOliveiro ClrtoeBensabe ASSINAIURA Do PoriADOR ACC Cie D1e ObservaÇOES 8 7UB LICA FEDERATIVA MinisteRio Do SECRETA R1a Do s B RASIL TRAnsPoRTEs Nacional CARTEIRA } TRansito NACIONAL 21 DRIVER ! NoMee Sobrerohe LICENSE  PERMISOE Clorice Goncolves Mascimeo Coso Gronde euissoR 1,77,0,0
aug_cnh_625.jpg,173.0,294.0,137.0,137.0,10.85,100.0,34.98,2.63,2,223.0,234.67,6.33,"REPÚBLICA FEDERATIVA Do BRASIL ministeRio Dos TRANSPORTES BR 5 ECRETARia Naciona L DE TRANSito carteiranacional De HaBiLITAçÃO / DRIVERLICENSE / PERMISO DE CoNDUCCIÓN Nomee SOBRENOME KaBILTACAO Isabela Freitas Daia [ocaleuf de Nascimewio 31/07/1987 Casa Grande da Serfo DaiAevissac Validade 27/12/2019 24/12/2029 1 DOC IDENTIDADE / ORG eVIssoR / Ue 96.351.421-OIPF 4d [PF NPagistpo e 938.462.501-98 82742408277 1 NAcIONALIDADE BRASILEIRO(A) FILIAÇO 1 1 Augusto da Cruz Marcela Josus 1 Jsabela Ineilas Assinaiurado poriador ACC E Ee E 5 OBSERVAÇÔES AssinADO DIGITALMENTE DepariangmioesiADuAi IRasuo LOCAL 4336+407081 1 BELO HORIZONTE, MG MG681606770 MINAS GERAIS",91,0,0
aug_cnh_626.jpg,176.0,296.0,138.0,138.0,5.47,81.71,16.93,0.41,1,253.33,241.33,15.0,"REPublica Federativa Do BraSil iisteeio Dos Teanspoptes BR Seceetaeia Maciowal de Teansito CAPTEIPA NACIONAL DE HABILTAÇiO / DPIVER UCENSE / PEPMISO DE CONDUCCIÓN Aatoneil Corolno Fra a 21/62/1950 Mochodo 30/07/2017 22/07/2027 1 FGeneu 33,100475OpC BeaR 120,469,573 34 02207925393 1 BpaSileipo(A) 1 Coio Vieiro 2 Moro Louro Alreu 1 ' 75 Snucoucovevf? ; UI 3oud  83388607081 Belomopvoniluc Vc810s1o ; MINAS GERAIS",60,0,0
aug_cnh_627.jpg,176.0,295.0,133.0,133.0,11.66,100.0,34.97,2.62,2,221.33,233.0,9.0,"REPÚBLICA FEDERATIVA DO BRASIL ministeRio Dos TRANSPORTEs BR 5 EC RETA Ria Naciona L DE TRANSito carteiranacional De HabiLITAçÃO / DRIVERLICENSE / PERMISO DE CoNDUCCIÓN Nomee SoBRENOME KABIUTAÇ1O Bernardo Moreira Daia [ocaleuf denascimenio 13/09/1955 Monteiro das Flores AM DaiAevissec Validade 03/06/2023 31/05/2033 1 DoCioenidaoe ORG EMissor / UF 66.776.199-2 DETRAN AdGPC Ne PEGistpo es 1 961.572.438-64 6240143392 NAcIONALIDADE BRASILEIRO(A) FILIAÇO 1 1 Podro Henrique Vargas Bianca Souza 1 rnandoMonsino Assinaturado poriador ACC E Ee E 5 OBSERVAÇOES AssInADO DICITALMENTE DgpariangmioesiADuA IRasuo LOCAL 4336+407081 1 BELO HORIZONTE, MG MG681606770 MINAS GERAIS",90,0,0
aug_cnh_628.jpg,172.0,291.0,143.0,143.0,7.49,81.98,18.49,1.82,2,238.67,246.33,12.33,"REPÚBLICA FEDERATIVA Do BRASIL ministerio Dos TRANSPORTES BR SECRETARia Nacional DE TRAnSito carteira nacional de Habilitaçio / DRIVERLICENSE / PERMISO DE ConDUCCIÓN Nomee SoBReNOME HABILTAÇ^O Sra. Eloa Oliveira Daia Localeufdenascimevio 05/01/1965 Mendonca Daiaeuissac VAlidade 11/10/2016 09/10/2026 1 DOC IDENIIDADE / ORG evissor / UF 78.683.194-1 IFP 4d [PF NªREGISTRO e 452.961.087-01 97881 62755 1 NacionAlIDADE BRASILEIRO(A) FiLIAÇAO 1 1 Isaque Martins Eduarda Novoes 1 SleaOlucira Assiyatura Do poriador ACC 2 Ee OBSERVAÇOES AssinaADO DICITALMENTE DePaRIAMENIO {SIADUAl IRasuo LOCAL 4336+407081 1 BELO HORIZONTE, MG MG681606770 MINAS GERAIS",86,0,0
aug_cnh_629.jpg,437.0,631.0,121.0,121.0,8.96,81.98,1.84,18.96,2,238.67,246.67,13.67,"SIVà39 SVNIW o8oo9r9esw 9w J1nozidoh 01f) 1 OuskYuL IynayIs} OIMJWYIYYd)0 ainzkiyoia QoyniSSY 53024A83590 EoOyoaoQanaisst 1 Doesuo} DlleJIW 5 Opdy-dw opuduje} zin7 SJowiaSvria | 1 JoyonykoDyN 8Zv8zS8ovzz 61-7S9*648*ItS 1 OYM 1Yd 04151938MS Jd) PY = dSS / -6LS +Lv*78 / OSSIm} Jy0 / Joyoiinjoi Joo >6 Lzoz/s0/Lz Lloz/so/6z 1 JordiIrA 9r OrssInafiyo € oznos 7861/01 /6z Oikawi)syn J0,n } 1Y)01 Yiya € Dwn eqe/03 Ovoviridyh JMONJygos ) JHoN / 37 N9I))00N0230 OSI//*3d /35N7217 *3//*0 / OvjYL/7IqyH J0 7YNOIYN YNlJLYY) OliSnya1 10 7vnoijvn Viay1]a)]s s31dOdSNvd1 soa oidj1siniw &8 7iSVà9 00 VAIlVdJ0] VJiaod3à",90,0,0
aug_cnh_630.jpg,176.0,298.0,132.0,132.0,3.34,76.69,13.85,0.0,1,252.67,236.33,160.33,Republica Federativa Do Brasil Jisterio DosT pooies BR Secretaruacional De Trasuto Crieraa @HisUnxçid/DsERUaLF /AcuAvucaCON Rnsen 06//9 Anen [isovi sls 6ardeien 08488915124 645i66996 SCuileia 1 1 1 4t MINAS GERAIS,29,0,0
aug_cnh_631.jpg,169.0,287.0,149.0,149.0,12.24,100.0,35.27,3.14,2,158.33,166.67,9.67,"REPÚBLICA FEDERATIVA DO BRASIL ministeRio Dos TRANSPORTES BR S EC RETARia Naciona L DE TRANSito carteiranacIonal DE HaBILITAçÃO / DRIVERLICENSE / PERMISO DE CONDUCCIÓN Nomee SobRENoME KABIUTAÇAO SophieSilveira Daia localeuf denascimenio 24/08/1965 Vasconcelos de GoidA Daiaevissac oalidadg 04/01/2017 02/01/2027 1 DoCioeNDADEHorgevissor(UE 38.665.826 - DETRAN Ad CPF Neragistpo e 1 529.137.406-34 28724473916 NACIONALDADE BRASILEIRO(A) FILIAÇIO 1 | Noah Freitas Ana Livia Teixeira 1 Yuoo assinauradoporiador ACC E Ee 5 5 OBSERVAÇOES ASSINADO DIGITALMENTE ogpariangmioesiADUA Ipsuo LOCAL 43364407081 | BELO HORIZONTE, MG MG681606770 MINAS GERAIS",83,0,0
aug_cnh_632.jpg,26.0,18.0,96.0,96.0,8.22,30.57,5.84,3.73,2,238.0,234.67,16.33,"0 1 "" 1 [ 1 8 | 1 1 1 1 2 8 1 8; 1 8 < 1 5 | 8 ; 1 8 f { 11 2: 1 1 I 88 1 8 p 5 I 1 | 1 1 1 g [",46,0,0
aug_cnh_633.jpg,172.0,291.0,142.0,142.0,7.12,73.85,21.13,1.59,0,230.0,230.67,228.67,REPÚBLica FEDERATIva Do BRASIL iStfpio Dos Transportes BR SecRETARYA Nacional DE TRansito CarTEIRA NACIONAL DEHABILTAÇÃO / DRIVER LICENSE / PerMISO DE coNDUCcIÓn Agatha Borges 17/04/1991 Duarte 15/11/2020 [13/11/2030 [19.951.830-SPC 1 [904.516.758 - 80283245137 BRASILEIROCA} 1 1 Joao Oliveira Larissa Vasconcelos ! [ Sodk | bllOHORTZONILMC MINAS GERAIS,47,0,0
aug_cnh_634.jpg,872.0,563.0,94.0,94.0,4.37,13.87,2.49,2.73,0,232.33,232.0,236.0,Valida Ena Iodo 0 Ierr!tawio Kacional 2952662900 2952662900 6 : 1 1 1 MFER 1 KHhikiu 1 | 1,19,0,0
aug_cnh_635.jpg,176.0,289.0,138.0,138.0,11.19,66.8,25.36,4.9,0,153.67,156.67,161.0,1 OInnn rRss,3,0,0
aug_cnh_636.jpg,,,,,7.1,81.98,1.58,18.71,2,223.33,229.67,25.0,"SIVà39 SVNIW o8oo9s9esw 9w J1nozidoh 01f) 1 OuskYHL IynayIs} OlMJWYIYYdJO ainzkiyuoia QayniSSY 5302YA83590 BOOYIBOa O0 YunlYNISSY sDIQ DUDH 1 Seaiv oung Coanasvaa 1 1 JoyonykoDyn 8598597I9S7 08-069*IZLStS 1 0yM 1Vo 0d151938 * $ 9d) Ps a9uIl / -958*288*L9 / HoSsIn] J*0 aoyauvaqiooa 27 9zoz/v0/ LO 9i0z/v0/60 1 JOrdI IYA 9r OrssInafyo € neJqy 1461/80/90 OiNJnijsyk g0inno1yivo SDbJDA oJopoeyl Oysvinidyh , JMONJygos ) JHoN ! 37 N9I))70N0230 OSI//*3d /35N7217 *3//*0 / OvjYL/7qyH 30 7YNOIYN YNlJLYY) OLiSnya1 J0 7vnoijvn Viay17a)]s s31àOdSNvd1 soa oid]1siniw &8 7iSVà9 00 VAIlVdJ0] Voiaod3à ~obaon",87,0,0
aug_cnh_637.jpg,,,,,6.31,50.27,1.95,31.4,0,159.0,165.0,208.67,; 5 5 1 1 401)3R0nQ) 30 05113à {2547 {3AaQ 1307noinyan,11,0,0
aug_cnh_638.jpg,171.0,291.0,144.0,144.0,3.51,79.4,14.62,0.01,1,253.0,248.33,253.67,"REPÚBLICA FEDERATIVA Do BRASIL ministeRio Dos TRanSPORTES BR SECRETARia Nacional DE TRansito carteira nacional de habilitaçio / druver license / permiso De ConducciÓn 1nohe { {obainone Kadinitacao Joao Pedro Moraes DAIA [C{al ! Uf De Yascimeuto 17/12/2002 da Cruz Gronde Dataeuissac Vlel 18/10/2018 15/10/2028 1 DoCoenudede ORG EWISSOR / UE 61.649.361-1 PC 4 Pegistpo nnab 1 741.530.982-05 35946512559 Naciouguidade BRASILEIROGA ) Filiacho : 1 Ravi Lucca Teixeira 5 Eloah Camara 1 Je Jaae YodeMorou Assiyaiuna Do poriacor 2 OBSERVAÇÔES Sssiuaoo Dicitalmenie Ueplhnusln hAu 4364u/ux1 VXA 1 BELO HORIZONTE, MG ue 6Oo77o MINAS GERAIS",93,0,0
aug_cnh_639.jpg,874.0,557.0,89.0,89.0,7.46,28.52,3.38,3.88,0,227.67,229.0,227.0,YrLIBA Era {0d8 @ Territorio #Rcional 2952662900 2952662900 hlulhp@p 1 1 1 [ | 1 meR 1 1 1 7 !,21,0,0
aug_cnh_640.jpg,57.0,77.0,93.0,93.0,5.38,18.55,2.95,3.74,1,238.33,245.67,159.67,1 1 1 1 g} 2  ?  1 14 In 2 9 1 6 5: 2 3 2 1 2 1 2 1 { 0062992562 0062992562 iymoivk oivovuyal 0 Oool va voniya,32,0,0
aug_cnh_641.jpg,181.0,253.0,155.0,155.0,3.79,64.77,37.71,0.0,1,242.33,239.33,160.67,Republica Federativk Beasil BR 37e2i0 dos [848rpo5tes Secreirtervo Cional dEIaasiro CaErnIMLoEHEioGo DarII EEIED IECINUCOC 8eCcalc 2/nz/ 947 Varcorcae ss/c/eu 12/03i22 282423ek V 2 421132ue4 24282 Bsuro) 1 1 Daflaz Mace va Bnaole % 1 Poal ; Do,37,0,0
aug_cnh_642.jpg,,,,,6.45,20.31,6.97,4.72,0,221.67,222.33,222.0,Valioa EM 7udo 0 Territorio MACIOMAL 2952662900 2952662900 {ª Jlphphbk 5 1 5 1 0 1} FRER | < 1 8 2 8 Hkikp  | 3 7 1 1,29,0,0
aug_cnh_643.jpg,174.0,314.0,171.0,171.0,9.0,78.05,45.03,0.28,2,238.33,236.67,15.0,FEDERATIvA Do BRASIL REPÚBLICA Dos TranspoRTES MenisRer'QaronrAdE TRansito SECRETARIA 'HABILITAÇÃO / DRIVER LICENSE / PERHISO DE CON carteira nACIONAL De | [NOME E SOBRENOME Gabrielly Fonseco FufDe Nascimento DAIA loCa RO 08/11/1948 Costa das Flores 46 ValipaDE DaIA {VISSAO 01 1/07/2031 03/07/2021 4C DOC IDENTIDADE / ORC EVISSOR / UE 1 51.388.551-2SSP MA 5n* Registro 249.651.708-49 49244943955 1 BRASILEARO(N) FILAÇAO f 1 Anthony Gobriel Teixeira Moya Silva 1 Jonsco ASSINATURA DO PORIADOR ACC Cie Die 12 OBSERVAÇOES 9 CPe,79,0,0
aug_cnh_644.jpg,171.0,291.0,143.0,143.0,7.7,81.98,18.49,1.82,2,238.67,248.67,12.67,"REPÚBLICA FEDERATIVA Do BRASIL ministerio Dos TRANSPORTES BR SECRETARia Nacional DE TRAnSito carteira nacional de Habilitaçio / DRIVERLICENSE / PERMISO DE ConDUCCIÓN Nomee SoBReNOME HABILTAÇ^O lan Abreu Daia Localeufdenascimevio 18/12/1953 Nunes DaiAeuissac Validade 14/03/2023 1/03/2033 1 DOC [DENTIDADE / ORGeVissor / Ue 92.615.101-9PC NPEGistpo e 1 654.908.127-02 19432499897 NaciohalidaADE BRASILEIRO(A) FiLIAÇAO 1 1 Jose Miguel Abreu Agatha Nascimento 1 av Uneu Assiyatura Do poriador ACC E Ee OBSERVAÇOES AssinaADO DICITALMENTE DePaRIAMENIO {SIADUAl IRasuo LOCAL 4336+407081 1 BELO HORIZONTE, MG MG681606770 MINAS GERAIS d CPY",84,0,0
aug_cnh_645.jpg,435.0,634.0,123.0,123.0,7.0,73.98,1.56,21.56,0,230.0,230.33,228.33,SIVà39 SVNIW 080909992} 14oa4aio1 | Znjo DP Ddn] 1 Oudissoo Uduph 95v1/921629 2 Il 4419-6+4*168*0s {soz/10/ L0 {z0z/10/01 odwd) OP SDBJDA 5861 /ro/v! oudissd) jenbim Jnyuy N9I22/0N0) 30 0SI*3d / 75N7217 *3A180 / ovJvi/gyh 30 7HNOIYN VUIJLYy) 011547a1 J0 7vnoiova 714v134jas SiLy045Nya1 500 Oi4J451n1m 83 usva8 0g Vai1ya1o31 voi78a3u,49,0,0
aug_cnh_646.jpg,168.0,352.0,175.0,175.0,6.09,70.87,46.66,0.03,1,252.67,242.0,38.67,"REPÚBLICA FEDERATIVA DO BRASIL Ministerio Dos Transportes BR SecrETaria nacional de transito Carteramaceowaldehhbwhgio/orweruceuse/perwsodeconouccuón 2inomee sobf[nowe [Nicolos Melo Kabilitakao Daia Acxa { Uf De rascimenyo 06/10/1966   Silva Alegre RN Date {Vissad 46 Velipade ; 09/01/2022 07/01/2032 DO idikTIDADE / ORG {VIssor / Uf 97.179.902-JIIRGD AC 4d [P: 1 103.269,478-50 29424555930 {at bad ; [BRASILEIROGA) : FiliacA0 Diego Abreu 2 1 ; Isadora Cunha Micolas Mdlo Assiratura Doportedor 12 OBservacces",68,0,0
aug_cnh_647.jpg,174.0,292.0,137.0,137.0,8.25,81.98,18.49,1.82,2,238.67,248.67,14.0,"REPÚBLICA FEDERATIVA Do BRASIL ministerio Dos TRANSPORTES BR SECRETARia Nacional DE TRAnSito carteira nacional de Habilitaçio / DRIVERLICENSE / PERMISO DE ConDUCCIÓN Nomee SoBReNOME HABILTAÇ^O Joao Felipe Souza Daia Localeufdenascimevio 05/11/1983 Garcia Daiaevissac VAlidade 09/12/2020 07/12/2030 1 DOC [DENTIDADE / ORGeVissor / Ue 49.885.757-SIFP N? REGISTRO e 398.561.470-93 23324721304 1 NacionAlIDADE BRASILEIRO(A) FiLIAÇAO 1 1 Benjamin Barbosa Fernanda Nascimento 1 Joao AssinaiuraDo PoriaDoR ACC Ee OBSERVAÇOES AssinaADO DICITALMENTE DePaRIAMENIO {SIADUAl IRasuo LOCAL 4336+407081 1 BELO HORIZONTE, MG MG681606770 MINAS GERAIS d CPY Jane",83,0,0
aug_cnh_648.jpg,873.0,558.0,95.0,95.0,4.7,16.31,3.1,3.26,1,209.67,219.0,156.0,Valida ZM Jodo 0 Ilanitonio acional 2952662900 2952662900 5 8 9 8 8 H { 9 U 4 FER 1 8 1 8 [ 1 2 | 8 1 7 7 1 0,33,0,0
aug_cnh_649.jpg,874.0,557.0,91.0,91.0,7.78,39.65,3.74,4.24,2,238.67,247.67,13.67,"Valida EM Todo 0 TerritÓrio MACIONAL 2952662900 2952662900 1 1 7 1 H 1 1 2 1 1 7D 8; ; H :, ; 1 U 8 |  5 2 H 9 , 1 8 9 5 1 1 7 1 | { II | 5 1 L 5 1 1",51,0,0
aug_cnh_650.jpg,,,,,2.62,17.77,2.01,1.29,0,238.33,241.0,218.0,5 2952662900 6 { p [ 8 2 H 1 1 1 1 g 1 1 1 1 1 g 1 8 1 1 1 1,26,0,0
aug_cnh_651.jpg,172.0,293.0,141.0,141.0,8.77,82.25,18.73,2.08,2,252.67,248.33,7.67,"REPÚBLICA FEDERATIVA Do BRASIL inistERio Dos TRANSPORTES BR 5 ECRETARia Nacional DE TRAnSito carteira nacional de Habiltaçio / DRIVERLICENSE / PERMISO DE ConDUCCIÓN nome [ SobRenoME Madivitacao Ana Carolina Fonseca DAIA [Ocnl { Uf De Nascimenio 15/05/1975 Lima da Serra Daiaevissac Validade 02/01/2023 30/12/2032 1 DoCioeniDADEHorgevissor (U 31.653.338~ SSSP Ad GPC NPegistpo e 1 276.183.945-55 17023508386 Naciohevidade BRASILEIRO(A) FILIAÇAO : 1 Luiz  Felipe Aragao 3 Maria Cecilia Campos 1 Bonshine Assinaiurado poriador ACC Ee 5 2 E OBSERVAÇÔES Assinado DICITALMENTE VaPAkoun Ipsuo LOCAL 43361107081 1 BELO HORIZONTE, MG Mo81 606770 MINAS GERAIS",92,0,0
aug_cnh_652.jpg,874.0,557.0,91.0,91.0,8.05,39.65,3.74,4.24,2,238.67,248.67,145.67,"Valida EM Todo 0 TerritÓrio MACIONAL 2952662900 2952662900 0 ; 1 1 1 { 1 JIn 1 2 1 g 9 4 H :, ; M TH | Hi 5 2 H ; 1 8 { 8 1 7 1 9 1 1 II | 1 L 5 5",49,0,0
aug_cnh_653.jpg,175.0,293.0,137.0,137.0,5.55,56.91,16.3,1.17,0,229.0,229.67,235.0,"REPuBLICA FEdERativa Do BRASIL Nst6Ri0 0o #SfORVes SEcretaaia NaCeonar dr TRaw: Carteira NaCIonal De habilffacio / driverzicense / perMso De conduCciÓn ESrlo: Mirellu Gomes {02/02/1980 Corraia da Prala {25/08/2022 {26/08/2032 81.896.190-2IPF {506.714.328-26 75877834175 1 E= 1 Sr, Lutz Henrlque Siqueire | Sriren da Costa 1 1 | MINAS GERAIS",49,0,0
aug_cnh_654.jpg,173.0,293.0,139.0,139.0,7.61,81.98,18.49,1.82,2,238.33,248.0,13.67,"REPÚBLICA FEDERATIVA Do BRASIL ministerio Dos TRANSPORTES BR SECRETARia Nacional DE TRAnSito carteira nacional de Habilitaçio / DRIVERLICENSE / PERMISO DE ConDUCCIÓN Nomee SoBReNOME HABILTAÇ^O Gabriel Arogao Daia Localeufdenascimevio 27/12/1944 Conceicao Daiaeuissac VAlidade 04/11/2018 01/11/2028 1 DoCioenDADEhorgenissor (UE 15.399.220-7 SSP Ad @PC N? REGISTRO e 963.148.527-73 93809884470 1 NacionAlIDADE BRASILEIRO(A) FiLIAÇAO 1 1 Benicio Cirino Luizo Ribeiro 1 Sabricl Assiyatura Do poriADOR ACC E Ee OBSERVAÇOES AssinaADO DICITALMENTE DePaRIAMENIO {SIADUAl IRasuo LOCAL 4336+407081 1 BELO HORIZONTE, MG MG681606770 MINAS GERAIS Araqas",81,0,0
aug_cnh_655.jpg,461.0,650.0,134.0,134.0,5.17,71.54,0.89,28.42,0,238.33,239.67,148.67,"0l/909i899w ibolovtdeer Jnozimoh 0178 @usMM J0 WnOYIS? QiWàmvnxya3g 1)o1 Jinai7+11910 Ooymissy 1 53qoyadi5eo 2i0 JY dOOvIcOd O0YenlYNISSY 1 obJdwd) Dun8 5 D809408 JpoJ09] | ' (odizlisvaa JOYO/IYkOIDYN 1 7o-178' = '56S {LISYLOILLO 14) 041579J02N BYM 1Y) WV QS*Il !-097' 188*L9 1 [989 / 30YQIMJOI >00 an / MOsSIM? 7soz/90/z0) zzoz/90/s0] Hiro 0 JardITrA [ J"" 9w Dioud Dp Diiopid?  1861/zoiE DpJDnpJ QLMJWIDSYN 30 DJDUD? J7/0n1 87 7x2aha / ovtyungvh ?0 J0 10 109 Ossin) /zo/v1 Jnon Jubos ' 'YYIJLYY) 7YNOI?M | orovinidym  /35N7217 IOSIWY3d/ 9i))n0n0)= V1av11421s 7noijvn oid]1Siniw",88,0,0
aug_cnh_656.jpg,75.0,15.0,104.0,104.0,12.98,23.34,11.04,4.75,2,180.33,175.0,7.67,"2 ª 8 YI 8 "" 2 8 5 2 g ? 8 8 22 : 5 8 2 ~ 8 1 ; 1 1 1 1 | 1 1 [ 1 1 1 1 1 1 1 9 | 1 2 I 1 | | @ 1 1 2 1 1 1 2 1 { 2 1 { 8 1 { { 2 5 | 1 1 1 1 1 1 1 0062992 7997562",75,0,0
aug_cnh_657.jpg,63.0,983.0,33.0,33.0,5.5,47.56,27.18,0.35,0,216.0,218.33,220.0,"Republica 5 RaSir GESEIRAMACOME tE HBinçiCimBnatIEISEIRBHSoUE [72722 d2 Frats 522 JE2 {is3i9 Es 565779 [[2229} 1 5 Maria Liz 41 Ez 4 5 222 5 5 5 29 2 5 ; 08 ""xito [s91nSuios Hendee SDrIRAN [791824 Aimaldo Duone #sa0 Yale",41,0,0
aug_cnh_658.jpg,,,,,7.63,25.88,3.46,3.93,0,224.0,225.67,225.0,UatJuk TMf (edo 0 Ilhaitoro macioxhi 2952662900 2952662900 Julshekak 1 1 Hhkhrh [,13,0,0
aug_cnh_659.jpg,874.0,559.0,91.0,91.0,8.65,29.69,4.01,4.55,0,226.67,228.33,226.33,Valida Er Todo 0 TEAnitonio Hacioxal 2952662900 2952662900 P1p F 1 1 1 8 1 FFER | ; 1 [ 7,21,0,0
aug_cnh_660.jpg,,,,,3.16,74.93,0.0,13.51,1,253.67,248.0,253.67,SIVà39 SVNIW 04909i89on 21 'Jinoziaoh one) 1 [Rolottqeet QulskyM  Wngisioualyyehydan kzkukshl  53027n03580 Loozhoa 7nn8issy oDshudf Yoyr 1 seJld Klllw3 5 op$uo 1 ª (VJoxiauishaa Joyonykoijyk {1zSS8Z+9/8 11-+60*749*8i5 1 Qn 0a151976 94] Ps d4iz-026*{94*61  Hossny0 GoyqiioiJoo 9zoz/so/os 9ioz/v0/10 1 oyoirk Ossinaayo Ins OP o'nDJv 8661 /s0/81 Oikanijsyk J0 iniwjo1 yivg oiodwDS 4DuDW Oyvitiiayu Jnoniygos Amor87 N9I))70N0) 30 OSIW*3d /35N7217 *7Al*0 / OvJYZIIgYH 30 TNOIYN YHIJLYY) OLisnya1 10 7ynoijvn Viay1]a)]s s31àOdSNvd1 soa oidj1siniw da USVd8 00 VAIlVdJ0JJ VJi78od]d Soldà,77,0,0
aug_cnh_661.jpg,61.0,75.0,89.0,89.0,4.45,12.5,3.14,2.97,1,223.33,231.0,158.67,0 1 1 9 1 1 8 A 1 2 1 H HII 1 8 8 3 3 9 1 9 9 6 0062992562 0062992562 Jnoisen 0ivoiiyb3i 0 0q0l Wn} Yoijya,31,0,0
aug_cnh_662.jpg,150.0,268.0,147.0,147.0,5.0,68.29,42.47,0.06,0,252.0,241.0,167.67,B Dos TRaNSP TRansito ministÉR1O sECRETaRi^ {LICENSE / PERMISO DE CONDE NACIONAL DE HABILTAÇÃO / DRIVERL Pariu CARTEIRA T NoME{ Dr. Jose Pedro Peixoto LoCA UFDe Mascimento AP DATA 05/02/1999 Moreiro ACC ValiQADE Evissko (13/09/2027 15/09/2017 4 DOC [DentidADE OrG SDissoR / M4G 10.256.529 8iiRGd CaT 5 M? ReGisTRO 4d (Ps 135.608.249-15 71705807605 NaciomalIDADE BRASILEIRO(A) Fillaçko Theo Pastor : 3 Julia Peixoto 1 Bue Buak ASSiNAiura Do Fortador ACC Die 12 ObservacOes AssinaDo DIGITALMENTE LoCA DepaRiAMEMTO Estadunl DE Transito] BELO HORIZONTE MG 43364107081 MG68i60o77o MINAS GEPA c B RASIL Do FEDERATIVA O RTEs REPÚBLICA DE NacionaL Koaptrove 0474 1 1 1 1,102,0,0
aug_cnh_663.jpg,172.0,291.0,142.0,142.0,6.59,61.25,19.1,1.51,0,227.0,228.33,226.67,"Repovliga FEdebativa 00 8 Ras11 ""ustrag 0os iraxsropr Srcert45! Nacio 0 0 7ans ito Carteira wacIonai de Habilitacio / driver License/ permiso deconducción Cavolcantl [s7n'Z*999 Casa Gronda [i7/02/2017 '[;/02/2027 {29.528.236 _ fIPF [s57.492.631-76 4692645773 @SEn 1 | [Josue Camaro Marcela Cavalcanti ! [ 1 MINAS GERAIS",46,0,0
aug_cnh_664.jpg,179.0,300.0,128.0,128.0,6.37,63.14,19.61,1.49,0,227.67,229.0,227.0,REPÚBLiCA FEDERATiVA Do 8 Rasil esTeRio 809 'Ansprrnesto Nacional Cartexra nacional de habilitacio / driver License / permiso oe ConduCcion Ana Corolina da Rocha {16/08/1950 Cunho de Rodrigses 02/08/2022 30/07/2032 {78.965.520-31FP {794.812.935 41124631888 1 {BRAsneRoe : 1 Jose_Migual Soüzo Srta. Maria Flor Woraes 1 [ | Hcwanu MINAS GERAIS,49,0,0
aug_cnh_665.jpg,22.0,68.0,129.0,129.0,10.3,22.95,6.66,14.34,0,220.67,222.67,222.0,4 0 ; 1 1 2 ; 1 8 J 1 2 | H4u | 9 1 1 2 1 1 9 Audiey,23,0,0
aug_cnh_666.jpg,141.0,253.0,159.0,159.0,14.15,80.08,46.66,2.95,2,158.33,161.67,13.33,TL D € DE DE 'HABILTAÇÃO/C 'LICENSE / Aylo Macodo ZoCALEuf De Nascimento BA Silveiro de Goias (24/04/2004 4b Valiqade 48 DaIA eViss4o 04/01/2029 (07/01/2019 Ac DOC IDENIIDADE Org EVISSOR / Uf 1 81.919.495-9IPF Go ad GPe 5 N? registro [763.014.852-62 93419216315 1 NAcIONALIDADE BRASILEIRO(A) ; 1 Dr: Agor Farias 3 [Carolina Farias Macede AssinaiUaa Do PoriADOR ACC Cie 01e 1 LOCA MG REPÚB LICA TRNs7  1R ANs / 1o Dos MinisTeR10 NACiona 1 S lCretAR1a 'PERMISO ! 1 'DRIVER) INACIONAL L CARTEIRAF {obrenove Nouef Oaia 1 Obskkvagoes Belo MORIZONIE,90,0,0
aug_cnh_667.jpg,872.0,554.0,95.0,95.0,11.11,45.21,5.46,6.32,2,215.0,226.67,5.67,Valida EM Todo 0 TerritÓrio MAcioNAL 2952662900 2952662900 { 1 1 | [ IIn | 2 1 2 7 5 ; IH UI 4 [ER 1 | 1 1 ; 1 | 1 1 5 28 1 20 1 1 ili 2 II | 5 1 L 95,48,0,0
aug_cnh_668.jpg,195.0,257.0,99.0,99.0,5.92,81.98,17.88,0.42,2,241.33,246.67,37.0,REPÚBLICA FEDERATIVA Do BRASIL ministerio Dos TRANSPORTES BR SECRETARia Nacional DE TRansito carteira nacional de habilitaçio / DRIVERLICENSE / PERMISO DE ConDUCCIÓn Nomee SoBReNOME Madivitacao Ester Nogueira DAIA [Ocal f Uf De Nascimenio 06/09/1956 Ramos de Goias MG Daiaeuissac Validade 10/04/2023 07/04/2033 1 DOC IDENIIDADE / ORG eWissor / UF 20.724.833-2IPF 4d CPF NPREGISTRO e 092.781.346-78 31081292248 1 NaciohalIDADE BRASILEIRO(A) FiLIAÇAO 1 1 Pedro da Conceicao Agatha Siqueira 1 ler Moqueira AssinaiuraDo poriador ACC 5e OBSERVAÇOES AssinaDO DICITALMENTE ; DePaRIAMENIO {SIADUal IRasuo LOCAL 43361407081 BELO HORIZONTE; MG MG681606770 ' MINAS GERAIS Jooo,92,0,0
aug_cnh_669.jpg,172.0,315.0,160.0,160.0,5.03,58.81,17.17,0.63,0,161.0,208.33,160.0,"#Eavuce  CHTERSAICISAL DE Holliacko {HRtiCeNi {PEEXSODE CAtatcIog {s@w5i Loiosils Jaae Eeinns JEii22 5id E2 41735 1 52 15 2 224 5 2 5 ; ""1884 Ezoe",26,0,0
aug_cnh_670.jpg,59.0,76.0,93.0,93.0,6.08,25.98,3.47,3.74,2,248.33,252.33,160.0,11 1 1 1 1   Il 1 8 1 1 1 8 1 8 H 5 1 1 88 1 9 8 1 ; 1 p 2 2 3 # |  g 8  9 : 9 ; 1 0062992562 0062992562 Ivnoijvk oiuoliuu3l 0 0001 WJ VOIJVA,46,0,0
aug_cnh_671.jpg,178.0,297.0,129.0,129.0,6.14,81.71,18.55,1.18,2,238.33,247.33,163.67,"REPÚBLICA FEDERATIVA Do BRASIL iisterio Dos Transportes BR Secretaria Hacional de Transito CArTEraNACIONAL DE HAbiutaçio / DRIVER LICENSE / PERMISO DE CONDUCCIÓN 20 Sra- Isis Siqueiro Vogacascao 25/04/1957 8 Conceicoo 0o Cobuo 22/08/2020 20/08/2030 EeSE 86-296384-SdeirAx Lal Ce 180.629.547-49 85256432595 1 BRASILEIRO(A) 1 1 Atnur Miguel Siveiro 2 Bruno Correio 1 Jcrae Fdeoerag 22 52 2 s@ ""oaaave VoEoains 1 83334607091 1 BElO HORDOMIEVG VCssicosro MINAS GERAIS",67,0,0
aug_cnh_672.jpg,180.0,268.0,172.0,172.0,5.91,60.98,20.94,1.88,0,160.33,158.0,164.67,"CRISGAXACIORAL BE HnàTACAO ? {RtvER LCENSEE PERMISO Di {sea5 [oeaat8 [szszaz Je2 62 (2922""2 522255 Ii 2 (2 Honn 4ng 1 MINAS GLRA{S",23,0,0
aug_cnh_673.jpg,175.0,296.0,133.0,133.0,4.55,81.71,17.19,0.04,1,253.33,248.33,43.33,"REPÚBLICA FEDERATIVA Do BRASIL ministeRio Dos TRANSPORTES BR S ECRETARia Nacional DE TRansito carteira nacional de habilitaçio / druver license / permiso De ConducciÓn NoNe Sobrinong Fadintacao Cecilia Ferreiro Daia[cCa{uf De Nacinenio 23/09/1985 Alves Verde Daiaeuissac Yalidadl 09/05/2016 07/05/2026 1 DoCioenudads ORgevissok / Ml 80.747.641-7 DETRAN Ad CPC Pegistpo o 725.014.869-94 64477564165 1 Nacioyalidade BRASILEIRO(A ) FiLIAÇAo : 1 saac Costa 5 Isabel Gorcia 1 Becilia Serneina Assiyaiura Do poriacor 22 OBSERVAÇÔES assiaoo Dicitalmenie UePhnueusui hAu 4364uu81 VXA 1 BELO HORIZONTE, MG u€ 60o77o MINAS GERAIS",86,0,0
aug_cnh_674.jpg,,,,,4.13,36.31,1.14,11.84,0,210.0,212.0,213.33,Q{or 1 # 1 DafenbiS Kududais oudisso) BJpudxely | Toainsv2{ '18r*659 {oqJon '0 05ii8id; 16-LSZ {OY6SOSLLZB dsi0-LSr*888; 8103/63/1z 8zoz/60/81 | 1861/90/+z eudpo ienbin Hov)vz7gyh 30 7nOD YailxY) 1/25N7217 &7A/80 /,30,0,0
aug_cnh_675.jpg,171.0,292.0,143.0,143.0,6.2,58.13,17.84,1.54,0,226.0,227.67,235.67,"Republica {Edlbativa Do Bras15 02 tarteara NacFowal Dehabiitacao brheR LCENSE / Perhnso De conercetgn Lsupogny_Mandonsg {22/214192 {78722J{/i22s E26,5 {2s6. 053.718 056!2707136 {sa | Iyuri Fachaco Calaríra 1 5 | MINAS GERAIS Vinlro",32,0,0
aug_cnh_676.jpg,871.0,559.0,94.0,94.0,7.08,23.73,3.57,4.0,0,228.33,229.67,227.33,Kalida ERa Tubo 0 Teraitorio Hacloral 2952662900 2952662900 5 1 1 1 1 AFAER { 1 Mn 1 7 5,20,0,0
aug_cnh_677.jpg,923.0,629.0,87.0,87.0,8.93,30.27,6.05,2.7,2,238.33,240.67,16.33,"valida EM Todo 0 ) TeRAITÓRIO HACIONAL 2952662900 : 1 { 1 1 0: 1 H 1 1 6 1 2 { 9 { "" 0 1 8 1 1 1 1 1 : 9 1 1 ! 2 1 8 ; 1 1 81 1 2 | 1 ; 1 1 1 Ik 0 1 1 00 662900 2952 { 1",62,0,0
aug_cnh_678.jpg,174.0,293.0,141.0,141.0,7.67,66.12,21.88,1.75,0,218.33,221.0,221.33,"REPURLlCA FlOERATEVA Do BRASIL Eteeo 8os T 3sp8rteito Ba SECre Von4: Carteira nacional De habiuitacio / Driver License /perhiso de covduccion [Lnia Rlos {02/09/1969 Cunho {23701/2020 {20/01 /2030 {77,550.845-8HRGD {23.658.947_38 93045349593 [e | Ravy Albuquerquo Isadora da Cruz @ [ | MINAS GERAIS Plres",44,0,0
aug_cnh_679.jpg,174.0,266.0,210.0,210.0,8.33,74.12,55.15,0.12,2,237.33,234.67,218.0,REPÚBE'SAFEDERAT'YA Do 5ECRETART^ Do s TRANSPoRTE NaCionaL DE TRAN CARTEIRA NACIONAL DE HABILITAÇÃO / DRIVER LICENS 2 € 1 NOMe E SobREnOME Agatha Moura 'DAIALoCAF Uf De Mascinento 07/03/1962 Teixeiro D4I4 {Missao 11/12/2023 08 / 46 DOC IDENIDADE ORG EvisSoR 32.418.366-9IIRGD 4d (P€ 278-930.564-10 NACIOVALIDADE BRASILEIRO(A) 1 Dr: Theo Vargos Julia Machado qalha Moura ASsinatuRA Do Portador ACC 01 B€ CE 81 €1e OE DiE 12 OBSERVACOES,67,0,0
aug_cnh_680.jpg,172.0,293.0,139.0,139.0,5.14,77.64,16.5,0.07,1,237.33,246.67,158.67,Fepuelica Floeyativ; Do ea8i1 iasos 9858ao BR  ronl0 Oihrnkinliephuikjoileni UenriVnksiecn(ok Ciniv | ; ; MInas GEpaiS,16,0,0
aug_cnh_681.jpg,177.0,292.0,134.0,134.0,5.25,53.12,16.43,1.04,0,222.33,224.33,224.33,CaEiao Woean }5r EIN Eqisucteooecinn ensn Le Lee 105/04/2572 Ld 22 12ss E 1 1 MINAS GERAIS,17,0,0
aug_cnh_682.jpg,169.0,289.0,150.0,150.0,7.48,60.84,18.5,1.53,0,226.67,228.33,226.33,Republica FedErativa Do BRaSil eeRloous 4528? 154 Carteira Nacional De habiutacho /DriveRLIcense; pepmiso De condueciewn Usadora ca Conceicao [15/22/4994 Pirnenta * Serra [28/02/20 6 {26/02/2028  LszzSE [s2.849 107_45 85062686577 [exasnuanow ! 1 Jpoo Pairo Macsdo ulla Farlas 1 1 5 | MINAS GERAIS,43,0,0
aug_cnh_683.jpg,,,,,0.12,3.22,0.32,0.01,0,252.33,241.33,241.67,Valida EM Todo 0 Territorio MACIONAL 62900 2952662900 2 ; 6 9 8 I| 4 8 9 1 1 1 1 1 { F 1 1 1 g 1 { 2 1 1 5 ; 1 4 8 1 1 1 1 1 1 1 1 1 1,48,0,0
aug_cnh_684.jpg,176.0,296.0,133.0,133.0,6.46,53.25,17.56,1.42,0,226.0,227.67,236.0,Repobura Feoerafiva 90 0Rasii Cartefraaacioral Dehabilifacad / Driver Ecense/ PerMiso De conducc}ox lz5er Aycononos {2/07/2004 Eiono {ao/os/305 {742339 9JiRgl {51805 987285 7 G222szacs423 [asasti Rcea 1 Iuusz Diovio Monlolce 8 Snd Marla Lulsar Kamc 3 1 | MINAS GERAIS,39,0,0
aug_cnh_685.jpg,175.0,297.0,135.0,135.0,7.73,81.98,18.49,1.82,2,238.67,248.0,14.0,"REPÚBLICA FEDERATIVA Do BRASIL ministerio Dos TRANSPORTES BR SECRETARia Nacional DE TRAnSito carteira nacional de Habilitaçio / DRIVERLICENSE / PERMISO DE ConDUCCIÓN NomeesobReNoME Mariutacao Bento Moreira Daia Localeufdenascimevio 01/10/1970 Sa de Goias DaiAevissac VAlidade 27/09/2020 25/09/2030 1 DOC [DENTIDADE / ORGeVissor / Ue 55.554.325-9PC N"" REGISTRO e 397.016.284-03 53201419718 1 NacionAlIDADE BRASILEIRO(A) FiLIAÇAO 1 1 Arthur Gabriel Leoo Luisa da Costa 1 enlo Vlorcira AssinaiuraDo PoriaDoR ACC Ee OBSERVAÇOES AssinaADO DICITALMENTE DePaRIAMENIO {SIADUAl IRasuo LOCAL 4336+407081 1 BELO HORIZONTE, MG MG681606770 MINAS GERAIS d CPY",85,0,0
aug_cnh_686.jpg,,,,,4.83,76.02,0.46,16.3,1,247.33,250.33,173.33,SiVn79 SVNIW Iepmnimikyi nivamiviain 1 MMmng Pp #Mia Mhiekici Memi 887 efothi0] 1 941a 108y002 Mioe/on/or Pneaeev 19a1/nnr Miicia WeipichCi Noiduonod 0 @SHYY7u /7sn7d77 87NY0 /oysyuuoyh J0 7noidinWnitiny) 88,29,0,0
aug_cnh_687.jpg,180.0,302.0,128.0,128.0,2.36,38.08,7.8,0.17,0,234.0,234.0,236.33,"Repoblica Federativa Do Brasil Fr8 508 ""285p9rtito 02 Hacoher de CapTEips Kaciomai De habutacao } Dpwer Licesse { Perwso De COND{CCiÓx Dr Moch ac Cul {22/03/1953 87ey496 {21/08/2025 {1s/t/1030 50,529-20{~soctfan {574.224 , 353 - 98872565884 ; 1 Cauw Houen Ruqusi Caste 1 MINAS GERAIS",44,0,0
aug_cnh_688.jpg,151.0,324.0,154.0,154.0,11.89,83.6,27.52,2.57,2,192.33,200.67,6.67,REPÚBLICA FEDERATIVA DO BRASIL MinisteR1o Dos TRansPORTES BR SECRETARia Nacional DE TRansito carteiranacional de Habilitaçio / DRIvER LICENSE / PerHISO DE CoNDUCCIÓN SOBRENOVE Habiliac^o Diogo da Poz Jdaia [OCl { Uf De Nascimenio 09/11/1984 Fornandos do Norto AP DatA [VisSO 4b Valiqade 716/12/2017 14/12/2027 1 DOC IDeNTIDADE ORg (VisSOR /UF 897.489-6IIRGD AM 4d (PF KreGIsTRo Cai Hab 1 460.512.738-08 03259953772 NaciohauDADE BRASILEIRO(A) f 1 Valentim Moura 5 Lulso Vieiro 1 dP%r AssinaturaDo pobiADOR ACC 9e DIE OBserVAÇOES Assiyado DigitAlMENTE ; Departamewio {S[ADUn irnsJIO LOCA 43364407081 AAnarTT Kouee DifE,88,0,0
aug_cnh_689.jpg,866.0,554.0,103.0,103.0,11.79,36.43,5.43,6.16,0,154.0,157.0,160.67,HarhElYola dtantonnatun 2952662900 2952662900 42aa |,6,0,0
aug_cnh_690.jpg,186.0,305.0,136.0,136.0,5.75,53.93,31.64,0.29,0,220.0,221.33,221.33,"Do OPTE 26 det d0 Çunho {8/08/2025 {2s, '2033 {54.961,956-0Pc 5 [524169.783-73 H1 Dov da 1 5 2 25 8 REPuBliCA FeDERaTiva Monis;e 810 B rASil Dos SCrltarin aCionAl Transii0 carteira } nacional [ HAglLTAçiO / DrIER LicENSE / PerMISO De Conducciól (Sobrlel Covaiconl | 20/06/1957 /06/ 06787199384 BRaSILFTREIA) Lulz Yargor Emonuello Rcsa",53,0,0
aug_cnh_691.jpg,180.0,299.0,126.0,126.0,8.23,81.98,18.49,1.82,2,238.33,248.67,13.0,"REPÚBLICA FEDERATIVA Do BRASIL ministerio Dos TRANSPORTES BR S ECRETARia Nacional DE TRAnSito carteira nacional de Habilitaçio / DRIVERLICENSE / PERMISO DE ConDUCCIÓN Nomee SoBReNOME HABILTAÇ^O Bryan Almeida Daia [ocaleufdenascimevio 19/09 '2003 Cunha das Pedras DaiAeuissac VAlidade 12/09/2020 10/09/2030 1 DOC [DENTIDADE / ORGeissor / Ue 81.730.226 - IPF 4d [PF NPEGistpo e 946.157.230-16 60578446199 1 NacionAlIDADE BRASILEIRO(A) FiLIAÇAO 1 1 Arthur Gabriel Sales Melina Araujo 1 Ilmncida Assinaiurado poriador ACC E Ee OBSERVAÇOES AssinaADO DICITALMENTE DePaRIAMENIO {SIADUAl IRasuo LOCAL 4336+407081 1 BELO HORIZONTE, MG MG681606770 MINAS GERAIS",88,0,0
aug_cnh_692.jpg,163.0,278.0,151.0,151.0,6.22,72.22,40.14,0.83,0,221.0,222.0,222.0,"REpÚBLCa FederaTiva Do #raSil TERio nDs KanspgRIY B Tayia Naciona ""si70 Carteira aacional de habilitaçio7driver LiceNse f peRHISO De conouccion (Eolipe_Covaicante 09/07/1971 Fraitas_do Norta Go {21/06/2019 [{i8/06/2029 E 433.279-8FC {85.940.276-30 33601626+10 5 [Rsssaron 1 1 [ascarosoo ssendo Iene 3 1 @ 222 ;",43,0,0
aug_cnh_693.jpg,430.0,764.0,128.0,128.0,2.2,9.21,0.58,1.88,0,253.0,243.33,245.33,"9W 1201 ; 310 011g 1 P$ 8 5 ; 3ny uok] ; 1 57921*086 1 1o778z'6} NJ 920 Fiyo JordltrA Yiva € DS @dil?y ouod #P AniJiyk) [0178| ""JnoZimoh 0l909/8991 ibolottoeer Olwinyiyyd}0 Inoris)e olisw 'OOrNISSY nin1yli910 € '53057443580 nyvss 2007isoa ( BuduoW oioxiod (Yoxiusyua JOvanlyhODYv  Y6-ZyS"" OgsyyslzL8I 0415/918 Jds - GyhIJ  iOranw10I J00  7 ossin} 910z/z0/s0 9zoz/z0/z0 Orssina 1861/90/60 OpBAezV 00,11201 * oiminusyv Jnos JnovJafos",66,0,0
aug_cnh_694.jpg,167.0,285.0,153.0,153.0,6.85,65.72,19.85,1.46,0,228.0,229.33,227.0,REPÚBLICA FEDERATIVA Do BRASIL {rio Ou5 Tkanstorifs Narioka{ F8as40 Carteira xachonal de Habilitaçio / Driver LICeMSE} permso de ConducciÓn : {vinicius Moura {09/06/1953 das Nevos dos Dourbdos {;8709/2024 716/09/2034 [1.2o5.844- Pc 1 [859.041- 723-97 87707016471 {CRAshEroçA 1 | Thsodoro Alves Monuella Cassiano 1 [ | MINAS GERAIS,47,0,0
aug_cnh_695.jpg,61.0,77.0,89.0,89.0,7.07,39.16,4.13,3.94,2,238.67,248.67,162.0,"1 1 7 1 '   II < 8 ' 1 1 1 "" 8 ; 1 1 I/ | 1 1 ' 2 1 1 88 | 9 8 HI p 2 8 3 N ; 1 1 1 ; 1 0062992562 0062992562 Ivnoijvk oiuoliuu3l 0 0001 WJ VOIJVA 1 1",51,0,0
aug_cnh_696.jpg,139.0,240.0,175.0,175.0,8.66,70.33,43.57,1.06,2,238.0,238.33,23.67,~minica Wniste FEDERATIVA Do R'o Dos TraNS B RASIL nacional dePrRnESto CaRTEIRA } DE 2 6 NoME€ sobReNOME 'HABILITAÇiO / DRiER UICENSE/  DE CONDUCC HaBiUTACiO DAIA LOCM NasciMento do Cunha MT OAi4 [ [Missao 31 1/07/2016 ValIQADE (29/07/2026 ACC [aas1 Doc IDENTIDADE 4 ORG EmisSOR / UF 225-8IFP PE 4d (Pe [067.213.548-53 02393237501 CathaB NACIOMAUIDADE 1 Joao 52 Olivia Sennand Assinatura Do Poriador ACC Cie Die ObseRvACOES ; Damaassiooogiunnomn Loc inavsiIO BELo HORVONTE 4330 8407081 SECRETaRia BR PoRTEs NACIONALE PERMISO D Ano Liz Fernondes eue 20/11/1995 ReGISIRO Pinto Pinto,89,0,0
aug_cnh_697.jpg,173.0,291.0,140.0,140.0,10.18,100.0,34.54,2.31,2,247.0,248.67,5.0,"REPÚBLICA FEDERATIVA Do BRASIL inisteRio Dos TRANnSPoRTEs BR 5 ECRETARia Naciona L DE TRAnSito carteiranacional de Habilitaçio / DRIVERLICENSE / PERMISO DE ConDUCCIÓN Nomee SOBRENOME Madinitacao Isabela Vasconcelos Daia [ocaleuf denascimewio 02/11/1953 Santos de Garcia DaiAevissec Validade 09/02/2016 06/02/2026 1 DoCioeniiDADEhorgevissor(UE 46.680.218-1 SSP NePEGistpo es 021.584.769-58 1470808276 1 NacionAlIDADE BRASILEIRO(A) FILIAÇO : 1 Dr. Jooquim Garcia 3 Sra_ Allona da Paz 1 Uosconcale Assinaiurado poriador ACC E Ee E OBSERVAÇÔES AssinaDO DICITALMENTE DgpariangnioesiADuA Ipasuo LOCAL 4336+407081 1 BELO HORIZONTE, MG MG681606770 MINAS GERAIS d (Pi",85,0,0
aug_cnh_698.jpg,172.0,291.0,143.0,143.0,7.82,100.0,31.17,1.03,1,224.33,235.0,155.0,Kevunlica Vdlnativa Do Ukast Vaa Nava BR A 1anoi cartlira nacuonal de Habultacao /druver License / peRMiso de Conduccion De AnoailoAdoved  10/06/n000   Noguolru 02/07/9010 706/2026 Eye7n6i0 ( 407 Iinod 6a1 042700 022070/ PaenlialnilAb Ivabil Fivoa) 1 06 1009ueMozende 10daeeo Moeho IsiaiuA 80 9 801/006 1 Mllonounlmtemo Monaiono7n MINAS GERAIS,49,0,0
aug_cnh_699.jpg,172.0,292.0,143.0,143.0,5.77,78.86,17.17,0.84,2,237.67,245.67,154.67,"Reruvlica ( ldlrativa Do URast 770 86 70n1i BR AC On Vana carteiRanacional de habilitacko / driver License / permiso de Conduccion Momeecoonthome Deabilotakan Jullo Camarao (oemasgimemoo [20/01/1067 Coelelodog Dourod Valiuan 8/0n/2010 10/00/2020 Do6Que Heliuate / 0p 186687   30 412 028E}dcikan Mo 0iaibinn Fai Vaak 271486 006Eno 40111146107 Waai |owialinalde Dkariltikoca) Vitiagan 1 Pedro Miuel Coplelu Qabrlela Albuquerque Ceev Pbhehvacoks Ioaaonen Woiamml taniamiMioteoiaila( Iamsiiu im M 80 9 80/606 1 Mlionouvontt , MO Monaiono/in MINAS GERAIS",76,0,0
aug_cnh_700.jpg,561.0,648.0,62.0,62.0,2.94,18.97,0.64,3.15,1,238.0,241.0,167.67,"2w 1J01 212 ""OOYIno4 OQYhniynissy opoysow so1""6 Yoers Duliew 'DHS opuozoy ujuoluva OY3vi114 (vouiz7isvaa JoyO/7YkODYN ByM 1Y 69/Svozs1+9 88-825*678 0d1519}0X Ja) PY 8d NVYLJOS-685*+41*LY 4n / MOsSII ] 9*0 / JOYdI1n701 200 > vsoz /90/s0 vzoz/90/10 Jordiya 9r Orssin]viYO € Nà Ins OP sedo7 zooz/so/sz oikaniosynaman001viva SdiloJ 4dJDS DUS Oyoyinioyh , JNONJbbos ] Jnok ! 81 NOi2)n0N0)10 oSII*3d / 3SN32/7 *3A/*0 / OvJYLI7IªYH 30 7YNOIDYN YJIJLYY) irolovrocer Qushn InovIS} ouannnyana JNBH 771/910 OOYkISSY 'Jnozimon 0110 aia 5J02y437580  Lyo]",78,0,0
aug_cnh_701.jpg,171.0,289.0,144.0,144.0,3.57,78.05,15.69,0.0,1,251.67,244.67,161.67,republica Federativa Do BraSIl 1isteeio Dos Jransportes BR Seceeiaeia Wacional de Jeansi1o cariNOoNLDEhsiimcioidriierucns /prvisode conduicoion 09(un Carofine 98 Fa Ln acikeun 22/87/2997 Fenas 39/08/2912 /0s/292 GWu 47435374-eP VouE 1252248 788-71 89103496212 ; Lsilarou) 1 8 Calede 30*983 Mona Caroa23 1 ã 98 2 ! daeuuaiisut ; G73SA9IANIE VLOoLong Aeeno ; MINAS GERAIS,52,0,0
aug_cnh_702.jpg,146.0,337.0,168.0,168.0,8.56,83.2,22.07,0.83,2,238.0,239.33,16.33,REPÚBLICA FEDERATIVA Do BRASIL ministeRio Dos TRAnSPORTES BR SECRETARia nacional DE TRansito CaRTEIRANACIONAL DE HABILITAÇÃO / DRIVER LICENSE / PerMISO DE CONDUCC 2 0 Noneesobfenone HADIUTAÇAO Juliano Camorgo DAIA lOcn{uf De Nascimevio 1/08/1980 Camoro do Serro PA 4 DAIA [Viss4o Valirade ACC 19/03/2020 17/03/2030 & DOC IDenIIDADE / Org eVissor / Uf 45.708.141 =7IfP AP 4d CPe RegistRo CaThAB 169.430.852-98 89709682096 NAcIOMALIDADE BRASILEIRO(A) Filiacko : 1 Vitor Hugo Pachoco 3 Sarah Mendonco 1 Baoy Assinatura Do PoriADDR ACC Cie Die ObsERVAÇOES AssinaDO DigItALMENTE Departanlnio Estnouan De 7rsito ; 2S88s1o2o20 LOCAL OPVONIL Mg Dro-,93,0,0
aug_cnh_703.jpg,173.0,294.0,139.0,139.0,7.4,81.98,18.49,1.82,2,238.67,248.33,160.33,"REPÚBLICA FEDERATIVA Do BRASIL ministerio Dos TRANSPORTES BR S ECRETARia Nacional DE TRAnSito carteira nacional de Habilitaçio / DRIVERLICENSE / PERMISO DE ConDUCCIÓN Nomee SoBReNOME HABILTAÇ^O Dra. Ana Julia Peixoto Daia Localeufdenascimevio 30/07/2007 Pereira do Campo DaiAeuissac VAlidade 04/09/2019 01/09/2029 1 DoCioeniDADEhorgenissor(UE 91.916.272 - IIRGD NPegistpo e 549.731.628- 70879625757 1 NacionAlIDADE BRASILEIRO(A) FiLIAÇAO 1 1 Benjamin das Neves Srta Evelyn Borges 1 Ane Juhe Jatok AssinaiuraDo PoriaDoR ACC Ee OBSERVAÇOES AssinaADO DICITALMENTE DePaRIAMENIO {SIADUAl IRasuo LOCAL 4336+407081 1 BELO HORIZONTE, MG MG681606770 MINAS GERAIS d CPY",86,0,0
aug_cnh_704.jpg,170.0,293.0,143.0,143.0,7.75,81.84,18.11,1.42,2,249.67,252.0,11.33,"REPÚBLICA FEDERATIVA Do BRASIL Viisterio Dos Transportes BR Secretaria Nacional de Transito CARTEIRANACIONAL DE HABILTIÇiO / DRIVER LICENSE / PERHISO DE CONDUCCIÓN 391in36 Ano [uizo vouio oA Eesavr 07/12/1967 Corokonte 23/01/2016 20/01/2026 32.632 277-{deirax ad 701.985462-11 04114458633 BRASILEIRO() 1 1 Calebe Norais Jode Souso 1 Yeteene K 52 1 2 22 Aucoan? ; oa s22s440208""| B{lO HORDOMIEVC 1Cs816oeno ' MINAS GERAIS o",62,0,0
aug_cnh_705.jpg,,,,,5.43,81.98,0.59,18.41,2,236.33,241.33,158.0,"SIVà39 SVNIW o8oo9r9esw 9w J1nozidoh 00f) | OuskYHL IynayLs} OIMJWYYIYYdJ0 inzkiyioia QoynISSY 53QjyAuasgo EOOiOa Ynnnisst DUDIA Duuueida 1 Dyun) DP 0041 SowiaTSvria 1 1 JoyonykOIYN 60SS7989tf 95-96+*LSO* 8Sz 1 OyM 1o 0d151938 * $ Ps Jdl$-06S*LSS*61 / OSSIM} I8Q / JOYOIinjoi Joa osoz/01 /zz ozoz/o1 /vz 1 orourA 01 OyssIn] Viy0 % Yd DiDJd DP dyun) DP St61/60/9z OiNJnijsyk g0ininolyivo snser Udn8 Oyovinidyh , JHONJugos ) JioN (8 N9I))70N0230 OSI//*3d /35N7217 *3//*0 / OvjYL/7IqyH J0 7YNOIYN YNlJLYY) OliSnya1 10 7ynoijvn Viay1]a)]s s31dOdSNvd1 soa oidj1siniw d8 7Sà9 00 VAIlVdJ0] Voi7aod3à",89,0,0
aug_cnh_706.jpg,178.0,300.0,130.0,130.0,2.94,39.84,9.73,0.49,0,234.0,234.67,236.67,"REPÚBLiCa FEDERativa Do BRASIL Stero Dos TRans 'Bs""rawssto BR SECReTARuA Nacional carteira NaCiOnal de habilitacio {driver LiCense / permiso de ConducciÓn Nathan Cassiano 17/c8/1989 Araujo (08/09/2035 1 {54.607.987-9PC 467.290.513-51 85604334168 1 #RASIL i 1 Vitor Costa Melina Aparecida 1 2 1 MINAS GERAIS (;a/09/2023",44,0,0
aug_cnh_707.jpg,156.0,249.0,184.0,184.0,6.82,62.06,39.81,0.7,0,221.33,222.33,222.0,"o d lieA FederAtiva 00 BrAS12 secha{steR' 0@ $ TransporTEs NaCionat dE Transito CarteiRA Nacional de  CHABILITAÇÃO { DRIER LCENSE [PerMISO DE CoA Forreire 23/07/2007 do Norte {22/02/2022 {e 250.629-6iPF 84 {462.175,5 49 80324746585 ; 1 Dr . 52 Rataslo Cunha mrsiro 5 1 53 52 2 2E ; {Esvoráe Lopes 1 {20/02/2032 1 098- ay 1",57,0,0
aug_cnh_708.jpg,,,,,6.52,57.32,1.54,18.28,0,226.33,227.67,235.67,S1VY39 SVnIW | Opo'puy DJilot Duos 'Oiuid pudIo 4586263128 sag | 1309-958*885 8Zol /co/fo 810z /s5/+0 enbenbnqry {551/Lo/s0 N942380N02 76 0578834/7582277 874480 Z ovsviruisyh 30 7ynoiJw yatiy) 45vae Afrydica Qun4,30,0,0
aug_cnh_709.jpg,180.0,301.0,127.0,127.0,6.16,53.66,17.59,1.55,0,226.0,227.67,236.0,Repoblic federativa Do Brasil 5Rio Fa CARTEIRA AENCONi BEHabiLIAco /OPHEr Uicense/ Pegwso becoxnuoctox {Dr otavio Carioso {22//95 Casslano @iers 1€87272925 @ss {5918549 97256155*00 | Olcvio kzexade 1 Ano Jufia Rodiijuo 1 [ | MINAS GERAIS G2e,36,0,0
aug_cnh_710.jpg,175.0,295.0,136.0,136.0,3.65,79.95,15.16,0.01,1,253.0,247.67,253.67,"REPÚBLICA FEDERATIVA Do BRASIL ministeRio Dos TRANSPORTES BR SECRETARia Nacional DE TRansito carteira nacional de habilitaçio / drhver license / permiso De ConducciÓn Nohe ( {obrinong Kadintacao Loreno Goncalves DAIA [C{al { Uf De Nascimenio 04/09 2004 Almeida do Oeste Daaeuissac Jld 24/11/2022 21/11/2032 1 DoCioenudede ORgevissok / U 31.380.879-8 DETRAN Ad CPC Pegistpo in 374.126.905 32573045237 1 Nacioualidade BRASILEIRO(A ) FIliacho 1 1 Jose Fogaca Allana Ramos 1 Yorena Soncabes Assiyaiura Do poriacor Ze OBSERVAÇOES SssiuacoDigitalmenie UsPhnueusuii hAu 4364u/u81 VXA 1 BELO HORIZONTE, MG u€ 60o77o MINAS GERAIS",89,0,0
aug_cnh_711.jpg,872.0,555.0,94.0,94.0,9.99,24.02,5.37,5.63,2,183.67,201.0,176.67,Valida EM Todo 0 Jearitorio Maciomal 2952662900 2952662900 { 1 [ 1 1 1 1 1 5 ' ; | 4 1 ; [ { JEER ' X 2 1 1 1 7 2 1 { 1 II 1 GJ 1,41,0,0
aug_cnh_712.jpg,60.0,77.0,92.0,92.0,3.15,7.62,2.88,2.91,1,251.33,228.33,41.33,25 1 2 2 2 1 0 1 9 1 G 1 1 = 1 1 4saurlr 006z99zs6z 0o6z99zs67,19,0,0
aug_cnh_713.jpg,,,,,7.98,81.98,1.84,18.96,2,238.67,247.0,13.33,"SIVà39 SVNIW o8oo9r9esw 9w J1nozidoh 01f) 1 OuskYuL IynayIs} OIMJWYIYYd)0 ainzkiyoia QoyniSSY 53024A83590 EOOYiOa 0aYnnissy 1 sdidJ Djnd] Dudh 5 Dsnos oped CoanaSvaa | 1 JoyonykOiyN OLI69+S9S8+ 9S-St4*650*89z 1 OYM 1Yd 04151938N d) Pe a9ui/0-69+*859*1 1 / HoSsIn] J*0 aoyauviqiooa 26 9z0z/10/91 910z/10/81 1 oroura 04 OrssInafiyo € J2 oJDdwy OP sulyDW {L61 /s0/60 OINJnijsyk g0inino1yivo Dwi7 @?1iv DuDh 'DJS Oysyiridyh , JNONJugos ) JKoN N9I))00N0230 OSI//*3d /35N7217 *3//*0 / OvjYL/7IqyH J0 7YNOIYN YNlJLYY) OLiSnya1 J0 7vnoijvn Viay1]a)]s s31dOdSNvd1 soa oid]1siniw &8 7iSVà9 00 VAIlVdJ0] VJiaod3à",86,0,0
aug_cnh_714.jpg,172.0,292.0,141.0,141.0,7.62,81.98,18.49,1.82,2,238.67,248.0,15.33,"REPÚBLICA FEDERATIVA Do BRASIL ministerio Dos TRANSPORTES BR S ECRETARia Nacional DE TRAnSito carteira nacional de Habilitaçio / DRIVERLICENSE / PERMISO DE ConDUCCIÓN Nomee SoBReNOME HABILTAÇ^O Dr. Arthur Miguel Garcia Daia [ocaleufdenascimevio 24/05/1988 Guerra Daiaevissac 46 Valipade 31/12/2019 28/12/2029 1 8( DOC IDENIIDADE / ORG evissor / UF 68.922.153-OSSP 4d [PF N? REGISTRO e 640.372.591-25 20886201959 1 NacionAlIDADE BRASILEIRO(A) FiLIAÇAO 1 1 Dr. Thiago Moraes Lunna Montenegro 1 MioudBurde Assiyatura Do poriador ACC 2 Ee OBSERVAÇOES AssinaADO DICITALMENTE DePaRIAMENIO {SIADUAl IRasuo LOCAL 4336+407081 1 BELO HORIZONTE, MG MG681606770 MINAS GERAIS",90,0,0
aug_cnh_715.jpg,168.0,287.0,150.0,150.0,7.69,81.98,18.49,1.82,2,238.33,246.67,13.33,"REPÚBLICA FEDERATIVA Do BRASIL ministerio Dos TRANSPORTES BR S ECRETARia Nacional DE TRAnSito carteira nacional de Habilitaçio / DRIVERLICENSE / PERMISO DE ConDUCCIÓN Nomee SoBReNOME HABILTAÇ^O Sara Albuquerque Daia Localeufdenascimevio 09/11/1972 Sa do Galho Daiaeuissac VAlidade 13/02/2019 10/02/2029 1 DOC [DENTIDADE / ORGeVissor / Ue 98.141.462-1 IFP NPegistpo e 592.481.306-15 45503052156 1 NacionAlIDADE BRASILEIRO(A) FiLIAÇAO 1 1 Felipe da Rosa Isadora Martins 1 Yara Alsuquerque Assinaiurado poriador ACC E Ee OBSERVAÇOES AssinaADO DICITALMENTE DePaRIAMENIO {SIADUAl IRasuo LOCAL 4336+407081 1 BELO HORIZONTE, MG MG681606770 MINAS GERAIS d CPY",87,0,0
aug_cnh_716.jpg,179.0,299.0,126.0,126.0,5.66,52.71,16.78,0.98,0,225.33,227.0,235.67,totuie ersst Saaii | 1 inas GeRAis,7,0,0
aug_cnh_717.jpg,168.0,289.0,149.0,149.0,6.24,81.98,18.23,1.55,2,253.67,247.33,17.33,"REPÚBLICA FEDERATIVA Do BRASIL ministeRio Dos TRANSPORTES BR S ECRETARia Nacional DE TRansito carteira nacional de habilitaçio / druver License / permiso De ConducciÓn NohefSobrenohf Madinitacao Benicio  Vieira Daia[ccagufdenascimenio 07/03/1955 Araujo Daiaevissac Yalidade 25/01/2020 22/01/2030 1 DoCioenuDADE Orgevissor / ul 55.866.779-7 SSP Ad CPC Aroip e 1 621.408.735- 22491101452 Nacionalidade BRASILEIRO(A) FILIAÇAO 1 1 Leo Cardoso Maria Eduarda Duarte 1 BenicioUicina Assiyaiura Do poriacor 9e OBSERVAÇÔES assinado DicitalmeniE UaPakaaououui Tpaasuo LoCa 13361107081 1 BELO HORIZONTE, MG Mgoe 600770 MINAS GERAIS",80,0,0
aug_cnh_718.jpg,171.0,292.0,144.0,144.0,10.49,100.0,34.64,2.42,2,234.33,245.67,5.67,"REPÚBLICA FEDERATIVA Do BRASIL ministeRio Dos TRANSPORTES BR 5 ECRETARia Naciona L DE TRAnSito carteiranacional de HabiliTAçio / DRIVERLICENSE / PERMISO DE ConDUCCIÓN Nomee SoBREnOME KaBILTACAO Luiz Gustavo Castro Daia [ocaleuf denascimewio 16/04/1995 da Luz Paulista Daiaevissac Validade 07/03/2019 04/03/2029 DOC IDENTIDADE / ORG EMissor / UF 45.504.523-1 IFP 1 746.091_ 538-66 27735968194 e NAcIONALIDADE BRASILEIRO(A) FILIAÇO 1 1 Lucas Gabriel Azevedo Srta_ Rebeca Cavalcanti 1 SuslauoBosho Assiyatura Do poriaDor ACC E Ee E 5 OBSERVAÇÔES AssinADO DICITALMENTE DePaRiAMENIO {SIADUal IRsuo LOCAL 4336+407081 1 BELO HORIZONTE, MG MG681606770 MINAS GERAIS",90,0,0
aug_cnh_719.jpg,24.0,63.0,99.0,99.0,2.47,8.3,4.25,5.01,1,252.67,236.33,162.67,8 9 W [ 8 | 5 88 1 8 1 N 006299z56z 006299 ivnoiavn oinolinvjl 0 Ouol W} Voiiva,20,0,0
aug_cnh_720.jpg,445.0,635.0,109.0,109.0,6.54,81.98,1.6,18.71,2,222.33,230.67,28.0,SIVà39 SVNIW o8oo9r9esw 9w J1nozidoh 01f) 1 OusNYHL IynayLs} OlMJWYYIYYd30 ainzkiyuoia QoynISSY 5302YA83590 2OOioa YunlYNISSY oiDduDs Dilenudw 1 DJnow Jo61 *J0 moniasvaa 1 1 Jovonykoujyk 819+S8ZvS69 6Z-OtS* 698*LZS 1 0yM 1o 0d151938 X d) Ps NVY1JO9-Ll6*916*58 In / dOSSIn} I*0 aoyauvaqiooa 27 ssoz/zv/LI szoz/z1/oz 1 aroura 01 OysSIn] Vy0 % opeAeZV 766v/1o/os Oinjnijsvk (30+031201 Yiva DJlenbON IªUqDI JOIlA Oysvinioyh JHONJugos ) JKioN ! 2 N9I))00N0230 OSI//*3d /35N7217 *3//*0 / OvjYL/7IqyH 30 7YNOIYN YlJLYY) OliSya1 10 7vnoijvn Viay1]a)]s s31àOdSNvd1 soa oid]1siniw 49 7SVà9 00 VAIlVàJ0] VJiaod3d,85,0,0
aug_cnh_721.jpg,168.0,285.0,150.0,150.0,7.59,81.98,18.49,1.82,2,238.67,248.67,12.67,"REPÚBLICA FEDERATIVA Do BRASIL ministerio Dos TRANSPORTES BR S ECRETARia Nacional DE TRAnsito carteira nacional de Habilitaçio / DRIVERLICENSE / PERMISO DE ConDUCCIÓN Nomee SoBReNOME HABILTAÇ^O Miguel Camara Daia Localeufdenascimevio 21/02/1958 da Mata das Flores PA Daiaeuissac VAlidade 12/12/2017 10/12/2027 1 DOC [DENTIDADE / ORGeissor / Ue 46.900.627-OIPF Ad @PC N? REGISTRO e 738.059.462-10 03281416752 1 NacionAlIDADE BRASILEIRO(A) FiLIAÇAO 1 1 Paz Isabelly  Monteiro 1 Bamara AssinaiuraDo PoriaDoR ACC Ee OBSERVAÇOES AssinaADO DICITALMENTE DePaRIAMENIO {SIADUAl IRasuo LOCAL 4336+407081 1 BELO HORIZONTE, MG MG681606770 MINAS GERAIS Jooo",86,0,0
aug_cnh_722.jpg,173.0,294.0,138.0,138.0,5.56,81.98,18.0,0.74,1,219.33,227.67,90.33,"REPÚBLICA FEDERATIVA Do BRASIL ministerio Dos TRANSPORTES BR S ECRETARia Nacional DE TRAnSito carteira nacional de Habilitaçio / DRIVER LICENSE / PERMISO DE CoNDUCCIÓN Z€1nomeesobrenome Kadilitacao Kaique Rios Daia Localeufdenascimevio 16/04/1991 Sousa Daiaeuissac Validade 09/04/2019 06/04/2029 1 DoCioenDADEhorgevissor(UE 50.145.262 - SSP AdcPC N"" REGISTRO e 1 029.184.367-04 02265854420 NacionALIDADE BRASILEIRO(A) FiLIAÇAO 1 1 Thomas Pinto Beatriz  Rodrigues 1 ASsivaturadoporiadoa ACC 9s OBSERVAÇOES AssinADO DICITALMENTE ; DePaRIAMENIO {SIADUAl IRasuo LOCAL 4336+407081 BELO HORIZONTE; MG MG681606770 ' MINAS GERAIS Xaiqus Rioe",79,0,0
aug_cnh_723.jpg,61.0,75.0,87.0,87.0,13.21,47.27,6.75,5.82,2,163.33,171.67,10.0,11 7 1 |   II < 2 1 1 1 27 8 ; 2 1 Ii  | 1 ' 2 1 | H7U 9 8 4 1 p 2 2 88 3 1 í 1 | ~ IL 1 } ; | 0062992562 0062992562 ynoiatw 0iyqliykal 0 0001 Wa Voiya,50,0,0
aug_cnh_724.jpg,150.0,347.0,211.0,211.0,11.25,90.24,50.28,6.35,2,237.67,231.67,15.33,REPÚBLICA FEDERATIVA Do BRASIL ministerio Dos TRANSPORTES SECRETARia Nacional DE Transito carteira nacional de habilitaçio / DrIver License /PerMiso _ 26 Noheesobrenone Alexio da Rosa 3 Daia [OCN Ufdenascimento 04/04/1973 Rocha das Pedras DATA EVissao 46 Valipade 07/04/2021 05/04/2031 K DoC idlhTIDADE / ORg EMissor / UF 98.989.389-6IPF Go 4d CPF 5nregistRo 086.417.539-66 45852049486 NacIoMALIDADE BRASILEIRO(A) 1 1 [Erick 8 [Camila Aragao dkaia da Rosa assinatura Do PoriADOR ACC G1e De 1 1 Borges,74,0,0
aug_cnh_725.jpg,172.0,293.0,141.0,141.0,7.14,69.38,19.99,1.42,0,225.33,226.67,225.67,REPUBLICA fEDEraTiva Do bRASIL Eis7erio 0os naAnSFRRV59To BR SeCretaR A Nacional cartejra NacIonal De habilitacio / drIVER ZCENSE / Permiso De conducciÓn Benjarnim dos Neves 05/04/1973 da Cosla de Nunes RJ [06/50/2017 |04/10/2027 69.875 986-1 DETRAN 1 270.193.854 52946117004 #Rasileirot 1 | |came eesedo 1 1 | Eiu HqRi2onTe Me MINAS GERAIS,52,0,0
aug_cnh_726.jpg,169.0,288.0,147.0,147.0,7.49,81.98,18.44,1.77,2,247.0,249.67,14.0,"REPÚBLICA FEDERATIVA Do BRASIL ministerio Dos TRANSPORTES BR S ECRETARia Nacional DE TRansito carteira nacional de Habiltaçio / DRIVERLICENSE / PERMISO DE ConDuCCIÓN NomeesobReNOME HABILTAÇ^0 Maria Vitoria Gomes Daia [ocaleufdenascimevio 07/04/1995 Cardoso Daiaevissac Validade 05/06/2018 02/06/2028 1 DoCioehoaoe Orgevissor(UE 18.570.393 - DETRAN 4d [PF N"" REGISTRO e 129.375.460-99 06389781524 1 NaciohalIDADE BRASILEIRO(A) FiLIAÇAO 1 1 Matheus Guerra Liz Lopes 1 Mario UlorioSome Assinaiurado poriador ACC Ee 53 OBSERVAÇOES AssinADO DICITALMENTE DePaRIAMENIO ESIADUAL Ipasuo LOCAL 4336+407081 1 BELO HORIZONTE, MG MG681606770 MINAS GERAIS",82,0,0
aug_cnh_727.jpg,,,,,3.9,26.46,0.88,11.52,2,237.33,239.0,158.0,! W e 4 5 6 1 g 2 1 1  | 1 1 1 1 1 1 1 8 | | 1 1 1 1 4 5 1 9 1 ! 1 { 8 ; 8 8 9 ; 2,41,0,0
aug_cnh_728.jpg,,,,,7.4,81.98,1.84,18.96,2,238.67,248.67,168.33,"SIVà39 SVNIW o8oo9r9esw 9w J1nozidoh 01f) 1 OuskYuL IynayIs} OIMJWYIYYd)0 ainzkiyoia QoyniSSY 53024A83590 BOOYioa nnaisst 1 Senidjuos Dpuduje} 5 obJDWD) oiiuda (YoaiaISVNE  | 1 {Stzyz698z6 1S-160*79+*L8S 1 OYM 1Yd 0d151938 * $ d) Pe a98i/6 - 6S*ZSv*OS / HoSsIn] J*0 aoyauvaqiooa 27 1s0z/11/8z Izoz/1M/os 1 oroura 01 OrssInafiyo € sDhle} 0461 /so/81 OiNJnijsyk g0ininoyivo snser opjDnp3 Oysyiridyh , JNONJugos ) JHoN (8 N9I))00N0230 OSI//*3d /35N7217 *3//*0 / OvjYL/7IqyH J0 7YNOIYN YNlJLYY) OliSnya1 10 7vnoijvn Viay1]a)]s s31dOdSNvd1 soa oid]1siniw &8 7iSVà9 00 VAIlVdJ0] VJiaod3à orinu",84,0,0
aug_cnh_729.jpg,98.0,409.0,225.0,225.0,12.91,86.59,12.83,1.07,0,166.67,207.0,161.0,RErubliCr &e8rrdv 80 8 FIf ARTEIRA NACIONAL DE HABIUTAÇÃO / DKIVER LICENSE ~5r2l82ree [Essr Lesee Hures 322 {eesd Srimy5 [2s7o2/s9t Vleira Poul 52 7l0s/0 l22z39-0155 [Es2Z12 530=4! 29294 J012 Mfgue! Gercia Ora Nino 8a tux [,36,0,0
aug_cnh_730.jpg,873.0,559.0,94.0,94.0,4.71,13.38,2.93,3.34,1,237.33,247.67,169.0,Yalioa Eni Tuoo 0 errituaio acioaal 2952662900 2952662900 ? 1 < 1 { D { { 7 1 { TFEF | 2 H 1 1 2; 1 F 1 ; 1 1,32,0,0
aug_cnh_731.jpg,171.0,292.0,144.0,144.0,12.2,100.0,34.85,2.47,2,204.0,214.0,7.33,"REPÚBLICA FEDERATIVA Do BRASIL ministeRio Dos TRANSPORTES BR S Ec RETARia Naciona L DE TRAnSito carteiranacional de HabilitAçio / DRIVERLICENSE / PERMISO DE ConDUCCIÓN Nomee SoBRENOME KaBiUTACAO Davi Lucca Albuquerque Daia [ocaleuf denascimenio 20/03/1951 da Costa de Rodrigupe Daiaeuissac VAlidade 04/08/2024 02/08/2034 1 DoCioenDADEhorgenissor UE 16.256.831-6IIRGD 4d CPF  Pagistpo e 1 508.461.273-26 28434804382 NACIONALIDADE BRASILEIRO(A) FILIAÇO 1 1 Luiz Gustavo Rezende Melissa Moreira 1 Assinaturado poriador ACC E Ee 5 E OBSERVAÇOES ASSInADO DIGITALMENTE DgpariangnioesiADuA IRhsuo LOCAL 4336+407081 | BELO HORIZONTE, MG MG681606770 MINAS GERAIS",85,0,0
aug_cnh_732.jpg,60.0,75.0,87.0,87.0,6.18,39.75,3.83,3.13,1,238.0,248.0,154.0,1 II { ! 1 1 1 2 < 1 2 ill] 1 1 6 { | 1  [ 1 1 1 2 oo6z99z562 oo6z99z562 Ca Cequaacarn,27,0,0
aug_cnh_733.jpg,166.0,289.0,152.0,152.0,6.82,62.6,19.12,1.44,0,227.0,228.67,226.67,REpuBECA fEderaTiva Do BRASil 8205 Auspof € i50 cartexra NaCtOnal de habilftacio / oriverlicense / permiso de conduccion [vitor Gabriei Rezande {25/99/1986 _ Rodrigues Varde {18/08/2023 15/08/2033 [4873.820- HRG? GG 470.938.516-57 68232268980 1 @S54 | Anlonlo Casslano 1 Juila Aroado 1 [ | MINAS GERAIS,45,0,0
aug_cnh_734.jpg,149.0,245.0,161.0,161.0,9.17,67.62,43.36,1.33,2,224.0,228.67,10.33,menisterio Do NAl dE BR 201 de HaBiLiTAÇio /D Sophio DE ConDUCCIÓN @DaIA IOCAl E Uf de 07/05/1951 1 DAIA 46 Valiqade ACC 42.689 1 4d CPs 'DETRAN CE 081-57 Cat Mab 2 f 1 [Sr. J0o Vitor Moroes 1 Snend So do portADO? Cle Die ; LOCN Assinado REPÚBLICA FEDERATIVA B RASIL SECretaria Dos Trans ORTEs Nacio Transito CARTEIRA NACIONAL D DRIVERL Houels {LICENSE | Sobbelove PERMISO [ Coso Gronde Mabiuiko Mscivento Coldelro {Visco (10/02/2018 08/02/= '2028 DOC IDeniIDADE / ORg[ [uissor /u 299 - 946.573.C FCISTEO 5357815 1s00oo McomaDADE BRASILEIRO(A) Jooo Alono Sono AssinaiUEA OeservAcOes,97,0,0
aug_cnh_735.jpg,,,,,11.0,100.0,2.61,35.26,2,210.67,221.0,6.0,"SIVà39 SVNIW o8oo989esw 2w Jnozidoh 01Jf) | OlskYuI IynayIs} OIMJWYIYYdJ0 Ainzkiyioia QoyniSSY 5302YA83590 20O7Oa unaisst 1 seunN Diinr Dudh 5 Joisdd euDa 7owi77Svria | 1 JoyonykODYN 10S68580190 19-Otz L 46*S9S 1 OYH 1Yd 0ais97NS d) Pe dSSZ-685*8SS*+} In / MOSsIM] J*0 ayauvaqiooa zsoz/so/si zzoz/s0/91 1 JardIIrA 9r O ssInafiyo € Didn DP {961/80/1z OINJnijsyk g0ininolyivo qjisdo Uiaex Oysviridyh JHONJugos )JhoN L "" N9I))00N0230 OS///*3d /35N3217 *3//*0 / Ov5YL/7IqyH J0 7YNOIYN YIJLYY) O11SNVa1 10 7vnoijvn Viay11a)]5 5 11à0 SNvd1 soa oid]1Siniw Y9 USVà 9 o0 VAIlVdJ0]J VJI799dJà",86,0,0
aug_cnh_736.jpg,173.0,294.0,138.0,138.0,6.37,50.41,17.12,1.62,0,225.67,227.0,236.0,"""u8r(cafrorratua D2 8r48 ( eartejrs racional dehabuiteric /Driveriicease /Pehiso Decovpucclen [sa {2277862 Hutc $ Goias @ipos_]l6in2ss lsz3rc 92501241425 @sn 1 (5222 Ba Rocho 5 | MINAS GERAIS [221358582-36",28,0,0
aug_cnh_737.jpg,166.0,287.0,152.0,152.0,4.41,81.71,17.43,0.07,2,253.67,248.33,38.67,REPÚBLICA FEDERATIVA Do BRASIL ministeRio Dos TRAnSPORTES BR S ECRETARia Nacional DE TRansito carteira nacional de habilitaçio / druver license / permiso De ConducciÓn None Sobrinong Paditacao Gabriel Novais Daia icUA { uf De Naineaio 21/02/1962 Nascimento Dataevissac 'livadl 24/09/2022 21/09/2032 1 DoCoenudede ORGevissok / Ml 12.174.727-7 SSP dC 4 Pegistp nnab 1 590.473.216-34 80759474966 Nacioyalidade BRASILEIROGA ) Filiacho 1 1 Vinicius Farias Sra_ Lara Costela 1 Uor SabriclYouai Assiyaiura Do poriacor 2 ObserVACOES Sssiuaoodigitalmenie UsPhnuenusun hAu 4364u/u81 VXA 1 Belo HORIZONTE MG ue 60o77o MINAS GERAIS Vitor,88,0,0
aug_cnh_738.jpg,172.0,292.0,142.0,142.0,6.92,81.98,18.41,1.75,2,253.67,246.67,12.33,"REPÚBLICA FEDERATIVA Do BRASIL ministeRio Dos TRANSPORTES BR S ECRETARia Nacional DE TRansito carteira nacional de habilitaçio / druver License / permiso DE ConducciÓn Nomee SOBRENOME Madinitacao Enzo Gabriel das Neves DAIA [Ocal { Uf De Nascimenio 03/07/1956 Novaes Daiaevissac Yaliade 16/01/2019 13/01/2029 1 DoCioenidaDE Orgenissor/ui 96.617.678-4SSP Ad GPC roirn r 1 902.437.861-31 03391189668 NacionalidaDE BRASILEIRO(A) FilIACAO 1 1 Renan Souza Dra_ Daniela Melo 1 Sokrnl dos Yaoo Assiyaiura Do poriador He 2 OBSERVAÇÔES Assinaco DicItALMENTE Uphinkhinia Ipasuo LoCa 13361107081 1 BELO HORIZONTE, MG Mgoe 606770 MINAS GERAIS",88,0,0
aug_cnh_739.jpg,168.0,289.0,146.0,146.0,5.43,81.98,17.79,1.07,1,253.0,245.0,251.33,REPÚBLICA FEDERATIVA Do BRASIL nisterio Dos TranSPoRTES BR SECREtaria Nacional DE Transito CARTEIRANACIONAL DE HABILTAÇHO / DRIVER LICENSE / PERHISO DE CONDUCCIÓN RouEe SobriRoVE Joao Pedro Vasconcelos DAIA lO{fde nascivenio 08/11/1998 Brito Paoulista iA[VSAC Blde 09/04/2022 06/04/2032 1 DoCidenidadeioageuiscooraf 75.419.694-7SSP MS Laef 5 FEGTFO it 723.915.468-82 96328710073 1 NeciohudAD BRASILEIRO(A) Fço : 1 Dr. Heitor Fernandes 2 Maria Eduardo das Neves 1 Je fle Uale 46o4nal Dopoatldos 52 22 OasEVACes ASSIMADO DIGIIVENIE Depariavenio {Sudun {ainsno Jou 43364407081 1 BELO HORIZONTE MG 4c681606770 MINAS GERAIS,84,0,0
aug_cnh_740.jpg,40.0,40.0,109.0,109.0,7.43,22.75,7.23,7.93,1,244.33,247.67,6.33,5 1 J 4 1 2 | 6 1 1 1 1 é 1 HHHJI 1 8 N 1 8 9 0062992562 0062 ivmoisvk oivolivu]1 0 000l Wi Voiiva,29,0,0
aug_cnh_741.jpg,177.0,296.0,135.0,135.0,5.54,77.1,16.57,0.35,1,237.33,246.33,162.0,Viyumlica Vidlvativa 0o #vasil A 84 9o BR Cawteipamacional de Habtlotagao |ornver LiCense / Permiso de Conduccign U Dm Cs Owins 704 Olnk #vaeilfivoeni 1 '/ei Law Mov Luu Mtin 1 MINAS GERAIS,33,0,0
aug_cnh_742.jpg,61.0,77.0,89.0,89.0,6.5,30.86,3.65,3.88,2,248.33,252.0,17.0,"11 1 = 1   II < 8 4 1 1 1 "" 8 | 1 I 1 Jdx 1 p 1 2 1 1 88 ! 1 f; 8 2 3 # | g 9 9 ; { 1 g 4 ; 0062992562 0062992562 Ivnoijvk oiuqliuu3l 0 0001 WJ VOIJVA 1 1",52,0,0
aug_cnh_743.jpg,,,,,7.01,81.98,1.84,18.96,2,238.67,248.67,21.67,"SIVà39 SVNIW o8oo9r9esw 9w J1nozidoh 01f) 1 OuskYuL IynayIs} OIMJWYIYYd)0 ainzkiyoia QoyniSSY 53024A83590 EoOyoaoQanaisst 1 seunN DI?lIV 5 DJIP[A  leDu Coanasvaa | 1 JoyonykOiyN 8+688+9889 LI-085*9Sv'LZI 1 OYM 1Yd 0d151938 X d) Pe dSS L-00Z598*Lv / OSSIM} J*0 / Joyoiinjoi Joo > LzOz/ov/1{ Lloz/11/zo 1 oroura 04 OyssIn] yiy0 €  SDUDJ {961/01 /zo oinani)syn J0,n3I301 Yiyo € sepudwe} UDYiDn Oysyiridyh , JNONJugos ) JHoN (8 N9I))00N0230 OSI//*3d /35N7217 *3//*0 / OvjYL/7IqyH J0 7YNOIYN YNlJLYY) OliSnya1 10 7vnoijvn Viay1]a)]s s31dOdSNvd1 soa oid]1siniw &8 7iSVà9 00 VAIlVdJ0] VJiaod3à",86,0,0
aug_cnh_744.jpg,873.0,557.0,92.0,92.0,7.59,36.52,3.73,4.13,2,218.33,227.67,18.67,Valida EM Todo 0 TerritÓrio NACIoNAL 2952662900 2952662900 8 g 1 1 [ { JIn { / 1 FH II 4 TER 1 1 : 1 ; [ | 1 1 2 1 8 | 4 1 1 1 7 1 II | 0 1 L 89 2,48,0,0
aug_cnh_745.jpg,173.0,295.0,139.0,139.0,7.15,81.98,18.49,1.82,2,238.33,247.33,14.0,"REPÚBLICA FEDERATIVA Do BRASIL ministerio Dos TRANSPORTES BR S ECRETARia Nacional DE TRAnSito carteira nacional de Habilitaçio / DRIVERLICENSE / PERMISO DE ConDUCCIÓN Nomee SoBReNOME HABILTAÇ^O MatheusBrito Daia Localeufdenascimevio 13/03/1991 da Cunha Daiaevissac VAlidade 03/10/2016 01/10/2026 1 8( DOC IDENIIDADE / ORG evissor / UF 28.108.707-SIIRGD Ad @PC NªREGISTRO e 963.428.751-46 51039520742 1 NacionAlIDADE BRASILEIRO(A) FiLIAÇAO 1 1 Samuel Fonseca Lais Cirino 1 MlalheusBrilo AssinaiuraDo PoriaDoR ACC 2 Ee OBSERVAÇOES AssinaADO DICITALMENTE DePaRIAMENIO {SIADUAl IRasuo LOCAL 4336+407081 1 BELO HORIZONTE, MG MG681606770 MINAS GERAIS",84,0,0
aug_cnh_746.jpg,140.0,349.0,173.0,173.0,7.66,67.07,33.6,0.02,1,237.33,241.0,158.0,Do D BR carieiranacional [ 2vi DEHABIUTAÇiO / DRIERL Benf So deconDUC Oan Ma (ov7as/2007 Foulisto Ro Qn 21 7/12/2018 M 18/12/2028 Arnnrhon [vnior (84846. 606-Ziff (2se6s 5 nai 781-@ 7958j288813 Aaaieo BRASILEIROT) 1 Diopo Coso Srto. Morio Loun Fiment Bento_Ya RePUBLICA FeDERATiVa iisterio BRasil Dos Secreiiri Transpories acional 1rasito ucense/[ PeRMISO [ an Mendes nno Oicos Gronje,58,0,0
aug_cnh_747.jpg,175.0,294.0,136.0,136.0,3.2,74.39,13.53,0.01,1,253.67,247.67,253.0,"REPÚBLICA FEDERATIVA Do BRASIL ministerio Dos TRANSPORTES BR SECRETARia Nacional DE TRansito carteira nacional de habilitaçio / druver License / permiso De ConducciÓn Nohef {obrinohf Madinitacao Theo Ferreira DAIA [Ccal { Uf De Nascimenio 02/10/1972 Santos MG Daieuissac Yalidadl 23/09/2023 20/09/2033 1 DoCioenudaDE ORG EWISSOR / UE .528.100-1 PC dPC Ariipu n 358.602.179-86 86569342174 1 Nacioualidade BRASILEIRO(A) FILIAÇAO : 1 Jose Pedro Pinto 5 Emanuelly da Costa 1 Jenreira Assiyaiura Do poriacor 2 OBSERVAÇOES assinaco Dicitalmenie UaPknausuui hAu 436-u/u81 LXA 1 BELO HORIZONTE, MG 7u€ 60077o MINAS GERAIS Jhec",89,0,0
aug_cnh_748.jpg,416.0,568.0,149.0,149.0,3.8,75.88,0.0,15.72,1,250.33,249.33,164.67,"SIV472 SVNIW Ohvowwdw ""w 'Vinohmohwn"" 1 Duyul 8iosvakiano Maiilnusie Jidaon Diing Pudw Jidaon Onbooi (Viont } MSvin 1 Jovunoyteldi Iyn 91igoqpiyoy yFiq0 Cul Cyo 041ipbl Qovii c 361/0190 7m0sine""noy Wiyiion 1il 06n Y8og/9o/96 Yeog/go/la Onnlina 9ion 0P Deoq'u 7961/00//0 Mnnonn Yivii ( 80dupo Aap Vyoyioviuydi Jwh iuuurlnuk Noidanono) 30 osHw874/35n727787A80 /ovsvlt70vh 30 7ynoidnn vhiilyy) uanv à8 Usvau VaiivaJ0 V9i10dna 00",60,0,0
aug_cnh_749.jpg,10.0,35.0,86.0,86.0,7.05,21.58,6.89,6.32,1,253.0,243.33,15.33,"1 1 0 1 8 II 1 8 1 2 1 2 5 8 { H : ; 1 : { 1 ~ 18 f0 : 1 2 "" 1 2 1 ; 0062992562 00629 ivkoijvk oiuoLibu}l 0 0001 WJ Vo 1 1 1 | 1 1 1 1 1 1 1  2 < 1 1 1 1 1 1 : 9",62,0,0
aug_cnh_750.jpg,175.0,293.0,137.0,137.0,7.41,81.98,18.49,1.82,2,238.67,248.67,147.33,"REPÚBLICA FEDERATIVA Do BRASIL ministerio Dos TRANSPORTES BR SECRETARia Nacional DE TRAnSito carteira nacional de Habilitaçio / DRIVERLICENSE / PERMISO DE ConDUCCIÓN Nomee SoBRENOME HABILTAÇ^O Kamilly da Cunha Daia Localeuf denascimevio 28/07/1954 Leoo do Galho DaiAeuissac VAlidade 16/09/2022 13/09/2032 1 DOC [DENTIDADE / ORGeVissor / Ue 61.519.620-OIFP NPEGistpo e 841.025.976-11 90047240022 1 NacionAlIDADE BRASILEIRO(A) FiLIAÇAO 1 1 Caue Camargo Stella Mocedo 1 daBunha Assinatura Do poriADOR ACC E Ee OBSERVAÇOES AssinaADO DICITALMENTE DePaRIAMENIO {SIADUAl IRasuo LOCAL 4336+407081 1 BELO HORIZONTE, MG MG681606770 MINAS GERAIS d CPY",86,0,0
aug_cnh_751.jpg,173.0,292.0,139.0,139.0,2.41,35.91,8.29,0.22,0,231.67,231.0,236.33,"Reruplica Fluekativa Do bpasil 18 Capiespa Naciowal behabhlitac%o #Ekueer Ucessk ipeguore casntcios 58/00/157? {2791/202"" 14 Sevaortrfn 58* ; 1 1 MINAS GERAIS",22,0,0
aug_cnh_752.jpg,176.0,296.0,135.0,135.0,5.97,100.0,21.4,0.32,1,195.67,205.0,156.33,Zepgblica Federativa Do B2asi1 7057eo 0os 75o7es BR SeceeadaCho9al 0E Tainso OxhMOInlI-uikioityisKS[CN(OÚ 72y Gourro <|wera 1 Co Cope el 21e/2ez KEun: 4leee ; 7641ie1=1 381287 ( Lsno 1 8 B 2 ~unaCura 1 ; 22 2 ; Caz ' MINAS GEPAIS,41,0,0
aug_cnh_753.jpg,63.0,76.0,86.0,86.0,7.28,19.92,3.74,3.8,1,214.33,224.0,7.33,C 1 ' II 1 ; 1 8 1 8 1 1 8 1 | ; 1 8 1  H3U 8 J 1 1 p N | 1  8 ? 1 | 8 1 0062992562 0062992562 ivnoisvk 0iuoliuujl 0 O00l W} VuiJva,42,0,0
aug_cnh_754.jpg,172.0,293.0,141.0,141.0,4.07,81.17,16.7,0.03,1,252.0,247.33,253.0,"REPÚBLICA FEDERATIVA Do BRASIL ministeRio Dos TRANSPORTES BR SECRETARia Nacional DE TRansito carteira nacional de habilitaçio / drhver License / permiso De Conducción Nohef {obrinohf Madinitacao Enzo Gabriel Pacheco Daia[Ccaguf De nascimenio 18/01/1945 Pimenta Paulista Daaeuissac Validadl 03/05/2016 01/05/2026 1 DoCioenudaDE ORgevissor / u! 73.216.222 - IIRGD Zd [PF n eae 519.807.263-02 1581 528646 1 Nacioualidade BRASILEIRO(A) FILIAÇAO 1 1 Leandro Carvalho Leticia Ribeiro 1 Sabril Pachece Assiyaiura Do poriacor 2 OBSERVAÇOES assinado DicitalmeniE UaPkaeououui 7paasuo 4336-u/u81 Loa 1 BELO HORIZONTE, MG 8u€ 60077o MINAS GERAIS",86,0,0
aug_cnh_755.jpg,176.0,296.0,134.0,134.0,6.96,81.98,18.22,1.57,2,238.33,247.67,15.0,REPÚBLICA FEDERATIVA Do BRASIL Ministerio dos Transportes BR SECRETARia Nacional DE Transito CARTEIRA NACIONAL DE HABILTAçÃO / DRIVER LICENSE / PERMISO DE CONDUCCIÓN Roulesobrenoue Tacio Dra.Vitoria Montenegro DAIA [OC{Uf Denascivenio 30/08/2003 Mendonco DiAeVsSAO PalaLAe 23/03/2018 20/03/2028 1 K DO [DewTiDADE / Osg EVISSOR / UF 43.982.462-3DETRAN 44 CPF Ndecsio (rh4a  601.783.249- 68570290889 Nacohudad} BRASILEIRO(A) AVo 1 1 Theodoro Postor Mariane Moura 1 Assinajuradopoairdoa E2 53 2 2 ASSINADO DIGIVEMIE DefaaiaveMio {Sudu De irusnio Loa 43364407081 | BELO HORIZONTE MG Mg681606770 MINAS GERAIS,82,0,0
aug_cnh_756.jpg,,,,,7.55,82.11,1.87,18.99,2,251.33,251.0,9.67,"SIVà39 SVNIW o8oo9r9esw 21'J1nozimoh 00]f) 1 OushYHL IynyIS} OlMJYIYYd)0 ainzkinoia ooynisSY 5902ya47580 2OO7ioa Vanisst 1 odjibouoo DP Dun] 5 Ojieqiy uDay Comiasvaa | 1 JoyonykoDyN ZI9S6LSS89+ 80-094*ISt 8SZ 1 Q 04151976 d) PY d4I19-L6Z9IS*99 / HoSsIn] J*0 aoyauvaqipoa 26 LzOz/1v/v1 Lloz/11/91 1 aroura 04 OrssInayo € SH oioxied sooz/10/Lz OiNinijsyk 0inanoyivo € opejdw enbyueh oadisng OyJyinidyh , JHONJugos ) JHON 887 N9I))70N0270 OSI//*3d /35N7217 *3A/*0 / OvjYL/7IqyH J0 7YNOIYN YNlJLYY) OliSnya1 10 7ynoijvn Viay1]a)]s s31dOdSNvd1 soa oidj1siniw d8 USVd8 00 VAIlVdJ0JJ VJi78od]à",82,0,0
aug_cnh_757.jpg,168.0,289.0,148.0,148.0,7.14,81.98,18.49,1.82,2,238.33,248.0,13.0,"REPÚBLICA FEDERATIVA Do BRASIL ministerio Dos TRANSPORTES BR SECRETARia Nacional DE TRAnSito carteira nacional de Habilitaçio / DRIVERLICENSE / PERMISO DE ConDUCCIÓN Nomee SoBReNOME HABILTAÇ^O Hadasso Silva Daia Localeufdenascimevio 17/01 '2004 Peixoto DaiAeuissac Validade 16/05/2024 14/05/2034 1 DoCioenDADEhorgenissor(UE 22.159.202 - IIRGD NPEGistpo e 075.493.216-80 29290648895 1 NacionAlIDADE BRASILEIRO(A) FiLIAÇAO : 1 Pedro Henrique Nogueira 3 Maria Isis Siqueira 1 Xadassa Yibua Assiyatura Do PoriaDoR ACC Ee OBSERVAÇOES AssinaADO DICITALMENTE DePaRIAMENIO {SIADUAl IRasuo LOCAL 4336+407081 1 BELO HORIZONTE, MG MG681606770 MINAS GERAIS d CPY",83,0,0
aug_cnh_758.jpg,196.0,296.0,173.0,173.0,8.71,71.41,48.29,0.8,2,238.33,243.33,16.67,Do D E PranSito 1 DE HABILTAçãO /  7 Borges EuFdeNascimento Sro. Ana LoC Limo '1956 0414] (;0/06/2034 ORG AC DOC SE 92 739- 1 N REGISTRO (395.781.260-77 1 BRASILEIRO(A Caldeiro : 3 1 [Gabrielly Albuquerque 4la 1 Assinatura Do PortADOR ACC C1e DiE OBSERVAÇOES Assinado DigItA Departamrwio[stadU ; 433641070 Mg681606 B RASIL FEDERATIVA PORTEs REPÚB LICA TRAns Dos MinisteR10 Nacional SECRETAR1a 'PERMISO _ 'LICENSE | DRIVER CARTEIRA NACIONAL ! Sobrlnoue Noree Julio DAnA 03/08/ ValioaDe {Vissao 12/06/2024 EVISSOR/ Uf DEMDADE  ~9ifP 806. 1457 12884671 4(Pe MACOMLIDADE flç1o Antonio,89,0,0
aug_cnh_759.jpg,175.0,293.0,138.0,138.0,10.33,63.69,24.7,4.12,0,154.33,157.33,161.33,Tarreira Rilirral Dl Heorlrrm o79rnere cuio0r EouRelixs {rsa 2 8 0 MINASGERAIS:,12,0,0
aug_cnh_760.jpg,456.0,584.0,78.0,78.0,7.96,81.98,1.84,18.96,2,238.67,248.67,13.0,SIVà39 SVNIW o8oo9r9esw 9w J1nozidoh 01f) 1 OuskYuL IynayIs} OIMJWYIYYd)0 ainzkiyoia QoyniSSY 53024A83590 EOOYiOa 0aYnnissy 9191509 1 DWi7 Dyidbv 5 SDUDJ 0/U031A Coanasvaa | 1 JoyonykOiyN Lv{69848680 S9-659*8S0'+LZ 1 OYM 1Yd 0d151938  $ d) Pe Jdl9-yzS O65*ZS / HoSsIn] J*0 aoyauviqiooa 27 osoz/z1/01 ozoz/z1/z1 1 oroura 01 OrssInafiyo € 0904-Dd sooz /so/9z OINJnijsyk g0inanoyivo Dieisoo Diay 'DJS Ovoviridyh JNONJugos ) JHioN / 2 N9I))00N0230 OSI//*3d /35N7217 *3//*0 / OvjYL/7IqyH J0 7YNOIYN YNlJLYY) OliSnya1 10 7vnoijvn Viay1]a)]s s31dOdSNvd1 soa oid]1siniw &8 7iSVà9 00 VAIlVdJ0] VJiaod3à,84,0,0
aug_cnh_761.jpg,52.0,57.0,101.0,101.0,11.67,31.45,6.53,14.64,2,206.33,214.67,88.0,1 ! 1 3 1 I 1 & 1 8 1 5 1 | 1  g 1 { 1 08 8 ; 1 8 2 1 Vi 1 1 ; 4 0062992562 7hnoiavk oiuolibyal 0 0001 Voiva 1 1 1 1 | Wa,43,0,0
aug_cnh_762.jpg,84.0,277.0,178.0,178.0,7.09,82.38,43.78,0.88,1,224.67,227.67,215.67,REFUd LiC inisterio Dos TranSPRRWESS M '%aCoonaL DE TRansito SECRETARIA NACIONAL DEHABiLTAçiO / DRIVER LICENSE / PERMISO DE CONDUC carTEIRA | Magilitac NoME E SOBRENOME Andre Rios 3 DAIA ZoCal E Uf De Nascimento 15/07/1985 das Neves PR EViss40 46 Valiqade ACC D4la 17/09/2016 15/09/2026 4( DOC [DeNTIDADE / ÓRG EVISSOR / UF 72.478.369-9IPF AM Ad (Ps 5 Nregistro CaTA 157.846.923-64 33845291139 NaciovAlIDADE BRASILEIRO(A) FILIACO 1 Diogo Silveira Lorena Cirino dnde Rios assiyaturADo Poridor ACC Cie DiE 12 ObSeRYAÇOES AssinaDo DICITALMENTE LOCA DepariAMENTO CstAdunnl De 7hansito o Aenor ;,89,0,0
aug_cnh_763.jpg,173.0,294.0,138.0,138.0,1.36,42.14,6.24,0.0,0,251.0,240.67,161.33,"REPÚBlica FedERativa Do BRasil Kio Dos (kanstories BR Secreiakia Nacional 0l 7kansio cartera nacional de habilitacio / DRIvERLIceNSe / perMiSo De Conducción Nome ( Konminomi Miaatanac Anna Llz Slquclra PaiainA Ne Yastinneto 17/10/2006 Cornondag Flora Yaliusui 18/04/2024 16/04/2054 1 Ng6 Outmuinant /Orutnngou 5.347,843 IIRGD 4en 4Ataisino Faian 652. 874105 54583227405 1 Nalicaltialt Mrasllikoa) Miisa0 ; 1 Sr. Corlog [duardo Mondo 3 Marla Iala da Cruz 1 787840 fupueero Aaiyaiuna dorontaion Ohsimyagofs Mvwaoo Nogwalmini Devamiamemto (sianua| De Jaavsito Ioli ioo/om| 1 Mnn Mokvonil, Mi6, Mgnmiouov/o MINAS GERAIS 7876",87,0,0
aug_cnh_764.jpg,176.0,296.0,139.0,139.0,8.96,82.25,18.71,2.07,2,247.67,251.33,9.67,"REPÚBLICA FEDERATIVA Do BRASIL ministerio Dos TRANSPORTES BR 5 ECRETARia Nacional DE TRAnSito carteira nacional de Habilitaçio / DRIVERLICENSE / PERMISO DE ConDUCCIÓN NomeesobRenohe Madivtacao Joao Guilherme Ramos Daia [ocaleufdenascimevio 24/11/1990 Costela Daiaevissec Validade 17/06/2018 14/06/2028 1 DoCiDenDADEHorgenissor(UE 30.788.480-SSSP Ne PEGistpo e 091.278.543-88 465749 1586 1 NaciowalIDADE BRASILEIRO(A) FILIAÇAO 1 1 Otavio Souza Sra_ Alana Pimenta 1 Romos Assinaiurado poriador ACC Ee E 2 E OBSERVAÇOES AssinaDO DICITALMENTE DePaRIAMENIO ESIADUAL IpAsuo LOCAL 4336+407081 | BELO HORIZONTE, MG MG681606770 MINAS GERAIS d (PY",82,0,0
aug_cnh_765.jpg,170.0,289.0,148.0,148.0,7.77,81.98,18.49,1.82,2,238.67,245.0,13.0,"REPÚBLICA FEDERATIVA Do BRASIL ministerio Dos TRANSPORTES BR S ECRETARia Nacional DE TRAnSito carteira nacional de Habilitaçio / DRIVERLICENSE / PERMISO DE ConDUCCIÓN Nomee SoBReNOME HABILTAÇ^O Dra. Pietra Sampaio Daia Localeufdenascimevio 24/12/1976 Novaes MG DaiAeuissac VAlidade 30/09/2016 28/09/2026 1 4c DOC [DENTIDADE / ORGeissor / Ue 83.200.213-2PC 4d CPF N? REGISTRO e 809.712.563- 37220412082 1 NacionAlIDADE BRASILEIRO(A) FiLIAÇAO 1 1 Luiz Otavio Sousa Bianca Nunes 1 Yiclra Jamhalo assiyaiura Do poriaDor ACC 2 Ee OBSERVAÇOES AssinaADO DICITALMENTE DePaRIAMENIO {SIADUAl IRasuo LOCAL 4336+407081 1 BELO HORIZONTE, MG MG681606770 MINAS GERAIS",89,0,0
aug_cnh_766.jpg,169.0,288.0,147.0,147.0,6.77,65.45,19.59,1.5,0,227.67,229.0,227.0,"REPÚBlICA FEDERativa Do BRASIL ESjeRio Dos Tf BR SEMFEtsR;R Oacoghtr {ns""ransfto carteira nacional de habilitaCio / driveRlcense / Permiso De Conducci_n Alana fo3/0s/2003 d0 Conceicao do' Arloro {25782/2021 {25/02/2031 [.s.252 662-9SSP 1 [;38.234.570-50 03961875814 Cxstur 1 1 Joao Wiguel_Pimenta Srta; Menuslla Abreu 9 1 5 | MINAS GERAIS Romor",49,0,0
aug_cnh_767.jpg,173.0,293.0,143.0,143.0,5.06,81.57,16.86,0.24,1,238.33,248.0,159.0,"Repgblica Fedeativa Do Bpasil 1157221o 0os 17anspo27es BR Seceeiaia Nacional dE pansito Captepancional de habiutacio / DPIVER VCENSE / PePmiso DE CONDUCCIÓN Juoo P6lenee VAn 15/0/12 Coravon 07/12/2016 05/12/2025 1 67,102406{iipgd 4u Wuei 1 2491828080 21845808142 Bpasivipou) 1 1 Yoo Miauei 8 Coyei 2 4 Uz Nuuaueay 1 k 2 Es 22 ; 6324288991685  Lx EaohorvonilMc Mcurldno ; MINAS GERAIS 2",61,0,0
aug_cnh_768.jpg,174.0,294.0,139.0,139.0,2.96,76.02,12.77,0.0,0,250.33,250.0,167.33,republica Federativa Do Brasil viisteeio Dos Teaspoetes BR Seceetariracional de 72sn7o CairnonloheiimcioilaeifvgouconUcOÚN Pa 2/9/881 Carakarrne 2lu/22 2/0/2u 2ae3121-{iRa J5 612451219-94 14121667594 ; Erisileieou) 0 4a ar2 Bares 1 ; 1 ; 4esri ; MINAS GERAIS,35,0,0
aug_cnh_769.jpg,177.0,300.0,131.0,131.0,11.99,100.0,35.04,2.77,2,177.33,192.0,173.0,"REPÚBLICA FEDERATIVA Do BRASIL ministerio Dos TRANSPORTES BR SEc RETARia NacionaL DE TRANSito carteiranacional de HabilitAçho / DRIVERLICENSE / PERMISO DE ConDUCCIÓN Nomee SobRENOME HABILTAC^O Maria Fernanda Macedo Daia localeuf denascimenio 08/12/1947 Caldeira de Minas Daiaelisseo Validade 02/01/2023 30/12/2032 1 DoCioenDADehorgevissor (UE 84.189.358-4SSP 4d CPF Nedagistpo e 1 528.390.746-56 64798836841 NACIONALIDADE BRASILEIRO(A) FILIAÇIO 1 | Guilherme Siqueira Ana Sophia Aragao 1 Laab Assinaturado poriador ACC E Ee 5 E OBSERVAÇOES ASSINADO DIGITALMENTE ogpariagnioesiADuA IAnusuo LOCAL 43364407081 1 BELO HORIZONTE, MG MG681606770 MINAS GERAIS",83,0,0
aug_cnh_770.jpg,87.0,281.0,164.0,164.0,4.99,39.16,28.84,0.18,0,218.0,220.0,220.67,"87 Rr 09s 9Aci8e De Jesys Yiairo d9 {2 {22/98/1352 J672/2752 {8/1z/2023 55 {33152 1 98796775759 Jl 59 {82.J99 : Lsa Broyne Yona Hetsna Morairu 53x E 5e 1 2 223 22 FEDERAT1vA 8F? Tra REPUblica CoxDUq 28 {PERMISO DE € rstfrf {DRIVER LICENSE , HABILITAÇÃO / CArTeiRa NAC}ONaLE sc Carnare? _eolic 4EP 832- 657-",55,0,0
aug_cnh_771.jpg,61.0,77.0,88.0,88.0,10.6,44.34,5.89,5.4,2,199.33,208.0,18.67,4 1 7 1 1   II < 2 1 1 1 1 J 5 :; 1 1 Ii  1 1 ' 2  88 | { 8 8 1 p 2 ; 8 2 88 3 1 2 IL ? 9 | 1 1 ; 0062992562 0062992562 7vnoiavk oiuqliuu3l 0 0001 WJ VOIya 1 !,54,0,0
aug_cnh_772.jpg,178.0,317.0,165.0,165.0,3.48,34.01,24.48,0.02,0,226.67,227.67,228.67,"REpÚblica federativa Pnisferio dos TRans BRASIL Stcretariamac8onransPrRteito B8 CarteHrA NaCioKal 0e Habltacio {drwere Eiperhiso de Conduccio) Peixoio 30/05/1993   Cinino do Norte 9 08/12/2017 {06/+2/2027 409.941 ~1 DETRAN Io 1 193.584,270-60 44935458426 BYasleioi 1 | Motteo Fernandas Clivia Porto 1 Uane Yunsk E 32 5 Do License/ vitoria",47,0,0
aug_cnh_773.jpg,208.0,206.0,170.0,170.0,6.07,51.08,29.92,1.79,0,157.67,159.67,163.0,2 5E 525 1 42 551 57 2 l 5 5 20 155 1 DateRarc D994na 254801st0792uegy 22922 629 222 Z5,21,0,0
aug_cnh_774.jpg,174.0,291.0,140.0,140.0,10.68,100.0,34.85,2.45,2,210.33,221.0,6.33,"REPÚBLICA FEDERATIVA Do BRASIL ministerio Dos TRANSPORTES BR 5 ECRETARia Naciona L DE TRAnSito carteiranacional de HaBilitAçio / DRIVERLICENSE / PERMISO DE ConDUCCIÓN Nomee SoBRENOME KABIUTAÇRO Lorena Santos Daia [ocaleuf denascimenio 17/03/1962 Martins do Sul Daiaevissac Validade 09/10/2017 07/10/2027 1 DoCioenDADEhorgenissor(UE 86.514.544-2IIRGD AdoPC  Pagistpo e 1 573.412.086-35 83070891164 NACIONALIDADE BRASILEIRO(A) FILIAÇO 1 1 Noah Souza Alice Azevedo 1 Yorena Yanlos Assinaturado poriador ACC E Ee 5 E OBSERVAÇOES AssINADO DICITALMENTE DgpariangnioesiADUAI IRasuo LOCAL 4336+407081 | BELO HORIZONTE, MG MG681606770 MINAS GERAIS",81,0,0
aug_cnh_775.jpg,872.0,556.0,93.0,93.0,6.34,19.63,3.55,3.27,1,250.67,252.33,12.0,Valida EM Todo Territorio Kacional 2952662900 2952662900 1 { 1 F [ 1 1 1 H 1 0 { 2 UI 1 ' H6 | 8 {i 1 ; 1 8 1  2 | 8 1 ' 7 ; H II   5 1 L 00,45,0,0
aug_cnh_776.jpg,84.0,279.0,26.0,26.0,5.1,45.12,27.19,1.19,0,212.67,215.33,217.33,Repubiic CARTERA NACIONAL De HarIUTAÇãO) [DRIER LICENSE t PeRMiSo De conduccion Obvol E07722]lz7/2o3? 773_359 62=22 E Lo & H {samvsl Ferrairo {Hiecle 5= Ez Ee 1 5 45 253 1 Eisace s [85721729 Gix2ss 53744122447,35,0,0
aug_cnh_777.jpg,170.0,291.0,144.0,144.0,12.38,100.0,35.09,2.82,2,184.0,200.0,176.0,"REPÚBLICA FEDERATIVA Do BRASIL ministeRio Dos TRANSPORTES BR 5 EC RETARia NacionaL DE TRANSito carteiranacional De HaBilITAçiO / DRIVERLICENSE / PERMISO DE CoNDUCCIÓN Nomee SOBRENOME KABIUTAÇAO Dra. Sarah da Rocha Daia Localeuf denascimenio 14/11/1984 da Cruz Daiaevissac Validade 18/04/2016 16/04/2026 1 DoCioenDADehorgenissor (UE 75.179.332-9IFP Ad@PC N"" REGISTRO e 1 203.697.845-29 49108148627 NACIONALDADE BRASILEIRO(A) FILIAÇIO 1 | Vinicius Pachoco Sra _ Esther da Cruz 1 Yanoadcke Assinaturado poriador ACC E Ee 5 E OBSERVAÇOES ASSINADO DICITALMENTE DgpariangmioesiADuA IRasuo LOCAL 4336+407081 | BELO HORIZONTE, MG MG681606770 MINAS GERAIS",86,0,0
aug_cnh_778.jpg,874.0,557.0,91.0,91.0,7.36,39.65,3.74,4.24,2,238.67,246.67,16.0,Valida EM Todo 0 TerritÓrio MACIONAL 2952662900 2952662900 # 1 1 [ 1 H 2 1 1 A/ 9 I HI 2 1 H6 1 : 1 ; 11 ; 1 1 2 1 8 1 1 1 1 1 7 1 II | 5 1 L 89 1,49,0,0
aug_cnh_779.jpg,172.0,290.0,141.0,141.0,7.55,81.98,18.49,1.82,2,238.33,244.67,12.0,"REPÚBLICA FEDERATIVA Do BRASIL ministerio Dos TRANSPORTES BR SECRETARia Nacional DE TRAnSito carteira nacional de Habilitaçio / DRIVERLICENSE / PERMISO DE ConDUCCIÓN NomeesobReNoME Mariutacao Davi Luiz Fonseca Daia Localeufdenascimevio 12/02/1990 Machado Daiaevissac VAlidade 13/07/2021 11/07/2031 1 DOC [DENTIDADE / ORGeVissor / Ue 38.152.576-5IPF NªREGISTRO e 298.350.647-92 79289910133 1 NacionAlIDADE BRASILEIRO(A) FiLIAÇAO : 1 Ravi Lucca Lima 3 Isis Fogaca 1 Daog Jenssca AssinaiuraDo PoriaDoR ACC E Ee OBSERVAÇOES AssinaADO DICITALMENTE DePaRIAMENIO {SIADUAl IRasuo LOCAL 4336+407081 1 BELO HORIZONTE, MG MG681606770 MINAS GERAIS d CPY Y",85,0,0
aug_cnh_780.jpg,874.0,557.0,91.0,91.0,7.54,39.65,3.74,4.24,2,238.67,247.67,14.33,"Valida EM Todo 0 TerritÓrio MACIONAL 2952662900 2952662900 1 1 { 1 1 1 1 1 2 1 1 1 5 1 H :, ; 8 ; FERER 2 H [ ; 1 HM 8 1 9 1 1 7 1 II | 5 1 L 5 1",48,0,0
aug_cnh_781.jpg,,,,,7.4,72.36,0.44,47.91,0,225.33,225.33,225.0,0 DJexICL 0oi3 Joisdd *Diyidh (oainsva# 0z68l9++z6z 26-622*180*St{ JSso-Sl1*958*€S ~Jur OC ofoz/01/91 ozoz/01/8! qjboucruon 5961 / zO/v! 728GD7 endo 122n0N02 J0 0SI/H*3d / 35N32/7 83A*0 / OpÍvI7IGYH J0 7HNOIDYN YYI3LNY O4iSnya4 70 7ynoi2yn 71y134975 48 5718045nva1 so0 018? 2sinin 75v0 8 oa VaTlvd303f V91780434 OfluvkYan {korotVe:,46,0,0
aug_cnh_782.jpg,172.0,292.0,141.0,141.0,3.54,79.27,14.75,0.01,1,252.0,245.0,253.67,"REPÚBLICA FEDERATIVA Do BRASIL ministerio Dos TRANSPORTES BR SECRETARia Nacional DE TRansito carteira NaciONAl de habilitaçio / DRIvER LICENSE / PeRMISO DE CoNDUCCIÓN Nomee SOBRENOME Madinitacao Arthur Monteiro DAIA [Ocal { Uf De Nascimenio 23/06/1975 Sousa Daiaeuissac Yalidade 14/10/2020 12/10/2030 1 DoCioenudADE ORG eWISSOR / UF 97.652.272-9PC Ad CPC NCpegistpo ee 132.798.504-79 93012215743 1 Nacioualidade BRASILEIRO(A) FILIACAO 1 1 Francisco Carvalho Sara Mendes 1 lhurMonliro Assiyaiura Do poriacor ACC e 7oo7 OBSERVAÇOES Assinado DicITALMENTE UePAkaouoalun Ipksuo LOCAl 43361107081 1 BELO HORIZONTE, MG 8ue 160677o MINAS GERAIS",86,0,0
aug_cnh_783.jpg,172.0,290.0,140.0,140.0,3.19,74.53,13.4,0.0,1,253.0,247.67,253.67,"REPÚBLICA FEDERATIVA Do BRASIL ministeRio Dos TRANSPORTES BR SECRETARia Nacional DE TRansito carteira nacional de habilitaçio / drhver License / permiso De Conducción Nohe{ {obrinohf Karintacao Sr. Raul Machado Daia[Ccaeuf De Nascimenio 20/08/1987 Mendonca Daiaeuissac Yalidadl 05/02/2020 02/02/2030 1 DoCioenudaDe ORgevissor / W 68.151.106-0 DETRAN Ad CPC M Pegistpo n 845.913.267-64 27565245254 1 Nacioualidade BRASILEIRO(A) FILIAÇAO 1 1 Lucca Azevedo Maria Laura Novaes 1 RaulMachado Assiyaiura Do poriacor 2 7o7 OBSERVAÇOES assinaoo Dicitalmenie UePlknnuhsuui hAu 436-4uu81 LXA 1 BELO HORIZONTE, MG 8u€ 60o77o MINAS GERAIS",85,0,0
aug_cnh_784.jpg,180.0,300.0,120.0,120.0,9.11,57.18,22.6,3.43,0,155.33,214.67,158.0,Cariehea Sacaesnl 5Honlxnacke beconihucrw 1 | MINAS GEAA Le,9,0,0
aug_cnh_785.jpg,175.0,295.0,138.0,138.0,7.65,81.98,18.49,1.82,2,238.33,245.0,16.33,"REPÚBLICA FEDERATIVA Do BRASIL ministerio Dos TRANSPORTES BR S ECRETARia Nacional DE TRAnSito carteira nacional de Habilitaçio / DRIVERLICENSE / PERMISO DE ConDUCCIÓN nome [ SobREnoME HABILTAÇ^O Maria Fernanda Novais Daia Localeufdenascimevio 20/03/1946 Goncalves MG Daiaeuissac VAlidade 15/11/2017 13/11/2027 1 DOC [DENTIDADE / ORGeVissor / Ue 90.395.620-7IFP NPEGistpo e 298.765.304-29 79202843337 1 NacionAlIDADE BRASILEIRO(A) FiLIAÇAO 1 1 Gustavo Rodrigues Agatha Fernandes 1 On Naoad Assiyatura Do poriador ACC 2 Ee OBSERVAÇOES AssinaADO DICITALMENTE DePaRIAMENIO {SIADUAl IRasuo LOCAL 4336+407081 1 BELO HORIZONTE, MG MG681606770 MINAS GERAIS d CPY",87,0,0
aug_cnh_786.jpg,179.0,297.0,131.0,131.0,6.48,56.23,17.87,1.54,0,226.0,227.67,236.0,PEpuplicafcdERATivA Brasil eees carteiranacional Pe#awlfiACiO; Drwer Licexse / PEriso €e coxdtcción [cscmo nunss [os/07 /1948 Costo [53703/2023 05/03/2035 [75.394.48* 255P 66719065298 9 1 Sousa stallo cosiro 1 1 | MINAS GERAIS Do [2299526-02 {n2,34,0,0
aug_cnh_787.jpg,178.0,298.0,129.0,129.0,4.16,77.78,16.62,0.14,1,252.0,240.33,154.67,"Republica Federativa Do Brasil Nistevio Dos Teansfovtes BR Secvetavia Nacional 0l Tyansito capteira nacional de habilitacio / driver License / permiso de ConducciÓn 7iMome (okkimovi Coclllo Concolvos Dair locleloam iuimio 6/09/1929 Vlolro 02/01/2019 80/12/2028 Wxiamtioapg / Grtivrsor/ U 394,640-4ifp Wcigistpo Ae 610.886778E6 04179077666 1 Mae Kgooadl #kasilivoca) Vmeao 2 1 Anlony ^zovodo leadora Costro 1 uabe Fiatuea Dorokialaoe Oeflkaalot: enlominewil ; Havaiamnnaig (suonaa( Oe icamrtio LxM Auoauioki Mionokvontf MC MC6ai6661io 8 MINAS GERAIS",73,0,0
aug_cnh_788.jpg,171.0,291.0,147.0,147.0,5.99,55.42,17.96,1.54,0,226.33,228.0,235.33,"Repuvlica federativa d0 Brasil Astino 2obtrAe {p8an 8 (arte}ra NaChonal @e Habilyiacio /DRHvERZACEnSe / PeRMiso DECCWDUcChÓr {oüvia Vana {097/92/2001_Cassiano {0s/08/2024 7lo3/09/2034 [2285 964 {783.893,210-30 82308042150 GxssnEses | Br . Yuri Moura 1 Dra.` Helolsa Pinfo 5 1 5 1 MINAS GERAIS 2fP",42,0,0
aug_cnh_789.jpg,172.0,294.0,141.0,141.0,6.01,81.84,17.74,1.05,1,238.33,246.67,161.0,"REPÚBLica FdERativa Do BRasil 1s71kio Dos Franstor1is BR Sckliakia Nacional 0 Vkansio carteranacional de habilitacio / DRIVERLICENSE / PERMISO DE Conducción Nomlesonwinoml ilitagao Follpe Paalor iMiaun Uluemascimomio 06/05/1953 Plmonla Alogro Ms Ae Naliuai 05/07/2018 02/07/2028 1 DoC iotmiioang / Oroivissok / U6 90.176.566 DCTRAN Ad (y Qegisiro Calnai 320.418.675707 75814516207 1 Nac Iomaliiadl Ikasillikoca) Viliagao 1 1 Luan Carolo Marla Laura Cunha 1 Pasler arsimaiumadofokiadon ACC @usemyacoes Aesiwado Dioiialmnil Deyariamimiotsianuni DC iaamjiio VoeA Aijomnoiomi | Mllonokvonil, MG Moonio0oto MINAS GERAIS",80,0,0
aug_cnh_790.jpg,172.0,290.0,143.0,143.0,5.45,81.98,17.94,0.61,2,226.67,231.0,35.0,REPÚBLICA FEDERATIVA Do BRASIL ministerio Dos TRANSPORTES BR S ECRETARia Nacional DE TRanSito carteiranacional DE HaBILITAÇÃO / DRIVERLICENSE / PERMISO DE ConDUCCIÓN Nomee SoBReNOME Kadiuitacao Luiz Fernando Nascimento Daia Localeufdenascimevio 05/01/1962 da Mata Daiaeuissac Validade 23/03/2018 20/03/2028 1 DoCioeNDADEHorgevissor(UE 77.309.472-6PC M Pagigipo e 1 936.127.580-12 33447178437 NacionALIDADE BRASILEIRO(A) FiLIAÇAO 1 1 Samuel da Luz Dra_ Raquel  Teixeira 1  Assinaiurado poriador ACC 52 OBSERVAÇOES AssinADO DIGITALMENTE ; DePaRIAMENIO {SIADUAL IRAsuo LOCAL 4336+407081 BELO HORIZONTE; MG MC681606770 ' MINAS GERAIS d CPY,80,0,0
aug_cnh_791.jpg,172.0,292.0,140.0,140.0,6.74,81.44,18.68,1.38,2,226.33,235.67,11.0,REPÚBLICA FEDERATIva Do BRASIL isteRio Dos TRanSPORTEs BR Secretaria Nacional De TRansito carteiranacional de Habilitaçio / DRIvERLICENSE / PERMISO DE ConduCciÓn NoMeesorrenoMe Mamiuitacao Carollne Lopos Daia LoCAl Ufdenascimenio 30/10/1968 Guorra Grando Daianisoag bNAMOADA 23/05/2020 21/05/2030 1 DOC idiniidade / Oro[vissok / Ue 79.247.301 Ad (Pe S Neregisiro Cat Maa 1 815.329.407-50 92498570559 Naciohalidade URASILEIROCA) Filiacao ; 1 Dr. Noah Borgos 3 Llvlo Androdo 1 Garolmno Ychoe Assiyatura Do poriador 1 ObsekyasOes Assinado Digitalmente Depariamlwio [siadunl De [ransiio LOCAL 43j01407001 1 OelonokvonilMC MG68i60o77o MINAS GERAIS,84,0,0
aug_cnh_792.jpg,175.0,294.0,136.0,136.0,8.04,82.11,18.53,1.86,2,201.33,210.0,31.0,"REPÚBLICA FEDERATIVA Do BRASIL ministerio Dos TRANSPORTES BR SECRETARia Nacional DE TRAnSito carteira nacional de Habilitaçio / DRIVERLICENSE / PERMISO DE ConDUCCIÓN Nomee SobReNoME KaBIUTAÇRO Dr. Brayan Lima Daia [ocaleufdenascimenio 22/12/1946 Cavalcanti da Prata BA Daiaevissac VAlidade 01/04/2018 29/03/2028 1 4c DOC IDENTIDADE / ORG evissor / UF 33.568.549-0 DETRAN AdGPC NePEGistpo e 1 056.234.917-07 25434544615 NAcIONALIDADE BRASILEIRO(A) FILIAÇO : 1 Gael Henrique Camara 3 Heloisa Brito 1 Assinaturadoporiador ACC Ee OBSERVAÇOES ASSINADO DICITALMENTE OgpariangmioesiADuA IRasuo LOCAL 4336+407081 | BELO HORIZONTE, MG MG681606770 MINAS GERAIS Sroyen Sne",87,0,0
aug_cnh_793.jpg,,,,,2.39,10.45,1.74,3.06,0,238.0,240.67,163.67,"2952662900 { 1 1 1 3 [ 5 H 8 U 976 8 ; } 2 1 1 ; 8 { 5 [ 8 [ 1 U 8 5 8 1 1 5 7 97, U 1 3 1 1 ª",41,0,0
aug_cnh_794.jpg,176.0,294.0,133.0,133.0,7.87,58.94,21.09,2.0,0,226.0,228.0,235.67,"Republica fEdIrativa Do BRasil 0{808 0 carteyra RaChonal de habhlfTRcRo /uryer license / PeRMiso Deconeuccigw [ian dc Roso [2s/""3E Çovatcontl E7cs7zie 162/06/2028 {{2278.949_ZHRGD [.223 05 26312368903 1 Rkovi du Cruz unnd Correla 1 1 | MINAS GERAIS Cu",38,0,0
aug_cnh_795.jpg,873.0,558.0,92.0,92.0,9.45,44.43,5.23,6.0,1,185.33,200.0,178.0,Valida EM Todo 0 TerritÓrio NAcIoMAL 2952662900 2952662900 { 8 9 1 1 1 1 JIn H 1 é 2 1 4 1 1 ; F { FERE 1 1 2 1 1i 4 1 HM 8 I 1 ili H II | 1 L 95 5 1,48,0,0
aug_cnh_796.jpg,436.0,636.0,118.0,118.0,3.54,75.88,0.0,16.53,1,252.67,237.0,169.33,SIVM79 SVNIW {wow Wn Hnyinomhonw] 1 Mhna Venm Onis Pucor Oay CP Miiony (owitiisvan 1 Spppfepfcac 00F0e6 F2 (ieu 4if-Ou6 082'65 0'nshun$ 2n 3ror/60/n ecos/eo/or Jonmin) {y61/o/ei Mnamyaen M 0 Vima e Ooriermo) OP Mienuei 0s Jane Yn 484a% 8an un Noiddnono) 70 0sH7834/3sn72/7 83an0 /oyoyligyh J0 7noidw Wi}lny) O Jn W O 48 Usvya 00 Vaiivy7o] Vaiinqd74,58,0,0
aug_cnh_797.jpg,176.0,297.0,134.0,134.0,3.2,74.53,13.5,0.0,1,253.0,247.67,252.67,"REPÚBLICA FEDERATIVA Do BRASIL ministerio Dos TRANSPORTES BR SECRETARia Nacional DE TRansito carteira nacional de habilitaçio / drhver license / permiso De Conducción Nohe{ {obrinohf Kadintacao Luara Castro DAIA [Ccal { Uf De Nascimenio 15/12/1979 Rocha de MonterEgro Daiaeuissac Yalidadl 05/07/2022 02/07/2032 1 DoCioenudaDeORgevissor / W! 42.789.806-OSSP dPC MPegistpo n 643.987.501-93 19284658083 1 Nacioualidade BRASILEIRO(A) FILAÇAO : 1 Sr. Otto da Costa 5 Srta_ Gabriela Pastor 1 Basbo Assiyaiura Do poriacor 2 OBSERVAÇOES assinaco Dicitalmenie UaPknausuui hAu 4336-4u/u81 LXA 1 BELO HORIZONTE, MG 7u€ 60077o MINAS GERAIS Yuara",88,0,0
aug_cnh_798.jpg,171.0,294.0,145.0,145.0,5.17,58.94,18.21,0.66,0,227.0,228.33,226.67,"ceurestlionel €2 Peuioa 0449 Uiceyes {Persrotc Coaifutcos [Lazsnes {no/ee f672/2817 Fasinz (w*,1 404 1 [ 5 | MINRS CERAiS E2",20,0,0
aug_cnh_799.jpg,62.0,76.0,88.0,88.0,4.94,16.8,3.22,3.52,1,253.0,242.0,162.67,55 1 1 8 1 8 1 8 8 | 8 8 88 I p 1 ; 1 N 3 0062992562 0062992562 Ivnoiovk 0ivo11100l Oqolwi Voiiva,26,0,0
aug_cnh_800.jpg,178.0,264.0,164.0,164.0,4.96,52.03,32.13,0.58,0,228.0,228.0,229.0,292 06 Carteira } DehaBILTAÇÀO / Heltor {PErMISO DE conduccio ['8/05/1950   Mendes {07/01/2019 [04/01/2029 [2.527 167-ShRGO 1 093.486.715-10 92258092606 [Erasuzozaj 2 1 Carvalhc 1 Laro Vialra 1 [ [ coais REPÚBLCA FEDERaTiva 00 BRASIE Dos FTrAn5 6R For1es acional ransito NACIONAL ) /DRIVER UCENSE/F dcs Neyes Pletro,47,0,0
aug_cnh_801.jpg,174.0,294.0,137.0,137.0,7.43,81.98,18.49,1.82,2,238.67,247.33,16.0,"REPÚBLICA FEDERATIVA Do BRASIL ministerio Dos TRANSPORTES BR S ECRETARia Nacional DE TRAnSito carteira nacional de Habilitaçio / DRIVERLICENSE / PERMISO DE ConDUCCIÓN Nomee SoBReNOME HABILTAÇ^O Nathan Pinto Daia [ocaleufdenascimevio 25/08/1948 Freitas MG DaiAeuissac VAlidade 08/02/2024 05/02/2034 1 8( DOC IDENIIDADE / ORG evissor / UF 47.126.704-2IFP 4d [PF NªREGISTRO e 580.276.493-74 50059561802 1 NacionalIDADE BRASILEIRO(A) FiLIAÇAO 1 1 Yan Cavalcante Sara das Neves 1 Nalhan Pimnbo AssinaiuraDo PoriaDoR ACC Ee OBSERVAÇOES AssinaADO DICITALMENTE DePaRIAMENIO {SIADUAl IRasuo LOCAL 4336+407081 1 BELO HORIZONTE, MG MG681606770 MINAS GERAIS",86,0,0
aug_cnh_802.jpg,174.0,291.0,140.0,140.0,6.6,80.22,18.55,1.22,1,253.0,245.33,9.33,REPÚBLICA FEDERATIva Do BRASIL isteRio Dos TRAnSPORTES BR Secretaria Nacional De TRansito carteiranacional de habilitaçio / DRIVERLICENSE / PERMISO DE CoNDUCCIÓn Nomeesorrenome Haiiniiacao Arthur do Molo Daia LocA Nascimenio 10/11/1961 Ramos Daiaeuisoag Valioae 21/01/2021 19/01/2031 1 DOC ioiniidade / Oroivissok / Ui 95. 330 5IFP 4deng 5 MeregisiRo Cataai 1 732.695.408 42275391981 Naciohaliuadh URASILEIROCA) Filiacao 1 1 Dlogo Montolro Lols 1 drlhar daMlola Assiyaturado poriadoa  ObsenyasOes Assinado Digitalmente Depakiamewio [siadual De iransiio LoCAl 41j64407001 1 Mllonokvonil MG Mgokiboono MINAS GERAIS Llmo,81,0,0
aug_cnh_803.jpg,169.0,292.0,146.0,146.0,6.75,80.62,17.92,1.24,2,238.33,246.67,16.67,"REPÚBLICA FEDERATIva Do BRASIL inistRio Dos TRanspoRTEs BR SecRETaRia nacional DE TRansito caRTEIRANACIONAL DE HABILITAçÃO / DRIVER LICENSE / PERMISO DE ConDUCCIÓN NoMEe SorRENOME Kamiuitacao Dro.Boalriz Alvos Daia Local ( UF De nascimenio 17/05/1975 Ramos das Floros Daiaeniseng Valipade 04/03/2016 02/05/2026 1 DoC ioentioade / ORgevissor / Ue 48.141.296~8SSP Adcye Neregisiro {aiih 074.683.952-92 1096942662 Nacionavioada 1 ""rasiLEIROCN 3 1 Rhovl Covalcanto Carollne Coslola 1 BcoboHlo Assiyatuaado poriador ACC Es obsekvacoes assinado Digitalmente Depariamemioestadual iRansito LOCAL 43j04407081 | MELO HORIZONTE, MG MGokiboono MINAS GERAIS",83,0,0
aug_cnh_804.jpg,172.0,292.0,141.0,141.0,5.21,78.86,17.12,0.66,1,237.67,247.67,158.0,"Repuvlica Federativa Do Brasil 1671vo 0oy Vanaovi BR icv 1Av Nacional 0l 1vam8no Carteira nacional de habiutacio / driver license / permiso de conducciÓn Otio 30 Ut Uedu ivlniu 26/10/1946 borbooo 25/11/2016 26/11/2026 Iviyoyu 582,800 ~ vivod Vgsido 146,056,796-06 05015557029  Mvasillivocn) Vlo 2 1 Ur, Jooo Podro Poplor 2 Allono Virob 9 OUo Ya KI Uilwil Voolsiu iriio iuiuwi 1 Wlunovvovil MaC Mcobiouotiu MINAS GERAIS",65,0,0
aug_cnh_805.jpg,159.0,287.0,158.0,158.0,9.82,54.07,21.43,3.99,0,216.67,155.67,219.33,UAnEs Kscnonebf Horunso[oanekaticesseaeesursoecconeoce6e 424703720 @2 {2arssk 1 1 MINAS GERAIS,10,0,0
aug_cnh_806.jpg,175.0,298.0,134.0,134.0,5.83,60.16,18.52,0.97,0,226.67,228.33,226.33,"revgrlC; {fcceativk do aKAS85 Cerencielhuhcioj Creies terusoncokcok 544, Esizs @iai/2s Jgieis laiz2s @2023 1 | 9 [ 1 MInAS GERAIS",20,0,0
aug_cnh_807.jpg,171.0,294.0,140.0,140.0,3.79,78.46,15.72,0.0,0,240.33,248.67,157.67,REPÚBLICA FedEraTiva Do BRASIL iisterio Dos Transportes BR Secretaria Wacional de Transito CARTEIRA NACIONAL DE HABILTAÇÃO / DRIVER LICENSE / PERIISO DE CONDUCCIÓN NONk( Vitor Silveir ragnkekqnnr 26/04/1965 Caldsiro Yerde Aiol MIAC 28/07/2024 26/07/2054 1 QuLn i4ns 38310119 =Uifp ECSIL Cd 021.859-745-60 76717114376 1 545w4895@ | Or- Leandro Siqueiro Ana Clar [enrein 1 Uter Stkiro Kokcoeckico AuCOOCENT (OUACC Wango Lou Wcudiugi | BeloHOlMiEVc UcosIcocru MINAS GERAIS,66,0,0
aug_cnh_808.jpg,875.0,559.0,92.0,92.0,4.8,16.89,3.06,3.37,1,237.33,244.67,158.33,Yauda Ex Iodo 0 Territorio Racioral 2952662900 2952662900 5 1 1 2 1 1 1 2 : { h TFTEE 1 2 1 2 1 1 2: 1 1 1 1 1 H 1,34,0,0
aug_cnh_809.jpg,172.0,293.0,140.0,140.0,10.81,100.0,34.86,2.47,2,234.33,246.67,7.33,"REPÚBLICA FEDERATIVA Do BRASIL inisteRio Dos TRAnSPoRTEs BR 5 ECRETARia Naciona L DE TRAnSito carteiranacional de HabiliTAçio / DRIVERLICENSE / PERMISO DE CoNDUCCIÓN Nomee SOBRENOME KaBILTACAO Sra. Catarina Souza Daia [ocaleuf denascimevio 13/02/1954 Rios do Campo DaiAevissac Validade 28/08/2019 25/08/2029 1 DoCiDeniDADehorgenissor UE 24.774.142-4SSP 4d CPF NPEGistpo e 916.307.284-03 66504156324 1 NAcIONALIDADE BRASILEIRO(A) FILIAÇO 1 1 Igor Camargo Maria Luiza da Conceicoo 1 Bolontno Jouno assinatura Do PoriADOR ACC E Ee E OBSERVAÇÔES AssinADO DICITALMENTE DePaRiaMEnio {SIADUal Ipasuo LOCAL 4336+407081 1 BELO HORIZONTE, MG MG681606770 MINAS GERAIS",87,0,0
aug_cnh_810.jpg,62.0,76.0,87.0,87.0,5.99,26.27,3.21,3.54,1,238.33,248.33,16.33,"1 ' { 1 1 4"" 2 1 2 8 1 3 2 1 1 1 HII { 74 { Ii 2 : N | 84 3 ' 8 1 0062992562 0062992562 ivmoijvk oivqliuuJl 0 OOOL W] Vuiiva",38,0,0
aug_cnh_811.jpg,170.0,289.0,145.0,145.0,7.49,81.98,18.49,1.82,2,238.67,248.67,145.0,"REPÚBLICA FEDERATIVA Do BRASIL ministerio Dos TRANSPORTES BR S ECRETARia Nacional DE TRAnSito carteira nacional de Habilitaçio / DRIVERLICENSE / PERMISO DE ConDUCCIÓN Nomee SoBReNOME Mariutacao Isabel Cavalcanti Daia Localeuf denascimevio 20/01/1973 Cassiano Daiaeuissac VAlidade 27/10/2023 24/10/2033 1 DOC [DENTIDADE / ORGeVissor / Ue 79.121.527-9PC 4d [PF NPEGistpo e 869.431.752-46 89054292886 1 NacionAlIDADE BRASILEIRO(A) FILIAÇAO 1 1 Leandro Cassiano Vitoria Cassiano 1 JsabdBavakanb AssinaiuraDo PoriaDoR ACC Ee OBSERVAÇOES AssinaADO DICITALMENTE DePaRIAMENIO {SIADUAl IRasuo LOCAL 4336+407081 1 BELO HORIZONTE, MG MG681606770 MINAS GERAIS",82,0,0
aug_cnh_812.jpg,,,,,6.42,81.98,0.77,18.49,2,248.33,247.67,31.33,"SIVà39 SVNIW o8oovr9esw 9w Jinozidoh 01f) 1 OushYul IynayIs} OIJWYYIYYd30 inzkiyoia ooyniSSY 53QjyAuasgo BOOYioa Vannaisst 1 eHona DJnd7 Duy 5 DJuopueW winboor *J0 Coniasvaa 1 1 JoyonykoiyN ZS6ISSL61 / 1 01-068*9tS'LS ! 1 ayuno 08151938 X d) Ps a9uii9-{61*+ZS 8L In / vOSSIn} Ju0 aoyauvaqiooa szoz/z1/o5 9i0z/10/z0 1 ayourA 01 Orslnlfoc HdsepueM *P DJlªnbON +661/80/Zz OiNJnijsyk 30inno1yivo Soiuds 0041 Oysyinigyh , JNONJugos ) JHioN ! 8 N9I))70N0230 OSI//*3d /35N7217 *3A/*0 / OvjYL/7IqyH J0 7YNOIYN YNlJLYY) OLiSnya1 J0 7ynoijvn Viay17a)]s s31dOdSNvd1 soa oidj1siniw d8 7Sà9 00 VAIlVdJ0] VJi79od3à",87,0,0
aug_cnh_813.jpg,61.0,77.0,89.0,89.0,7.52,39.16,4.13,3.94,2,238.67,244.67,12.67,"1 7 1 1   II < 8 1 1 1 "" 8 ; 1 1 { | 11 p 1 ' 2 1 5 88 ; H1 { , 2 3 # | 1  g ; 1 0062992562 0062992562 Ivnoijvk oiuoliuu3l 0 0001 WJ VOIJVA 1",46,0,0
aug_cnh_814.jpg,55.0,75.0,95.0,95.0,6.14,22.46,3.16,3.13,0,227.0,228.67,226.67,Wagre 1 Oabo 006299z502 0062992562 Daeay Wnqehur & V8or 83ranlra,10,0,0
aug_cnh_815.jpg,,,,,5.27,17.29,3.71,5.22,1,238.33,241.0,150.33,952662900 2952662900 8} |  6 : 1 6 1 H 8 ' 1 ; 5 { 2 ; H7 H ' 1 6 { 9 8 1 6 5 0 { 2 8 ? 8,35,0,0
aug_cnh_816.jpg,874.0,557.0,91.0,91.0,7.66,39.65,3.74,4.24,2,238.67,248.67,148.0,"Valida EM Todo 0 TerritÓrio MACIONAL 2952662900 2952662900 1 1 1 1 1 JIn 1 2 1 9 1 2 H :, ; 1 [ FE | i 5 2 H 1 ; ; : 1 8 | 9 1 ; 1 7 1 II | 1 L 5 5",50,0,0
aug_cnh_817.jpg,53.0,373.0,26.0,26.0,2.16,16.41,1.33,1.1,0,218.33,220.33,220.33,VaLida ERa {ddd 0 YEDRItOriO Vaciorar 52900 2952662900 Julzkslehl| 2 5 8 1 8 1 Hililibhlul : 4 1 [,20,0,0
aug_cnh_818.jpg,456.0,644.0,150.0,150.0,0.03,2.03,0.0,0.27,0,252.67,231.0,163.33,"Siyd39 SynIY ; , ; ; 071g6 0 aarLle3 Eicil Lzilis rseeee Lieil Noynnaismai anaiaIOoMii-% WNOMA*SEY 01807in70 178013 802227y Soasovan {o0 Giu1159 2",23,0,0
aug_cnh_819.jpg,200.0,222.0,178.0,178.0,9.97,85.77,36.76,0.15,2,238.33,241.0,18.0,ud L FE UcKA(VA D 0 8 RASiL MinisteRio Dos TRans PORTEs 5 ECRETARia Nacional DE TRansito CARTEIRA NACIONAL DE HABILITAÇÃO / DRIVER LICENSE / PERMISO DE  26 Noheesobrenoye Dr. Coio So DAIA lOcalf Uf De Nascimenio 28/05/1952 Carvalho DAIA [Vissao 46 Validade 05/09/2020 03/09/2030 @ DOC [DENTIDADE / Org EMissor / Uf 29.110.457-JDETRAN SE 4d (Pe S Nregistro 532.974.180-79 22051185358 NACOYAUDADE BRASILEIRO(A) 3 1 Ryan Pires Srta. Antonella Ferreira 1 Dr 8aic $a Assiyatura 0o poriADOR ACC G1e De Die 12 OBsERVAÇOES 1 1 ;,86,0,0
aug_cnh_820.jpg,,,,,5.19,23.34,5.71,3.42,1,251.67,242.33,27.0,"vaLIDA EM T0D0 0 TERRITÓRIO HACIOMAL 562900 2952662900 8 1 1 5 6 1 1 I 2  | 4 é 1 HI 2  FR ' 1 !  5 { g 6 2 1 1 8 , ; U ;# ' 8 1 7 I 8 1 il: = 4 1 | 1 5 1 1 1 1",57,0,0
aug_cnh_821.jpg,171.0,294.0,139.0,139.0,11.87,100.0,34.48,2.27,2,195.67,205.0,9.67,"REPÚBLICA FEDERATIVA Do BRASIL ministerio Dos TRANSPORTES BR 5 ECRETARia NacionaL DE TRAnSito carteira nacional de HabilitAçho / DRIVERLICENSE / PERMISO DE ConDUCCIÓN Nomee SobReNoME HABILTAÇ^0 Maria Julia Cavalcanti Daia [ocaleuf denascimenio 11/02/1964 Santos Daiaeissho VAlidade 29/08/2021 27/08/2031 1 DoCioenDADehorgevissorUE 75.386.182-5IPF AdGPC N"" REGISTRO e 1 764.815.329-73 92595301289 NACIONALIDADE BRASILEIRO(A) FILIAÇO 1 1 Benicio da Mota Melina Peixoto 1 Marle JuheBanakoanb Assinaturadoporiador ACC E Ee OBSERVAÇOES ASSINADO DICITALMENTE DgpariangmioesiADuA IRasuo LOCAL 4336+407081 1 BELO HORIZONTE, MG MG681606770 MINAS GERAIS",79,0,0
aug_cnh_822.jpg,169.0,288.0,145.0,145.0,7.04,81.98,18.49,1.82,2,238.67,246.33,21.67,"REPÚBLICA FEDERATIVA Do BRASIL ministerio Dos TRANSPORTES BR S ECRETARia Nacional DE TRAnSito carteira nacional de Habilitaçio / DRIVERLICENSE / PERMISO DE ConDUCCIÓN NomeesobReNoME HABILTAÇ^O Maria Laura Macedo Daia Localeufdenascimevio 27/09/1988 Casa Grande das PesPas DaiAevissac 4b Validade 14/04/2017 12/04/2027 1 DoCioeniDADEhorgenissor(UE 32.926.714-6DETRAN 4d CPF N? REGISTRO e 125.493.068-05 33523756108 1 NacionAlIDADE BRASILEIRO(A) FiLIAÇAO 1 1 Vitor Hugo Campos Anna Liz Compos 1 ManioYauroHacedo AsSINATURA DO PORIADOR ACC 2 Ee OBSERVAÇOES AssinaADO DICITALMENTE DePaRIAMENIO {SIADUAl IRasuo LOCAL 4336+407081 1 BELO HORIZONTE, MG MG681606770 MINAS GERAIS",85,0,0
aug_cnh_823.jpg,175.0,295.0,136.0,136.0,7.57,81.98,18.49,1.82,2,238.67,248.67,152.33,"REPÚBLICA FEDERATIVA Do BRASIL ministerio Dos TRANSPORTES BR SECRETARia Nacional DE TRAnSito carteira nacional de Habilitaçio / DRIVERLICENSE / PERMISO DE ConDUCCIÓN Nomee SoBReNOME HABILTAÇ^O Alexandre Campos Daia Localeufdenascimevio 28/02/1999 Vargas Paulista DaiAeuissac Validade 13/05/2018 10/05/2028 1 DoCioeniDADehorgenissor(UE 44.928.176-4SSP 4d [PF NPEGistpo e 1 264.037.851-17 6785861668 NacionAlIDADE BRASILEIRO(A) FiLIAÇAO 1 1 Benicio Cardoso Manuella Martins 1 Hoo Gamhos assiyatura Do poriador ACC Ee OBSERVAÇOES AssinaADO DICITALMENTE DePaRIAMENIO {SIADUAl IRasuo LOCAL 4336+407081 1 BELO HORIZONTE, MG MG681606770 MINAS GERAIS",78,0,0
aug_cnh_824.jpg,167.0,288.0,146.0,146.0,8.57,82.52,55.27,0.97,2,238.33,240.33,16.33,REPÚBLICA FEDERATIVA Do BRASIL ministerio Dos TRANSPORTES BR sECRETARia nacional DE Transito carteira nacional de HABiliTAçio / DRIVER LICENSE / peRMISO DE ConDUCCIÓn 26 NOwE [ SobR[noME MABILITACAO Soro Dias Daa lOcN {Uf De Nascimento 26/07/1979 Mocedo 48 DaiA [Visso 746 Valiqade ACC 10/02/2017 08/02/2027 1 DOC IDentIDADE / Org {Vissok /Uf 91.394.574-3iiRGd AM Ad (Pe 5neGiSTRO CaT /44b 1 107.953.468-75 50502276296 NaciohalidaDe BRASILEIRO(A) ; 1 [Ryan Silveiro 3 Emonuelly Ribeiro 1 Yana_Diac Assinaiura Do PoriaDoR ACC Gie Die oaservacoEs Assinado DIGIIALMENTE ; Depariamenio [siadual De {ransnio LOCAL 43361107081 BElO HORZONTE MC Mc681o06770,93,0,0
aug_cnh_825.jpg,,,,,6.24,22.07,2.27,7.09,1,253.0,242.33,30.33,0 1 4 1 Ju ? 2 1 1 4 1 1 8 [ 81 | 1 ; 8 5 2 HU | HU 6 Nd 8} 1 ; 6 I9 1 2 5 2 1 1 Ju 1 [ 1 1 ! { g 9 1 ? | 2 | 5 2 1 2,55,0,0
aug_cnh_826.jpg,873.0,564.0,89.0,89.0,6.38,20.51,3.18,3.47,0,225.67,227.0,236.0,Vt UpRtth Hiot # fthunfbun gucl@kA 2952662900 2952662900 Wlkqh@ 8 1 Hbbbkku,12,0,0
aug_cnh_827.jpg,176.0,297.0,133.0,133.0,5.77,81.98,17.92,0.52,2,253.67,248.33,30.0,"REPÚBLICA FEDERATIVA Do BRASIL ministerio Dos TRANSPORTES BR SECRETARia Nacional DE TRansito carteira nacional de habilitaçio / druver License / permiso De ConducciÓn NohefSobrinohf Madinitacao Thomas da Cunho Daia[Ccaeuf De Nasihenio 26/05/1948 Carvalho das Pedraso Daiaeuissac Yalidadl 16/03/2019 13/03/2029 1 DoCioenudaDeOrgevissor / W! 54.553.512-OPC 4d [PF n oe 1 230.674.958- 78822704415 Nacioualidade BRASILEIRO(A ) FiliaCo 1 1 Nicolas Almeida Melino Rocho 1 Jhomas d Bunha Assiyaiura Do poriacor Ee OBSERVAÇOES assinado DicitalmeniE Upahehknkka Tpasuo 4336-H0/u81 LoCa 1 BELO HORIZONTE, MG Mgbe 600770 MINAS GERAIS",84,0,0
aug_cnh_828.jpg,173.0,291.0,142.0,142.0,5.11,78.59,17.69,0.69,1,237.67,248.0,154.67,"Klruvlica (ldlkativa Do #kasil Fo7""io 0o (fansyo""is BR Sc""av Nacional 01 ( yaeo carteira nachonal de habhlitacio /druver license / permiso de conduccion Nomeeloorthome Ano heolrlz Kodrloues DeMAse imemit 04/10/1066 do Keoho Apaiuen 04/00/7010 01/00/7020 Ousuomitoen / ckoevisoryi 66667 607 Zipe Aa(rt Gegigiro 687876 160 6678400000 Mkasiltiko(a) 8M1a4an 1 Jono 1uoue Andrade loadora Movaes 7 Cialoiclmewi Yakiamewioegtanuaat 06 (kaiio 86996/001 1 nfionokvonie Mo Mo6ni6616iio MINAS GERAIS",66,0,0
aug_cnh_829.jpg,184.0,300.0,120.0,120.0,3.09,34.28,9.83,0.56,0,228.67,228.33,237.0,Rerriocy aa2 {aurue e 404 1 1 MnaS GEPAIS,9,0,0
aug_cnh_830.jpg,,,,,13.3,100.0,3.05,35.51,2,166.67,175.67,11.33,SIVà39 SVNIW 08oo989esw 2w Jnozinoh 01f) | ouskYuL30 IvnayIs} OINJWYYIYYd3O ainzkiyoia QoynISSY 5JQ2YAuasgo BOOYIHOa O0 YunlYNISSY cerex 1 Qivg P0Z 5 opuozeH oJped moaiasvna | ! JoyonykOIYN #SL6+8S9OtS Zz-1t9*6S7'L08 1 OYM 11d 0d151938 X Jd0 Pr = NVYLJOZ-+19*656*0v / HoSsIn] J*0 Zokauvagioa 96 ssoz/9o/vz szoz/90/LZ 1 JardIIrA 9r Orsslngayo Gr DidJd DP Duens St61 /80/9z OiKJnijsyk g0ininolyivo OiUBUi?sDN OYsviniqyh JNONJugos ) JKioN / 2 N9I)270N0230 OS///*3d /35N3217 *3A/*0 / Ov5YL/7IqyH J0 7YNOIYN YYIJLYY) 0115 NVa 1 10 7vnoijvn Viav11a)15 5 11à0 SNVd1 soa o1d1Siniw Y9 USVà 9 o0 VAIlVà]0]J VJi7aod]à Dadn,91,0,0
aug_cnh_831.jpg,171.0,289.0,147.0,147.0,4.94,46.75,13.9,1.15,0,229.33,228.67,237.0,Repebuica federativa Do 8 Ras1{ Carteira nacfonal DE HRSHLHtAcao; DRAer LIcEnsE [Pteuso DE cowoucción Las9o Concolado {21/09/1967  Aravis do caino {2*/08/2217 JEzz72027_ (58.447337_sss9 {629.319.274219 83862885837 5 {2 | 1 Et_ 1 MINAS GERAIS,33,0,0
aug_cnh_832.jpg,139.0,316.0,169.0,169.0,9.83,86.45,34.7,1.33,2,231.0,236.33,13.33,REPÚBLICA FEDERATIVA Do B RASIL BR ministeRio Dos TRanSPORTES SECRETARIA Nacional DE TRanSito CARTEIRANACIONAL DE HABILTAÇÃO / DRIER LICENSE / PERMISO DE CONDUCCIÓN KaBilitaCAo NOHE [ SobRenoMe Honrique da Conceicao DaIA local EUF De Nascimento 28/11/1991 Albuquerque SP 0at4 [Vi5s40 ValiQaDE ACC 06/10/2016 04/10/2026 46 DOC [DeNTIDADE / ORG EVissor /uf 65.814.951-8IFP CE 5 NregisTRo Catib 4a CPf 410.785.936-39 48997426419 1 BRASILEIRO(N) FILIco ; 1 Josue Costo 2 Emanuella Brito 0 6oncahn AssinaURa Do PoriaDoR ACC Cle Die 12 ObservaÇOES AsSIVADO DigITALYENTE Depariamento esiadual DeTRa 4336+407081 1 ;,88,0,0
aug_cnh_833.jpg,113.0,308.0,147.0,147.0,8.2,61.38,42.81,0.3,2,238.33,238.33,20.33,"DE DE 'MabiutaÇao 1l DE AC Milena d0 DaJA LOCA das Flores Jesus ACC DatA /0Rg AP 1 4d (Pf 306.215.984-70 1 [BRasiLEIROUA Filaçko ; | [ mmuseo sonbs 2 Dra. Ano 1 Ahne Goncokcoo assnatura Do Poriador GIe Die 12 ObseryKOes ; FEDERATIV"" PORTES Trans REPÚBLICA Transito Dos ECONDUCCIÓN Rio ministe nacional SECretaria 'perMISO L 'License | 'DRIVERL habilitacio / carteira NaCIoNal [ {SObplNOME Nomee Mascimemio Conceicoo eufdet 20/10/1995 Valiqade 02/10/2029 {VisSAO /05/10/2019 {Vissor/uf DoCidentioaDE / 'DETRAN 44.323.360-7 L CafMAB registeo 18461368465",83,0,0
aug_cnh_834.jpg,440.0,638.0,116.0,116.0,4.96,81.98,0.2,18.21,2,251.33,248.33,34.33,SIVà39 SVNIW 04/909/892w 21 'Jinoziaoh one) 1 [Rolottqeet QuskyM| Ingvisi oualyyehydio Azieakyhls5 53027/03580 L2Ozhoa 7/n8issy vPuo)r 1 DpijaJDdy DHJOIJA DUDW DJS 5 o1w onb$dx 1 ª (VJoxia7ishaa Joyonykoijyk SSS9OSt6S /0 {L-{86*|St' ZL9 1 Qy 03151978 94] Ps NvY1JOO -[S8*694*99 4 H0ssny0 Goyqiioiooo Isoz/1v/zz Izoz/1v/vz 1 Qoyoirk O ssioaay0 € Didw DP Sooz/ LO/+0 Diranijsyk 0 ini7j1 e1vg sepuew Ojsipud} Oyviiayd Jnoniysos VanoN( 2 N9I))70N0)70 OSII*3d /35N7217 *3A180 / OvJYL7qyH 30 7YNOIYN YIJLYY) OLisnya1 10 7ynoijvn Viay1]a)]s s1àOdSNvd1 soa oid]1siniw da USVd8 00 VAIlVd]0JJ VJi78od]d,84,0,0
aug_cnh_835.jpg,61.0,75.0,88.0,88.0,10.71,40.82,5.86,5.36,2,199.33,209.0,14.67,"1 Ju  9 7 1 8 8 1  2 0 2 1 U  1 1 1 1 1  I 5 J/ 1 8 1 p 8 3 1 "" Iy 1 1 | ; g 0062992562 0062992562 7vnoijvk oiuqliuu3l 0 0001 WJ VoIva",43,0,0
aug_cnh_836.jpg,145.0,359.0,195.0,195.0,11.47,91.73,17.09,1.46,2,245.67,250.0,7.33,REPÚB LICA FEDERATIVA Do B RASIL ministeRio Dos TRAnSPORTES SECRETARia Nacional De TRansito CARTEIRANACIONAL DE HABILITAÇÃO / DRIVER LICENSE / PERMISO De 2€ inoheesobrenone Sra. Cocilia Goncalves 3 DAIALOCA Ufdenascivevio 14/11/1981 Mendes MG DaiA [Vissao 46 Validade 07/12/2021 05/12/2031 4k DOC IDeNIIDADE OrgevissoR 28.301.155-SSSP Ro 4d (Pe BEGLSTRO 051.329.764-25 90831207413 NacionALIDADE BRASILEIRO(A) 1 Lorenzo Aparocido Sofia Aparocido assinatura Do PoriADOR ACC C1e Die OBSERVACOES,64,0,0
aug_cnh_837.jpg,220.0,116.0,93.0,93.0,5.27,66.12,28.06,0.79,1,238.33,241.67,214.0,RE 0u? DE TRANS dE De 'HaBiltAçio /D rLicense | Mateus Macedo Daia Ioca EuhDe nasciminto DF Alves AcC ValiqaD{ DATA 01 [04/02/2025 DOC idenTIDAOE / ÓRG EVISSOR / UR 'IIRGD RN 1 80. 5n' ReGistro Cat HaB 4d (PF 07804950602 436.172.509-80 1 [BRasileiro() FILAÇIO ; | Vltor Hugo Borges 2 Dra. Hodossa Rodrigues 1 alaus Macedo assinatuea Do porildor) DiE OesERVAÇOES ; loun asssaogonamisnio [BELO HORIZONTE MG 13361407081 ministerio ECONDUCCIÓN nacional Secretaria 'perMiso [ 'DRIVERL MaBUTACAO carteira NacIoNal D Sobrinove Novee 24/04/1972 1/02/2033 EViSSO 464.817-75,86,0,0
aug_cnh_838.jpg,124.0,289.0,182.0,182.0,7.76,66.94,39.78,0.41,1,225.0,225.67,225.0,"Cenisterio Dos Do DE BR de EhabiLtaÇio /[ Joao Rocho do Sul 1 (8/04/2024 1 Aa(F 562-9SSP [89.670 . : | Aoinalt n; 1 1 1 [ ; REPÚBLICA FEDERATIVA B RASIL Stcre7ar14 Trans FoRTes Naconal Transito CARTEIRa a (MACIONaL D FdrNeR Eicense / JPERHISO DE ConducCiÓn DYcuE Felipe Tolxelra 127/04/1958 16/04/2034 [16,507. 421-40 51866256234 BRASI} LiRo(a) Malous Comorgo Anlonella Gorcla",61,0,0
aug_cnh_839.jpg,40.0,47.0,102.0,102.0,4.4,12.99,4.0,6.26,0,216.67,218.67,220.0,[ua 8244 C #e 0062992967 MAJus ier $ tlleiss G9tina,10,0,0
aug_cnh_840.jpg,174.0,296.0,138.0,138.0,9.18,100.0,34.32,1.69,1,192.33,202.0,190.33,REPÚBlica Federativa Do Brasil 1is7iv1o Dos (vansyoviis BR Sicvftavia Wacionai 01 Tvansi1o CARTEIRA NACIONAL DE HABIUTAÇÃO / DRIvER LICENSE / PeRMISO De ConDuCciÓn Movligobbinovi Mo Rhovl d0 Rocho Daia[o Duyivawio 6/04/1963 Fornondoe do Comnpsc nln 17/07/2020 5/07/2030 1 Dociuiwtioadl / Oruiviroeiu 90.586.110 - iirgd icisieo Calha 1 825.409.673-29 27978122126 Wioldadn Byasilliyoca) Wlveo 1 | Loonordo Monlolro Srto Morlo Eduardo Cardono 1 Rhob L8h Feabuea Dovoliador Ee Obhyikot; Fuudolicilnviil ; Dipaeuavuioesuouelolioalito LoN 6310440/061 Bllovovvonil Mc uconiooo7io 8 MINAS GERAIS,78,0,0
aug_cnh_841.jpg,,,,,2.92,15.18,1.2,3.89,0,237.33,239.0,156.0,pW Znozimoh 0770 0/290918921 1001 oushyuto Mosodonsootsnunoo : 7NJ7Y1I9I0 OOYNISSY SQÍyab7S8O Zi 210 227 #OOYIHOd O0YunYNISSY SBDAON SIS| 'DJO senbaon sn$pwuu) 1 (Voxiz7isvya JOVOIYROIYN 07876956880 0Y-761*SL0*{98 0815/970 @YM JY 9W Jdl6-897*591*28 in / MOSSI/] 980 / J0rOIIn70i 200 > 6zoz/0w/vz 6ioz/01/Lz 0 JOvdIIYA Fiyo Jd didJd DP DJibaiis 1S61 /ow/oz OiNJHIDSYN 30 +n 31201 YivO € Dsuopuew sdiyidw JMONJdgos 1JHON 00 l Oussina,63,0,0
aug_cnh_842.jpg,63.0,77.0,85.0,85.0,5.06,17.38,3.37,3.63,2,252.0,248.33,34.67,"1 1 1   Il 1 I8 1 1 1 8 8 5 1 1 1 ; , p 1 2 1 1 88 5 HL 8 ; 2 A 3  Il : F  ; 1 : 1 0062992562 0062992562 IUNOIJUN 0iuo1IUU}I 0 0001 WJ VOIIVA",45,0,0
aug_cnh_843.jpg,128.0,227.0,157.0,157.0,4.59,48.51,27.19,0.57,0,217.67,219.67,220.33,"10 B FEDERATiv 316a,o 22 LDgHBLikçio,DrNERLCENSE /PEMiSo DEcosoucción CarteiraRacionsi LExoh_Albuquergue [i7n67287 Andraag @@rsuris_JGsioo?s {8.155254_7Derran AP [291.873.046 78 74519744751 Lsn 1 [sros0 Owan cec 1 5 82 REpoblica 1 | 1",30,0,0
aug_cnh_844.jpg,155.0,217.0,186.0,186.0,5.55,59.21,25.81,0.94,1,238.33,234.67,158.33,Us DE BR 26 DE habilitacio / (Heitor dE IcCleuf De 31/03/ 1 DatA EVissao de da PBE [19/08/2024 17/08/ ACC 53.595.7670*7 SSpuissok i U SSP 1 4d CPF RR [218.436.907-13 Npeglstpo Catiab NacIowALIDADE 1 1 E2 1 Heilor Luiza Farios Vicimo AssiNATURA Do PortADOR ACC Gie DiE 12 OBSErVAÇOES AsSinADo DiCITALMENTE ; Depariamemio estaoualDetan 4330407081 LOCA MG68icoo77o FARia d KaSil Transportes NaC1 Onal CARTEIRA E Transito NACIONALE DRIVERL Rovee Sobeerove LICENSE / [PERMISO [ Visiro CoNDUCCIÓK Mabiuitacko 3 Daia Nascivewio /1955 Noscimento VaLIQAOE {2034 DOK IDatiDADE [ 07562775771 Ano,90,0,0
aug_cnh_845.jpg,174.0,297.0,132.0,132.0,9.24,100.0,34.64,2.05,1,195.67,206.67,9.67,"REVUvlica Flderativa Do #RastL Minis11 8i0 00s | Kans7o""11 > BR Sie"" ak 1a NaCiona 11 ! Kans110 carteranacional de Habilitacio / DRIVERLICENSe / perMISO DE ConduCciÓn NoMeesoontnome Veateilitacao Dra. Lavlnla Fogooa [mia [ixa Demacimomio 26/07/1996 Rlbolro Aloare imieao Valiuai 13/10/2018 10/10/2028 1 DoC iomiioang / Oroivissok / U6 95.095.600~0iPF Ad ("" regisiro Calnoai 1 216.756.394 36261254450 Naciomalinadl Ikasillikoca) Viliagao 1 | DavlMlquol Sa Valonllno Frollab 1 ArlinaiuvaUl Fokiaio)n ACC 1 Oosehvagous Ainado Diqiialmnil Deyariamemiotsianun OC imamsiio Local Jjoaoiomi | Mlionokvonil, MG MOonioooto MINAS GERAIS",85,0,0
aug_cnh_846.jpg,,,,,5.58,77.24,0.62,17.35,1,237.33,245.33,160.0,SIVX79 SVNIW Ravvw IinoVimwoian 1 80iiei4 Moiton M0ino ) n0) (VJo)mi ( iisvmM 1 Sefeebobey} 917849*06*830 248-Y8a'60p'0p 0308 /80 /80 8i0:/0 /80] Cnidamod   0008/10/00 0Mun) CnlieM oamiene] noiddnano) J0@s78874 /7sn79/7x7Mh0 /oysvuttovh J0 7ynoidvn wiinv) iian 48 Usvno G in0in,39,0,0
aug_cnh_847.jpg,420.0,623.0,149.0,149.0,7.44,81.98,1.84,18.96,2,238.67,245.0,15.33,SIVà39 SVNIW o8oo9r9esw 9w J1nozidoh 01f) 1 OuskYuL IynayIs} OIMJWYIYYd)0 ainzkiyoia QoyniSSY 53024A83590 EOOYiOa 0Qybnnisst iof 1 DPiewlv Duiiojd] 5 Dypo8 DP lenudwg Coaiasvaa | 1 JoyonykoDyN 68L8LSLYvtt SZ-6tS*LOS*9LZ 1 OYM 1Yd 04151938MS d) Pe 9d8-5Z8'L9Z SZ / HoSsIn] J*0 aoyauviqiooa 26 osoz/z0/90 ozoz/z0/60 1 JordiIrA 9r OrssInafiyo € @Pudjs Disoo DP vooz/s0/LI OINJnijsyk g0inano1yivo Dznos Dill?e) Ovoviridyh JNONJugos ) JKoN / 2 N9I))00N0230 OSI//*3d /35N7217 *3//*0 / OvjYL/7IqyH J0 7YNOIYN YNlJLYY) OliSnya1 10 7vnoijvn Viay1]a)]s s31dOdSNvd1 soa oidj1siniw &8 7iSVà9 00 VAIlVdJ0] VJiaod3à,84,0,0
aug_cnh_848.jpg,171.0,291.0,147.0,147.0,7.76,81.98,18.49,1.82,2,238.33,248.67,14.67,"REPÚBLICA FEDERATIVA Do BRASIL ministerio Dos TRANSPORTES BR S ECRETARia Nacional DE TRAnSito carteira nacional de Habilitaçio / DRIVERLICENSE / PERMISO DE ConDUCCIÓN Nomee SoBReNOME HABILTAÇ^O Caue Caldeira Daia Localeuf denascimevio 03/06/1974 DaiAevissac Validade 11/04/2022 08/04/2032 1 DoCioenDADEhorgenissor(UE 87.188.440-SIIRGD 4d [PF NPegistpo e 069.852.341-51 18782860726 1 NacionAlIDADE BRASILEIRO(A) FiLIAÇAO 1 1 Jose Miguel da Conceicao Milena Goncalves 1 Baue Baldeima AssinaiuraDo poriaDoR ACC 2 Ee OBSERVAÇOES AssinaADO DICITALMENTE DePaRIAMENIO {SIADUAl IRasuo LOCAL 4336+407081 1 BELO HORIZONTE, MG MG681606770 MINAS GERAIS",80,0,0
aug_cnh_849.jpg,63.0,79.0,84.0,84.0,5.25,19.04,3.11,2.91,0,229.33,228.67,237.0,1 | 1 H8 1 0062992563 006z99zs6z Ureank Eeguh} @ UeDE1a *04144,12,0,0
aug_cnh_850.jpg,,,,,2.85,26.37,1.51,0.35,0,253.0,238.67,156.33,Valdn 2952662900 0 8 8 P 0 9 F 8 1 8 1 1 9 1 1 1 8 8 1 1 1 { 8 8 1,27,0,0
aug_cnh_851.jpg,,,,,6.21,22.46,4.24,6.12,1,238.0,240.0,153.67,1 1 1 1 1 5 { 1/8 { 1 1 2 8 1 8i 5 5 | ! 1 < 1 1 1 1 1 ;l: 7L 8 1 8 I8 1 1 1 1,36,0,0
aug_cnh_852.jpg,179.0,299.0,129.0,129.0,5.6,81.98,17.96,0.62,2,252.67,246.33,161.67,"REPÚBLICA FEDERATIVA Do BRASIL ministeRio Dos TRANSPORTES BR S ECRETARia Nacional DE TRansito carteira nacional de Habiltaçio / DRIVER LICENSE / PERMISO DE Conducción Nomee SoBReNOME Madinitaco Thales Pimenta DAIA [Ocnl { UF De Nascimenio 19/04/1988 Rocha Daiaeuissac Validade 28/08/2017 26/08/2027 1 DoCioenuDADE Orgenissor (UE 64.685.537-7IIRGD 4d [PF oagigipo e 137.804.256-53 56492482260 1 NacionalidadE BRASILEIRO(A) FiLIACAO : 1 Marcos Vinicius Cunha 3 Leticia Macedo 1 JhalsPimenla AssinaiuraDo poriador 5s 7 OBSERVAÇOES Assinado DicITALMENTE JePAkdsuun Tpasuo LOCAL 43361107081 1 BELO HORIZONTE, MG MC681606770 MINAS GERAIS",84,0,0
aug_cnh_853.jpg,174.0,290.0,142.0,142.0,6.63,51.76,17.32,1.85,0,219.67,221.67,222.67,ZEpobrica fedrrrttu 0o # 8a51l 17r 33n 01 CARveRa saciowai DE HBBiLacIo7DRPEr LRCExSe ?PER8go DE ccspucciaur MSLther Giensss {2/c/2012  [93/09/221 [82254359 02222 E2 | 5 | MINAS GERAIS ({253955,29,0,0
aug_cnh_854.jpg,175.0,292.0,141.0,141.0,8.86,65.04,23.88,2.46,0,216.33,220.0,157.33,CNeiraae oler8rcao Brnerareasc i?ureoccenerShx E5 E22J22 5 S9ls | | MINAS GERAIS Ee_,13,0,0
aug_cnh_855.jpg,,,,,7.36,81.98,1.84,18.96,2,238.67,244.0,13.33,SIVà39 SVNIW o8oo9r9esw 9w J1nozidoh 01f) 1 OuskYuL IynayIs} OIMJWYIYYd)0 ainzkiyoia QoyniSSY 53024A83590 EOOYiOa 0aYnnissy 1 sDile} DJdio 5 DJleallo Joueh Coanasvaa | 1 JoyonykOiyN 8i8l+04LLZS {6-Lt/*980*6SS 1 OYM 1Yd 0d151938 X d) Pe NVY13O8-686*619*71 / OSSIn} H4Q / JOYOILNJOI JOO >6 Isoz/01/10 Izoz/01 /so 1 orourA 04 OrssInafiyo € Ja sdilejJ @P senbJow oooz/90/s0 OINJnijsyk g0inino1yivo odjibouo] DP |enb!W esof Ovoviridyh JNONJugOs ) JoN N9I))00N0230 OSI//*3d /35N7217 *3//*0 / OvjYL/7IqyH J0 7YNOIYN YNlJLYY) OliSnya1 10 7vnoijvn Viay1]a)]s s31dOdSNvd1 soa oid]1siniw &8 7iSVà9 00 VAIlVdJ0] VJiaod3à,86,0,0
aug_cnh_856.jpg,63.0,76.0,83.0,83.0,6.64,20.7,3.62,3.51,0,221.0,223.33,223.33,1 1 1 8uulce H 1 1 0 9 0062992562 0062992562 Juvoinyy ?Wguua} @ 0004yl3 danya,16,0,0
aug_cnh_857.jpg,915.0,605.0,86.0,86.0,5.93,14.84,5.27,4.69,0,214.0,216.67,218.33,YAGiuB {a+ ICou & {EaFty6Ri9 Maciaten{ '52662900 2952662900 Mupbhpr Jkpabhh] 1,11,0,0
aug_cnh_858.jpg,,,,,1.66,5.66,2.21,0.78,0,216.33,218.33,219.0,YMtk {4 1ieu 9 {eantni8Y ~aciene 52652900 2852662900 Wypt 8ia9,10,0,0
aug_cnh_859.jpg,874.0,557.0,91.0,91.0,7.58,39.65,3.74,4.24,2,238.67,248.67,14.67,"Valida EM Todo 0 TerritÓrio MACIONAL 2952662900 2952662900 1 1 1 1 1 JIn 1 2 1 g P 1 H :, ; 1 1 TFRER { 2 H : | 4l ;: 1 5 1 1 II | 0 1 1 L 89 1 1",46,0,0
aug_cnh_860.jpg,170.0,288.0,145.0,145.0,5.68,78.86,17.17,0.84,1,237.67,246.67,154.33,"Reruvlica ( ldlrativa Do URast 11070 86 70n1i BR AC On Fan 18 carteiRanacional de habilitacao / driver License / permiso de Conduccion Momeecoohthome Deabilotakan Dlanoo Dabboeo Ve Masgimeuio 706/2003 Moluee Yaliuani 21/07/2010 0/07/2020 Oi Viiaie / 0an 186087 2 274,206E}dcikan 0iai8ibn Fai Van] 007,041,807714 77264700074 Waal |owialivalde Dkariltikoca) Viiagan 1 Lulz ernondo Ferrelro Kolaelo 80 Herbeco 9e/maiuhaoo Pbhehvacoks Ioaaonen Woiamml taniamiMioteoiaila( Iamsiiu im M 80 9 80/606 1 Mlionouvontt , MO Monaiono/in MINAS GERAIS",75,0,0
aug_cnh_861.jpg,171.0,289.0,146.0,146.0,7.07,64.91,19.51,1.49,0,227.67,229.0,227.0,"REPUBLICA FEDERATIva Do bRasIl Terio 00s (k Ns""oRT 84 Nacion 9E 7ransito carteira nachonal De habhlitacio /driverlicense / Permiso De Conducciós [ir Migue Ferroira [09/09 /2003 Souzo {7/6/2022 7/i4/06/2032 {24.864.610-5ssP [15.720.963_3 80405648482 {xsuunon 0 1 [Joss Padro Aparecida 3 Dra:Juliano Noguelro 9 1 [ | MINAS GERAIS",47,0,0
aug_cnh_862.jpg,145.0,269.0,184.0,184.0,8.43,76.69,49.89,1.69,2,209.67,213.67,168.33,REPÚBLICA FEDERATIVA Do BRASIL ministeRio 2ª RAssprRtESto S ECRETaRTA Nacional CARTEIRANACIONAL DE HABILITAÇÃO / DRIVER LICENSE / PERMISO DE CO' NoMEE SobREnoME Sro. Mario Luizo Barros DAIA [ocnl [ Uf de Nascimento 29/01/1986 Aporocida sc 42 DAIA E Vissao 46 Valiqade 05/12/2021 03/12/2031 1 DOC IDehiidADE ORg {VisSoR / U 73.86 2435-7PC SP 4d CPe XreGIstRo 197.824.306-50 65705465235 1 NaciovaliDADE BRASILEIRO(A) Fillcko 1 1 Yago Gomes Anno Liz do Moto 1 ra Assinatura Do PoriaDor ACC C1e DiE 12 OBSERVAÇOES 8 LOCAL DemammasnodsiolAn BELO HORIZONTE MG 4336/407081 MG681606770,88,0,0
aug_cnh_863.jpg,171.0,290.0,145.0,145.0,4.26,81.71,17.09,0.04,1,250.33,252.33,161.0,"REPÚBLICA FEDERATIVA Do BRASIL ministerio Dos TRANSPORTES BR S ECRETARia Nacional DE TRAnsito carteira nacional de habilytaçio / DRIVERLICENSE / PERMISO DE Conducción Nomee SoBReNOME Madinitacao Maria Sophia Rezende Daia Loealeufdenascimehto 12/01/1981 Duarte Daiaeissc Validade 13/04/2020 11/04/2030 1 DoCioeniDADEHorgenissor(UE 99.644.946-9IFP 4d CPF oagigipo CaihAD 940.378.512-88 78409834575 1 NacionaliDADE BRASILEIRO(A) FiLIACAO 1 1 Nicolas Barros Dra_ Eloah Ramos 1 Yctna Razende AssinaiuraDo poriador ACC 2 T OBSERVAÇOES Assinado DiCITALMENTE OgpariangmoesiADua Iphsuo LOCAL 43361107081 1 BELO HORIZONTE, MG MG681606770 MINAS GERAIS",79,0,0
aug_cnh_864.jpg,173.0,290.0,139.0,139.0,4.42,48.92,13.98,0.62,0,228.33,228.0,236.67,6 MenasctRaIS,2,0,0
aug_cnh_865.jpg,173.0,293.0,139.0,139.0,5.75,81.57,17.36,0.74,1,238.33,248.67,158.0,"REPUBLICA FeDERaTIva Do BRASIL Nisterio Dos Transfortes BR Secretari Wacional De Trasito CARTEIRA NACIONAL DE HABILTAÇIO / DRIVER UCENSE / PERHISO DE COnDUCCION 9inone Fietro Melo Snor< An 28/07/1960 Dios 0 Norte 10/02/2023 07/02/2o53 1 s 9 5487,412-issp coo 1 980265314542 41785589572 BRASILEIROA) 1 1 Dovi Lulz Comor 2 Cloro Jesus 1 llale O 52 tog Pou ; Bo 3iano to qouoni BOHOKCOMENG wasiecn ' MINAS GERAIS",67,0,0
aug_cnh_866.jpg,168.0,222.0,146.0,146.0,8.25,44.58,28.18,2.9,0,155.33,157.67,160.67,[Sue 1 5 5 E 5225 5 2 ; CapTeRARACICNA De Harili [Lonesn JHORIERUCEnSE/ PeFniso DeconDeCogx ` (2992 E2z Jlnsis {222 E252 J{2,23,0,0
aug_cnh_867.jpg,169.0,334.0,196.0,196.0,0.05,5.15,0.28,0.0,0,248.33,244.0,159.33,REPÚBLICA FEDERATIVA Do B RAS1 Ministerio dos TranSPORTEs secretaria Nacional dE [ransito CARTEIRA NACIONAL DE HABILITAÇÃO / DRIVER LICENSE / PERMIS 20 Kouli Sobr{nove Morio Eduordo do Par J dia(o uroeasciento 11/10/1987 Borros DaiA(ViSSo 1iqade 04/06/2023 01/06/2033 1 4 DOC IDrNiioade Org(yisso/uf 61.507.975-2IiRGD AL 4a( Vgisiro 137.892.564-55 8166640164 Maconalidade BRASILEIRO( ) Frko ª 1 Otovio Nunes Holoiso Siquoiro 449 ASSMAJUQA Do FORIADOS ACC Oe] 1 OaseevacOeS 1,67,0,0
aug_cnh_868.jpg,176.0,296.0,135.0,135.0,11.52,100.0,35.0,2.68,2,198.67,209.0,8.67,"REPÚBLICA FEDERATIVA Do BRASIL MinisteRio Dos TRANSPORTES BR 5 EC RETARia Naciona L DE TRANSito carteiranacional De HabiliTAçio / DRIVERLICENSE / PERMISO DE ConDUCCIÓN Nomee SobRENOME KaBIUTAÇAO Maria Vitoria Pacheco Daia [ocaleuf denascimenio 31/12/1975 Costela de Rezende AL Daiaevissac VAlidade 14/12/2015 11/12/2025 1 Ac DOC IDENIIDADE / ORG ewIssoR / UF 83.267.320-4PC 4d [PF NPegistpo e 1 685.307.419-00 44342433517 NACIONALIDADE BRASILEIRO(A) FILIAÇO 1 | Apollo Teixeira Gabrielly Fogaca 1 UhnlePacho Assinaturado poriador ACC E Ee 22 E OBSERVAÇOES ASSINADO DIGITALMENTE DgpariangmioesiADUA IRasuo LOCAL 4336+407081 | BELO HORIZONTE, MG MG681606770 MINAS GERAIS",91,0,0
aug_cnh_869.jpg,126.0,358.0,175.0,175.0,9.61,75.34,39.26,0.27,1,192.67,198.0,153.67,Do B 1 'PerMISO De Cond DE 'HABILITAçÂO / DRIVERL 10 NoMee LoCn [ Uf de Mascimenio PE Plmonta (10/12/1948 ACC ValiqaDE DATA (20/02/2033 [23/02/2023 7oRg {Vissor /Ui 46 DoC SSP AC (77.192.515-2 RegistRo 4d CPe (078.312.965-30 NaciOMALIDADE BRASILEIRO(N Asofo Marquos 1 Marla Luiso Sousa Manoro Assinatura Do PortaDoR ACC Cie DiE obsekvasots BRASIL FEDERATIVA PoR1ls REPÚBLICA Trans Transi1o Dos nistlrio Di Nacional Secreiaria 'LICENSE | PAQUT NACIONAL L CARTEIRA | SoarinoMe Morolro Emonuelly Oaia (isco IDentioade 5Ne 65719574941 FiliacAo,80,0,0
aug_cnh_870.jpg,875.0,559.0,88.0,88.0,7.16,25.1,3.41,3.88,0,227.67,229.0,227.0,"#hLlbg EM Tedo 9 TerriTÓRid Naciokai 2952662900 2952662900 peluklph 1 11 HRER 1 | Hhhhh [ [ """,18,0,0
aug_cnh_871.jpg,107.0,308.0,183.0,183.0,11.15,90.92,65.46,0.3,2,237.33,239.67,19.0,REPÚBLICA FEDERATIVA Do B RASIL ministeRio Dos TRANSPORTES SECRETARia Nacional DE TRansito CARTEIRA NACIONAL DE HABILITAÇÃO / DRIVER LICENSE / PERMISO DE CON Zeinoheesobrinohe Mirello Pimento 3 Daia LoCleuf DeNascimenio 05/08/1996 Macedo PE 42 DAIA [Vissio 4b Valiqade 12/07/2018 09/07/2028 DOC IDeNIIDADE / ORg {Vissor / Uf 61.480.800-SSSP RR 4d (Pe 5 NEREGLSTRO 195.026.843-89 07317151869 NAcOVAUDADE BRASILEIRO(A) FilMÇo 1 Luiz Otavio Barboso Dra. Fornando Rezende AlirellaPimonla Assinatura Do PoriADOR ACC Cie Die ObsErVAÇOES 2 ASSinado DIGITALMENTE,76,0,0
aug_cnh_872.jpg,180.0,299.0,132.0,132.0,6.77,59.89,18.63,1.46,0,226.33,228.33,235.33,"REPublca FEdERATivA do BRaSiL 100 8n5 ""88ti8fo Cabtexra naciokae De habhutacko / Driver License ! Permiso @e coxDUCCIKn {Mera flor Mendonco {18/10/1961 asconcclos do Projr {20/0/z12 17/10/2028 EsisE MG [95.304271 73738918790 Exn 1 [canáo %uc [ | MINAS GERAIS",39,0,0
aug_cnh_873.jpg,,,,,6.27,16.89,4.01,2.2,1,237.33,240.33,216.0,C 0 1 X 1 1 1 5 8 1 8 8 8i 1 1 1 ; 1 6 1 2 78 6 I 1 1 7 Di 1 1,30,0,0
aug_cnh_874.jpg,170.0,292.0,142.0,142.0,7.23,81.98,18.48,1.8,2,235.0,240.33,15.67,"REPÚBLICA FEDERATIVA Do BRASIL ministerio Dos TRANSPORTES BR SECRETARia Nacional DE TRanSito carteiranacional de Habilitaçio / DRIVERLICENSE / PERMISO DE ConDUCCIÓN Nomee SoBReNOME HABILTAÇ^O Ana Cecilia Jesus Daia Localeufdenascimevio 16/06/2007 das Neves da Praia PB DaiAevissac VAlidade 09/06/2018 06/06/2028 1 DoCiDenDADEhorgenissor (UE 16.701.985-9IPF 4d CPF NPegistpo e 653.401.972-80 36048058450 1 NacionAlIDADE BRASILEIRO(A) FILIAÇAO : 1 LuizGustavo Novais 3 Maya Sa 1 dna Becila Jous ASSinatura Do PoRIADOR ACC E Ee OBSERVAÇÔES AssinADO DICITALMENTE DePaRIAMENIO {SIADUAl Ipasuo LOCAL 4336+407081 | BELO HORIZONTE, MG MG681606770 MINAS GERAIS",85,0,0
aug_cnh_875.jpg,40.0,40.0,119.0,119.0,9.17,23.34,7.76,2.21,2,237.67,241.67,225.33,L 1 02 8 1 1 8 1 1 2 5 5 8 h ; HD f; g 2 1 4 1 4 0067992567 1 1 5 1 1 2 1 1 1 8 1 1 1 1 ; 1 1 9 1 1 ; ;,46,0,0
aug_cnh_876.jpg,59.0,75.0,90.0,90.0,6.13,22.46,3.57,3.28,0,226.0,228.0,235.33,; 1 | Hhuy | 1 006799z562 006299z562 72R8iads 9189LI8U11 0 qu01 W}yCilya,13,0,0
aug_cnh_877.jpg,177.0,297.0,133.0,133.0,11.46,100.0,34.91,2.53,2,179.33,193.0,169.67,"REPÚBLICA FEDERATIVA Do BRASIL ministerio Dos TRANSPORTES BR SEcRETARia Nacional DE TRAnSito carteiranacional de HabilitAçio / DRIVERLICENSE / PERMISO DE ConDUCCIÓN Nomee SobRENOME KABIUTAÇAO Luiz Fernando Costela Daia localeuf denascimenio '05/1998 Almeida Daiaeuissac VAlidade 18/08/2020 16/08/2030 1 DoCioenDADEHorgevissor UE 69.879.742 - IPF 4d CPF Nedagistpo e 1 634.179.520-34 26547199626 NACIONALIDADE BRASILEIRO(A) FILIAÇIO 1 | Levi Fogaca Luisa Souza 1 Juonondo Bobl ssinaturadoporiador ACC E Ee OBSERVAÇOES ASSINADO DIGITALMENTE DgpariangmioesiADUA IRAsuo LOCAL 4336+407081 | BELO HORIZONTE, MG MG681606770 MINAS GERAIS",79,0,0
aug_cnh_878.jpg,176.0,295.0,134.0,134.0,6.14,51.76,17.16,1.72,0,225.67,227.0,235.67,repu8lica floerativa Do brasil 348 'CARTEIRAMCIOMAE Detaglliracho /PAlER UCEnse / PERMtsvDECONEWUCCIÓN Li_Pono [23708 {677 Guorro [5272_JEm Lss*72 45 {is529.70 18355878294 1 Paolo CuaRion Yosril;_Rgri 1 MINAS GERAIS L,28,0,0
aug_cnh_879.jpg,164.0,286.0,152.0,152.0,8.89,82.25,18.85,2.17,2,206.33,216.0,11.0,"REPÚBLICA FEDERATIVA Do BRASIL ministerio Dos TRANSPORTES BR 5 ECRETARia NacionaL DE TRAnSito carteira nacional de HaBilitaçio / DRIVER LICENSE / PERMISO DE ConDUCCIÓN Nomee SOBRENOME KABIUTAÇRO Helena Siqueira Daia [ocaleuf denascimevio 21/10/1984 Montenegro do CampE DaiAeuissac VAlidade 14/03/2019 11/03/2029 1 DoCioenDADehorgenissor (UE 30.349.951-8IPF 4d [PF Nepegistpo e 1 125.879.463- 33317702568 NAcIONALIDADE BRASILEIRO(A) FILIAÇO 1 1 Juan Castro Alexia Oliveira 1 Xelona Yiqucira Assinaturadoporiador ACC E Ee OBSERVAÇOES AssInADO DICITALMENTE DgpariangnioesiADuA Ipasuo LOCAL 4336+407081 | BELO HORIZONTE, MG MG681606770 MINAS GERAIS",81,0,0
aug_cnh_880.jpg,,,,,6.59,61.79,1.49,19.41,0,227.0,228.67,226.67,"S1V839 SVNIW | 1 Ds Ppdapa 1 Soiyds onbos | 1 s8zy(Zz6zeo 19-F9s'06 8Zf q9ui6-528 182*59 6702/80/L0 6koc/8/01 Dioud Dp Dsnos yeet/zv/0l oioxte4 &Dn} Opof 90} N0i)2n0N0) 30,05/4834 /35872/743A/0 /ov5vigvH 30 WNOIDWNYHIILXN? 845 715v84 00 ya1lya1o3) Yai78n414",37,0,0
aug_cnh_881.jpg,874.0,557.0,91.0,91.0,3.98,13.18,3.12,3.32,1,248.0,248.0,46.0,"Valida EM Todo TerritÓrio NACIONAL 2952662900 2952662900 ; "" 1 1 8 8 H 1 [ H 1 ª 8 4 1 :, ; [I DI | H 1 1 "" K { 1 Í 8 1 1 ? 1 7 1 II | 2 1 1 95 {",49,0,0
aug_cnh_882.jpg,168.0,287.0,149.0,149.0,8.53,100.0,22.82,2.18,2,210.67,220.67,9.33,"REPÚBLICA FEDERATIVA Do BRASIL ministerio Dos TRANSPORTES BR 5 ECRETARia NacionaL DE TRAnSito carteiranacional de Habilitaçio / DRIVERLICENSE / PERMISO DE ConDUCCIÓN Nomee SobRenoMe KABIUTAÇ1O Ana Livia Alves Daia [ocaleuf denascimenio 28/08/1995 da Mota Daiaeuissac VAlidade 19/08/2018 16/08/2028 1 8( DOC IDENIIDADE / ORG Evissor / UF 93.681.627-9IFP 4d [PF NePegistpo e 1 419.285.760-01 66120208289 NACIONALIDADE BRASILEIRO(A) FILIAÇO 1 1 Bryan Teixeira Dra _ Natalia Cardoso 1 dna Yiviadbc AssinaiuraDo Poriador ACC E Ee OBSERVAÇOES AssinADO DICITALMENTE DgpariangmioesiADuA IRasuo LOCAL 4336+407081 1 BELO HORIZONTE, MG MG681606770 MINAS GERAIS",88,0,0
aug_cnh_883.jpg,160.0,236.0,172.0,172.0,7.67,73.71,42.02,0.98,2,238.33,234.33,18.67,Ud LICA menisteRio Ria DE BR 26 DEHABILTAÇÃO / E Liam dE IokaceUF De Nascimento  14/01 1 DAIA de Porto ValiQADE ACC 35.751.294808 8 Órg EVisSOR /UF 1 4d (Pe SC [927.510.836-2 68 23740569182 UTMA @ 1 FuAço 1 Amanda Sa Psrb ACC Cie ObserVAÇOES Die ; LOCA damammsmoosioannnn BELO HORIZONTE MG e FEDERATIVA Do B RASIL SECREa Dos Trans Nacio ORTEs Nal CARTEIRA E Transito NACIONALE DRIVER ! Novel LICENSE / SobrlnovE PERMISO [ Porto CONDUCCI MABlUIKA0 JoATA 71967 Poz [MISSAO (02/12/2021 30/11/2031 948- SPC Begisteo NaciohalIDADE BRASILEIRO(A) Bryon Rodrigues Yiam AssinaiuQA Pobiador DiGIIALYEN,95,0,0
aug_cnh_884.jpg,61.0,77.0,89.0,89.0,7.53,39.16,4.13,3.94,2,238.67,246.67,12.33,"1 7 1   II < 8 8 1 1 "" 80 1 Ii  : ; 1 ' 1  1  H| 5 7 8 1 p 2 2 3 # | ; 4 | { ; 1 0062992562 0062992562 Ivnoijvk oiuoliuu3l 0 0001 WJ VOIJVA [ 9",46,0,0
aug_cnh_885.jpg,60.0,75.0,88.0,88.0,5.34,24.61,3.35,3.09,1,238.0,247.67,159.0,1 2 1 1 1 1 5 JN] Re 1 2 3 K6 1 1 006299z562 006299z56z Wei uaounau !,20,0,0
aug_cnh_886.jpg,800.0,170.0,60.0,60.0,3.55,42.19,3.43,1.15,0,238.33,240.0,159.0,Valida EM Todo 0 Territorid Macional 2900 2952662900 ? { ME 0 1 1 1 { ; | [ M 8 1 5 1 0 1 1 5 1 5 {,31,0,0
aug_cnh_887.jpg,174.0,298.0,137.0,137.0,7.56,81.98,18.49,1.82,2,238.67,248.67,16.33,"REPÚBLICA FEDERATIVA Do BRASIL ministerio Dos TRANSPORTES BR SECRETARia Nacional DE TRAnSito carteira nacional de Habilitaçio / DRIVERLICENSE / PERMISO DE ConDUCCIÓN Nomee SoBReNOME HABILTAÇ^O Dom Aparecida Daia Localeufdenascimevio 10/10/1996 Alves de Goias Daiaeuissao VAlidade 18/12/2017 16/12/2027 1 DoCioeniDADEhorgenissor(UE 83.241.588 2IPF NPEGistpo e 876.042.395-10 82803275742 1 NacionAlIDADE BRASILEIRO(A) FiLIAÇAO 1 1 da Cruz Milena Pires 1 Dom harccida AssinaiuraDo PoriaDoR ACC E Ee OBSERVAÇOES AssinaADO DICITALMENTE DePaRIAMENIO {SIADUAl IRasuo LOCAL 4336+407081 1 BELO HORIZONTE, MG MG681606770 MINAS GERAIS d CPY Roel",81,0,0
aug_cnh_888.jpg,176.0,298.0,133.0,133.0,8.06,81.98,18.49,1.82,2,238.67,248.0,13.67,"REPÚBLICA FEDERATIVA Do BRASIL ministerio Dos TRANSPORTES BR SECRETARia Nacional DE TRAnSito carteira nacional de Habilitaçio / DRIVERLICENSE / PERMISO DE ConDUCCIÓN Nomee SoBReNOME HABILTAÇ^O Lara da Cruz Daia Localeufdenascimevio 02/03/1978 Novaes DaiAevissac VAlidade 01/03/2019 26/02/2029 1 DoCioeniDADehorgenissor(UE 59.523.555-4SSP N? REGISTRO e 493.520.167-34 40371245237 1 NacionAlIDADE BRASILEIRO(A) FiLIAÇAO 1 1 Benjamim Fonseca Maria Julia Oliveira 1 Yana 8nu Assinaiurado poriador ACC Ee OBSERVAÇOES AssinaADO DICITALMENTE DePaRIAMENIO {SIADUAl IRasuo LOCAL 4336+407081 1 BELO HORIZONTE, MG MG681606770 MINAS GERAIS d CPY",79,0,0
aug_cnh_889.jpg,171.0,290.0,145.0,145.0,4.81,46.07,13.73,1.13,0,229.33,228.33,237.0,BerorLica f20 F4 arrgu Crters bacional De Habwitacao /@rhverricense? perrnisoee €oneucchwn {Lacn Barboso (v93 {8/712 1 {37/07/2027 @235 85695759556 | Ascfe Sicustr? | {velyn concewvts | MiNAS GERAIS [83958423-5E Cy,30,0,0
aug_cnh_890.jpg,168.0,290.0,148.0,148.0,5.49,78.73,17.33,0.42,1,238.0,247.33,157.0,Refublica Federativa Do Brasil isiero Do irsores BR ecco Deiro Crien NZONL QHisUIçã/ DxERUELS /AxvsÀqaKÔN Qon Cemers 6/9s/n922 022e 0 4n2 222 Aa2 34244828ip 8828078  9 278i SKleikuu ! 1 1 1 Coa eone MINAS GERAIS,36,0,0
aug_cnh_891.jpg,172.0,291.0,145.0,145.0,2.88,74.12,12.57,0.0,1,251.33,231.0,169.67,Republica Federativa Do Brasil G Prd BR A Carieig Ma 7unl hasilitacio / @rerlkcenye /Feruard @ecTnaecaw An 6/87ass Goo: 691assr 6/a184 Cessasea) 1 Mtg ( nyatn 1 MINAs GERAIS,29,0,0
aug_cnh_892.jpg,,,,,6.02,50.27,1.5,16.3,0,226.33,227.33,236.0,514339 SVNiW | 409207192 {z54968 | osoa/zu/si} Ozozfz dpd Scst/ou/+7 7860w928080330 0584834/3581277 838780/08 5y4rhe}a 30 74004314hiaiy) 7174*a 08,18,0,0
aug_cnh_893.jpg,869.0,557.0,99.0,99.0,5.06,17.19,3.09,3.26,1,217.33,227.0,158.0,"Valiua Fya (uuo JemwiiunioMalaumaa 2952662900 2952,662900 5 8",8,0,0
aug_cnh_894.jpg,165.0,293.0,179.0,179.0,8.31,71.27,44.0,0.77,2,238.33,243.0,15.33,"Dos Ria DE BR 2cinomee dE habiltaÇio / ""SOBRENOME lan DE EcoNDUCCIÓN 'Hadiutacio 3 DaIA ZoCAleuf de 16/07/2002 da Cruz 1 4Daia [MiSSAo [05/12/2019 ValipaDE 12/12/2029 [16.637.293-8D57 293-8 DETRAN MT 1 [321.8 5k REGIsTRO 859.704-88 CathaB 09346530651 NacIOHAUDADE 1 1 [2 1 Jan Sofia Moraes Bacsiano Assinatupa Do portadoR ACC GiE Die 12 Observacoes ; Demamammioosbiounenasno LoCA 43364/0/081 REPÚBLICA FEDERATIVA Ministerio Do BRASIL SECRETA TRansp Nacional 'ORTEs Transito CArTEIRAA NACIONALD 'DRIVERL {LICENSE | PERHISO [ Cossiono Msciveyio [VISSOR Goncolves Dro-",80,0,0
aug_cnh_895.jpg,841.0,178.0,30.0,30.0,4.53,22.85,2.75,3.17,1,235.33,243.33,160.67,Valioa Eva Jodoo ierrtiorio Halaohal 2952662900 2952662900 2 1 5 3 { !,13,0,0
aug_cnh_896.jpg,101.0,316.0,181.0,181.0,8.95,85.37,21.71,1.22,1,211.33,216.67,9.67,Republica Federativa Do Brasil 7157e2io dos Jlaspo2ies BR SEC2e7aein aciomal DE 72n25i7o CEERAMOONL DE HJEIUTÇIO / DEBLCLYIRFISDECADC ZeanoeescaroE Leovene Jo Saooe 08/84/1854 Be so/os/22 2/05/2081 aa JU Canes-ide24x 20 ; 224361-53 5ies 42428 oDeE =lbroln 5l2 Von Meroe Oenor 19so8e 2 1 Jiese 1,44,0,0
aug_cnh_897.jpg,60.0,75.0,90.0,90.0,8.83,41.8,4.24,3.96,2,253.67,247.0,8.0,"4 1 = 1   II < 2 1 1  1 "" 8 ; 1 Ilk 1 | I p 1 ' 8 2 í 88 1 ; 71 1 ' ; 2 3 # "" | ] 1 1 1 g 1 0062992562 0062992562 I/NoIJUK 0iuo1Iuu}I 0 0001 W3 VOIIVA 1",51,0,0
aug_cnh_898.jpg,438.0,638.0,114.0,114.0,7.57,80.35,1.25,19.05,2,238.67,248.67,11.33,"SIVà39 SVNIW ogoomirrsw @w'7nozinoh 0o) 1 OlishYM [ hoduisonnvnnyuo Jinim iylioio Ooykissy 5J09vaM}su0 MoayiO { Vmninissy 1 Suiudw Dyidbv 5 sodud) oiold Voaiasvn 1 1 JovoliykOUYN LZifoozi L9L {6-LOS*685*+91 1 in G pe NVYLJOZ-Zl8 Li|*6y 7 mossIm} D0 / Joyqiimioi Joo = YSoz/11/11 yzoz/u1/si 1 avdua Ousshonyiyo oupji3 861/S0/1f OiNJni)syn J0 /n } 1)01 Yiva SOACn SdP dpjdnp} DuDW Oysyiliidym ,/ JMON74405 ahioN N9I))70N0) 10 0S///*3d /3SN32/7 *3//*0 / 0vóYL/7gyH J0 7YNOIDYN YYIJLYY) O1isnva1 10 7vnoijvn Viaviia)1s S714oasnva1 Soa o14 71siniw à8 Tsvaa 00 VA/1V4103] Voi7aod]à",86,0,0
aug_cnh_899.jpg,60.0,75.0,91.0,91.0,4.65,17.19,3.27,3.45,1,253.0,245.33,29.0,1 1  ' UI 1 1 1 1 2 8 Ii 1 1 5 1 H7H ! I/ 11 1 : 2 : 2 88 3 DI 1 ª 1 ; ! 1 ; 0062992562 0062992562 IMOIJUN 0iuo1iuu3l 0001 W} VOIVA  { 1,43,0,0
aug_cnh_900.jpg,175.0,294.0,137.0,137.0,7.04,81.98,18.49,1.82,2,238.33,244.67,13.0,"REPÚBLICA FEDERATIVA Do BRASIL ministerio Dos TRANSPORTES BR S ECRETARia Nacional DE TRAnSito carteira nacional de Habilitaçio / DRIVERLICENSE / PERMISO DE ConDUCCIÓN Nomee SoBReNOME HABILTAÇ^O Augusto Guerra Daia Localeufdenascimevio 20/06/1966 Albuquerque DaiAevissac VAlidade 17/08/2023 14/08/2033 1 DOC [DENTIDADE / ORGeVissor / Ue 53.917.532 - NPEGistpo e 285.976.140-30 12445324482 1 NacionAlIDADE BRASILEIRO(A) FiLIAÇAO 1 1 Thales  Cirino Camila Novais 1 quslo Jucrra AssinaiuraDo PoriaDoR ACC E Ee OBSERVAÇOES AssinaADO DICITALMENTE DePaRIAMENIO {SIADUAl IRasuo LOCAL 4336+407081 1 BELO HORIZONTE, MG MG681606770 MINAS GERAIS d (PY",84,0,0
aug_cnh_901.jpg,179.0,301.0,128.0,128.0,5.23,81.84,17.5,1.06,1,238.33,243.67,12.33,REPÚBLICA FEDERATIva Do BRASIL inisteRio Dos TRansPORTEs BR SecRetaRia Nacional DE TRansito CARTEIRA NACIONAL DE HABILTAÇÀO / DRIVER LICENSE / PERMISO DE ConDUCCIÓN NonC ( Sobrenont lutAco Ano Loura Souza DAlA lOCa [uf DeMascimenio 22/01/1982 Moraes de Guerra 04r4{Visso Valiqaol 15/12/2016 13/12/2026 1 DOC IDektIDADE / Osg {VISSOR /Uf 96.103.396=7SSP JdCP Registfo Ciha 960.351.482-98 78155467683 Yacioyioaof | BRASILEIRO@ | Sr- Jose Miguel Corraia Loura Camoro 1 Youro assinaiuea Do Foriador OesrvAkOes Diciunente ; Deparianekio [SiADUl De iraasiio LocAL 4330440/081 DELOMORZONIL KIG Mcesicoono 8 MINAS GERAIS Jar,86,0,0
aug_cnh_902.jpg,616.0,209.0,55.0,55.0,3.67,12.11,3.07,3.32,1,246.0,248.33,167.33,"Valida EM Todo 0 TerritÓrio MACIONAL 2952662900 2952662900 1 1 p 7 H 1 8 8 H 1 1 9 2 4 :, ; 1 ª TI | H "" K 1 HI 8 1i 1 1 7 1 II | 5 5 1 1 99",46,0,0
aug_cnh_903.jpg,149.0,360.0,160.0,160.0,4.72,61.38,22.46,0.06,0,223.33,224.33,224.33,254c6124fru6rinve D0 044582 e9h Vrescemltr Morux Waaotr kCs (9242 H7fes/sesr E2oii e 622 22 J2 1 sare 8 1 1 ; E2,22,0,0
aug_cnh_904.jpg,178.0,296.0,132.0,132.0,8.71,63.69,23.38,2.18,0,223.67,226.33,225.0,REpublica FEDERAT{VA DG B RAS}L 15 !  810 Dos 84 Ar14c1ow SC carteiranacional de habilitacio /drier license /permiso de ConducciÓn {Caronins Dios [z7/1/1989_ Rodriguss {1/05/2016 14/05/2026 [27.826.313_! DETRAN (056.162.897-40 78894788802 {BrashEiGM) | Motfoo {lma 1 Moraes 1 [ | MINAS GERAIS Elis?,42,0,0
aug_cnh_905.jpg,166.0,286.0,155.0,155.0,7.66,81.98,18.49,1.82,2,238.67,247.33,15.67,"REPÚBLICA FEDERATIVA Do BRASIL ministerio Dos TRANSPORTES BR S ECRETARia Nacional DE TRAnSito carteira nacional de Habilitaçio / DRIVERLICENSE / PERMISO DE ConDUCCIÓN Nomee SoBReNOME HABILTAÇ^O Ravy da Rocha Daia Localeufdenascimevio 05/06/1954 Melo Daiaeuissac VAlidade 30/10/2017 28/10/2027 1 47.2526.838,D9 DETRAN R ' SI DETRAN NPEGistpo e 681.942.035-89 66307788114 1 NacionAlIDADE BRASILEIRO(A) FiLIAÇAO 1 1 Davi Miguel Rezende Isabella da Rosa 1 Rauy da Rocha AssinaiuraDo PoriaDoR ACC Ee OBSERVAÇOES AssinaADO DICITALMENTE DePaRIAMENIO {SIADUAl IRasuo LOCAL 4336+407081 1 BELO HORIZONTE, MG MG681606770 MINAS GERAIS d CPY",85,0,0
aug_cnh_906.jpg,177.0,234.0,166.0,166.0,3.02,30.35,17.48,0.76,0,237.0,242.67,161.33,"Uvlymlde u BR | 844 1 OK (023965 1 | 1 [Dox 0 I 1asht0 (ioinmaiyiaym KHABILTAÇRO/ DANEIL (Erene   Cornere RUCENE| EJpebwiso de cokouccéx 124/10/1396 ano Yoroor 125/05/2022 in 122/05/2932 VuKE [ss.10, 825- Wuni 6sy Mu '874-88 on M 5577324076 (Bpasillipoa) Uy kk (Ua Cone IVono Jano Squeko Dyrn 22 Oa",51,0,0
aug_cnh_907.jpg,45.0,480.0,34.0,34.0,8.05,68.56,16.91,2.31,0,218.67,220.67,221.0,REPuBLiCA FEDERAT}VA 00 BRASTL JateRio 8os travspofes Ohat d2 7cans77o Capteyra Hacional Dehabhltacio {drher ucexse /perliso De tNNEucch {Coroling Costre 118/08/1960 Casslano da Sarra {z/v /2017 ({20/01/2027 {26.469.342-5iF2 PE [B63.409 572-00 95961515002 o 1 Lsua 1 Thvc'Montenogro Sdlo Blunca do Roso I 59h 55 5 1 22 22 |,49,0,0
aug_cnh_908.jpg,384.0,492.0,59.0,59.0,5.97,15.92,6.85,6.39,0,224.0,224.67,224.0,| Lil 006z992562 00629925 D9rekauadf aa9MaBeoik,6,0,0
aug_cnh_909.jpg,167.0,289.0,147.0,147.0,5.89,81.98,18.03,0.84,2,252.33,247.67,26.67,"REPÚBLICA FEDERATIVA Do BRASIL ministerio Dos TRANSPORTES BR S ECRETARia Nacional DE TRansito carteira nacional de habilitaçio / druver License / permiso DE ConducciÓn NoMe e SOBRENOME Madinitacao DaviGarcio Daialccagufdenascimenio 08/03/1968 Martins Daiaevissac Yalidade 22/11/2019 19/11/2029 1 DoCioenDADE Orgevissor/ ui 55.612.385-0 DETRAN Ad CPC nn oe 1 096.371.825- 99283540110 NacioualidadE BRASILEIRO(A) FilIACAO 1 1 Apollo Silveira Sra_ Emilly Fonseca 1 Daui Sancia Assiyaiura Do poriador Ee 70o OBSERVAÇÔES Assinado DicitaLMENTE JaPkaonouuig Tpkasuo LoCa 43361107081 1 BELO HORIZONTE, MG Mgoe 606770 MINAS GERAIS",82,0,0
aug_cnh_910.jpg,197.0,316.0,177.0,177.0,7.55,85.64,24.53,0.44,2,238.33,244.67,151.33,REPÚBLICA FEDERATIVA Do BRASIL MinisteRio Dos TRANSPORTES B SECRETARia Nacional De Transito CARTEIRA NACIONAL DE HABILITAÇÃO / DRIVER LICENSE / PERMISO DE COND 26 Noheesobrenoye Sr. Joao MiguelMartins DAIA lOCAf Uf De NaScimenio 07/06/2007 da Mato DATA eViSSAO ValiPADE 31/08/2018 28/08/2028 1 DOC IDentioADE / ORG [MISSOR / UF 68.472.697-9IFP RO Ed CPS Sneregistpo 076.918.325-59 60159981284 1 nAciohalDADE BRASILEIRO(A) FILIAçkO ª 1 Pedro Henrique Souza 2 Nino Corvalho 1 AyedAad Assinatura Do PoriaDOR ACC Cie DiE 12 OBSERVACOES AssinADo Digita 8 Derartaminio tsiAdUr 4964407,84,0,0
aug_cnh_911.jpg,927.0,624.0,92.0,92.0,5.15,10.45,7.1,2.94,1,250.67,237.33,160.0,valida EM Iodo 0  TeritÓrio Haciohal 2952662900 2900 1 1 4 1 1 H 1 1 H 1 2 1 [I 2 5 86 2 4 : 1 1 f 1 5 5 5 1 2 1 8 1 1 1 1 1 6 1 1 7 1 1 50 { 1 1,53,0,0
aug_cnh_912.jpg,210.0,298.0,163.0,163.0,4.76,34.28,26.72,0.76,0,216.0,218.67,220.0,729 9 ` [29/05/1900 205 Jlz2/2027 @2s [2222 N {st Lucas Pochaco Gabrioio CI-íns Faiss 1 52 ; ~ePgbLC (EderaTivk Vfesr 5o 78p4sa4 CAREIPANAcIONIL DE ' HABIUTACO / DR#ER LIcesse/ Hsce  E9gece {Ferhaiso DF Coy Goncoves  FlorePR [E701/2217 J{gne2ss 62e Pearo,41,0,0
aug_cnh_913.jpg,178.0,205.0,159.0,159.0,0.08,2.3,0.75,0.0,0,251.0,241.33,160.33,o Dos Fd KASiL DE T BR 2€ 1nomee de 'Habiltacio /DRIerl de Manilitacio) 3DaTa localeuFdeE NasciMento Mouro de 1 DaiA [Vissio 46 Valipade '/02/2027 DOC 15.726.390-sIPF PB 1 518.293.406-89 Registrd CaiMab 92962080330 BRASILEIRO(A) 2 ; 1 Arthur Miguel Nunes Calarina Farios Bardoso Assinaiura Do poriaDoR AcC Cie Die 12 OBservacoes Assinaoo DicitalNente ; depariamemto estaduad De transtto 43368407081 secretaria Trans Nacional Ortes CARTEIRA N Ransito NACIONAL [ {LICENSE / Soerikoul PERMISO [ conducciÓn Diego Cordoso 28/11/1974 Golos 13/02/2017 [Dlriidade / OeG {Vissor /U Kacio'lioad{ 1 Sro. Digs,88,0,0
aug_cnh_914.jpg,179.0,300.0,130.0,130.0,8.02,81.98,18.49,1.82,2,238.33,248.67,18.67,"REPÚBLICA FEDERATIVA Do BRASIL ministerio Dos TRANSPORTES BR S ECRETARia Nacional DE TRAnsito carteira nacional de Habilitaçio / DRIVERLICENSE / PERMISO DE ConDUCCIÓN Nomee SoBReNOME HABILTAÇ^O Pietro Caldeira Daia [ocaleufdenascimevio '2003 Montenegro de MinoSE DaiAeuissac Validade 16/03/2021 14/03/2031 1 DOC [DENTIDADE / ORGeVissor / Ue 21.283.645-8IPF Ad @PC N? REGISTRO e 190.427.538- 65074856769 1 NacionAlIDADE BRASILEIRO(A) FILIAÇAO 1 1 GaelHenrique Mendes Ana Garcia 1 PicbroBaldcira Assinaiurado poriador ACC Ee OBSERVAÇOES AssinaADO DICITALMENTE DePaRIAMENIO {SIADUAl IRasuo LOCAL 4336+407081 1 BELO HORIZONTE, MG MG681606770 MINAS GERAIS",84,0,0
aug_cnh_915.jpg,171.0,293.0,138.0,138.0,9.29,82.25,18.66,2.04,2,218.33,228.0,11.33,"REPÚBLICA FEDERATIVA Do BRASIL ministerio Dos TRANSPORTES BR 5 ECRETARia Nacional DE TRAnSito carteira nacional de Habilitaçio / DRIVER LICENSE / PERMISO DE ConDUCCIÓN Nomee SOBRENOME KaBILTACAO Melissa Andrade Daia [ocaleuf denascimevio 01/03/1964 Barros da Serra Daiaeuissac VAlidade 29/08/2021 27/08/2031 1 DoCioenidaDehorgenissorUE 60.699.718-2DETRAN Ad @PC V dagistpo e 483.915.067-20 29645279085 1 NAcIONALIDADE BRASILEIRO(A) FILIAÇIO 1 1 Caleb da Paz Bruna Viana 1 lioca dndrad Assinaiurado poriador ACC E Ee OBSERVAÇOES AssinADO DICITALMENTE DgpariangmioesiADuA IRasuo LOCAL 4336+407081 | BELO HORIZONTE, MG MG681606770 MINAS GERAIS",83,0,0
aug_cnh_916.jpg,965.0,499.0,27.0,27.0,3.41,19.24,1.15,1.83,1,215.33,151.33,219.0,Vaia etoneeirothok Lichll 2952662900 2952662900 Wetes 1 f 1,9,0,0
aug_cnh_917.jpg,,,,,6.45,64.91,1.82,30.24,2,245.33,247.33,146.0,"20 1J01 1 aa 212 JJY J0 0Y5vil, ByM 1Y) 09 ! Ov = 0702 1 J6) p 01 dSS9-77111*16 4n /mossia} D*0 ssoz/zo/v0 JOrdnya % vzoz/z0/10 Orssin Ins oP Dy30u {S61 /60/z1 Jan3 Yira Ovsvintgvu ~Puazoy |ouqus Noi))nOno) 30 0sI/83d /35n7217 JnonJjgos ] JHon [ *2 I*3AIa /opÍvugvH 70 7NOIMN YIZI:) 4a 0151*%a 89 7noisvn Vinviin)35 C TRolovyoeer ouishn Ivnovis} ouanyiyano akanriioid JnOZIBOM OaYnISSY 010  51097437580  EOOYLOC nmiSy oull) Dsioich Qiudoidadd Nuch (voviausyaa LoSsvo19 0u1519j0 JOraILM101 Jo0 Yira OikJnDSYN 7001 50on7",82,0,0
aug_cnh_918.jpg,873.0,558.0,92.0,92.0,8.39,42.58,3.81,4.37,2,203.67,213.0,7.67,"Valida EM Todo 0 TerritÓrio MACIONAL 2952662900 2952662900 { $ "" 1 1 1 1 H 1 { 8 H 1 g 8 2 4 :, ; 5 TIE | H8 ? 2 H 1 ; 1 HI 8 4 1 5 8 1 7 1 1 1 II | 5 0 1 L 95",55,0,0
aug_cnh_919.jpg,175.0,369.0,176.0,176.0,9.07,84.28,15.72,0.73,2,238.33,241.0,12.0,REPÚBLICA FEDERATIVA Do BRASIL ministerio Dos TranspoRtes BR Secretaria nacional De Transito carteira Nacional de habiltacio / druver license / perhuso de CONDUCCIÓn Zeinokeesoarenoke Madilitaao Catorina Noscimento Daia iocaeufdenascimenio 19/03/1992 Albuquerque Poulistas DATA Valiqade 05/12/2020 03/12/2030 1 K Do( identidade / Oagevissor / UF 55.949.646-6SSP CE 4d (Pe NepegistRo Cat Hab 086.235.479-00 14227671948 1 NaciohalidADe BRASILEIRO(A) Filiacko ; | Caio Camara 2 Cocilia Riboiro 1 colartnocascunsab AssiyatuRA Do poriaDor ACC 22 Die 12 observaCOes) {Visso,75,0,0
aug_cnh_920.jpg,58.0,75.0,94.0,94.0,5.81,19.04,3.41,3.21,0,226.33,227.67,235.33,1 8 1 0062992562 0062992562 TeyaStM 1n8{tR82a & Gugx Wx Yotyw,11,0,0
aug_cnh_921.jpg,,,,,2.67,16.21,0.71,0.68,0,208.67,166.33,161.33,Veine Eai85 8 Iraiaia #Rcsusi 2662900 2952662909 P7*9hk ue,9,0,0
aug_cnh_922.jpg,173.0,293.0,139.0,139.0,6.56,81.98,18.14,1.41,2,252.67,247.33,24.0,"REPÚBLICA FEDERATIVA Do BRASIL ministeRio Dos TRANSPORTES BR S ECRETARia Nacional DE TRansito carteira nacional de Habiltaçio / DRIVER LICENSE / PERMISO DE conducción Nomee SoBRENOME Madinitacao Rhavi Camargo DAIA [Ocal { UF De Nascimenio 13/03/1980 Pimenta Daiaeuissac Validade 07/10/2024 05/10/2034 1 DoCiDenuDADE Orgevissor (UE 67.234.593-4SSP Ad GPC one e 1 291.784.530-97 66020860175 NacionalidadE BRASILEIRO(A) FILIACAO : 1 Dr. Miguel Sousa 3 Eduarda Guerra 1 RhauiBamargs Assiyaiura Do poriador ACC He T OBSERVAÇOES Assinado DIcITALMENTE VoPkanuhsuun] Tphsuo LOCAL 43361107081 | BELO HORIZONTE, MG Mgoe 606770 MINAS GERAIS",87,0,0
aug_cnh_923.jpg,178.0,298.0,133.0,133.0,7.63,81.98,18.49,1.82,2,238.67,248.67,16.0,"REPÚBLICA FEDERATIVA Do BRASIL ministerio Dos TRANSPORTES BR S ECRETARia Nacional DE TRAnSito carteira nacional de Habilitaçio / DRIVERLICENSE / PERMISO DE ConDUCCIÓN Nomee SoBReNOME HABILTAÇ^O Ana Beotriz   Cavalcante Daia Localeufdenascimevio 27/06/2007 da Cunha DaiAevissac Validade 23/05/2021 21/05/2031 1 DoCioenDADEhorgenissor(UE 78.622.107-3IIRGD 4d [PF NPEGistpo e 359.406.128-06 31723406687 1 NacionalIDADE BRASILEIRO(A) FiLIAÇAO 1 1 Joao Pedro Sousa Raquel Cunha 1 Couakoanh assiyatura Do poriador ACC Ee OBSERVAÇOES AssinaADO DICITALMENTE DePaRIAMENIO {SIADUAl IRasuo LOCAL 4336+407081 1 BELO HORIZONTE, MG MG681606770 MINAS GERAIS",80,0,0
aug_cnh_924.jpg,176.0,295.0,136.0,136.0,12.9,100.0,35.24,3.1,2,156.67,165.0,8.0,"REPÚBLICA FEDERATIVA DO BRASIL MinisteRio Dos TRANSPORTES BR SEC RETARia Naciona L DE TRANSito carteiranacional deHabilITAçho / DRIVERLICENSE / PERMISO DE CONDUCCIÓN Nomee SobRENoME KABIUTAÇAO Dr. Enzo da Paz Daia localeuf denascimenio 18/07/1977 Pimenta da Mata Daiaeuissac 46 Yalidade 31/10/2020 29/10/2030 1 DoCioenDADehorgevissor(UE 90.178.535-9IFP 4d CPF NPEgistpo e 1 528.971.043-41 28373917853 NAcIONALDADE BRASILEIRO(A) FILIAÇIo 1 | Davi Luiz Cassiano Maria Alice da Rocha 1 SnedoPer assinaunadoporiador ACC Ee 5 @ OBSERVAÇOES ASSINADO DIGITALMENTE ogpariangmioesiADu Ipsuo LOCAL 43364407081 | BELO HORIZONTE, MG MG681606770 MINAS GERAIS",84,0,0
aug_cnh_925.jpg,173.0,292.0,142.0,142.0,9.79,100.0,34.27,2.2,2,223.67,233.67,8.33,REPÚBLIcA FEDERaTiva Do BRASIL Ministerio Dos Transportes BR Secretaria Nacional DE Transito CARTEIRANACIONAL DE HABILTAÇÃO / DRIVER LICENSE / PERMISO DE CONDUCCIÓN MOMr [ Soep{hoe elucO Sra. Loticio Montonogro Daia [oCeuf Demsciuewio 28/01/1976 Mondos DAia (VISO Malidaok 15/06/2020 13/06/2030 1 DoCioentidade / Oeg [Vissor /u 57.414.775~7ifP aCPf Kalgisieo ClnAl 435.627.809-74 84557560061 MAcoloadg BRASILEIRO(A) H Banicio Moura Morcolo Noquolro Assimatuea Do pobiaDO  =2 5 2 Oeserikocs Assido DicIIALVEMIL ; Depabtamemio esudual De  LOC 83304407081 BELO HORIZONTE MG Mc6816067o 8 MINAS GERAIS Tto,81,0,0
aug_cnh_926.jpg,170.0,291.0,145.0,145.0,7.42,81.98,18.49,1.82,2,238.67,248.0,13.67,"REPÚBLICA FEDERATIVA Do BRASIL ministerio Dos TRANSPORTES BR S ECRETARia Nacional DE TRAnSito carteira nacional de Habilitaçio / DRIVERLICENSE / PERMISO DE ConDUCCIÓN Nomee SoBReNOME HABILTAÇ^O Helena Porto Daia Localeufdenascimevio 29/12/1953 Pires Daiaevissac VAlidade 30/07/2017 28/07/2027 1 DoCioenDADEhorgenissor (UE 54.981.502-SSSP 4d [PF NPEGistpo e 376.150.489-66 15414363242 1 NacionAlIDADE BRASILEIRO(A) FiLIAÇAO 1 1 Pedro Oliveira Sophie Dias 1 Hclena Porlo AssinaiuraDo PoriaDoR ACC E Ee OBSERVAÇOES AssinaADO DICITALMENTE DePaRIAMENIO {SIADUAl IRasuo LOCAL 4336+407081 1 BELO HORIZONTE, MG MG681606770 MINAS GERAIS Joao",80,0,0
aug_cnh_927.jpg,870.0,553.0,98.0,98.0,9.73,32.32,5.31,4.82,2,157.67,166.67,98.67,Ubetdoarno 2952662900 2952662900 212122k 6 ; 2 5 3,9,0,0
aug_cnh_928.jpg,414.0,568.0,151.0,151.0,7.08,56.91,1.49,18.58,0,226.33,228.0,235.33,"SiV839 SVNIW | 0 1 coi: Si5} ; Dis SDoh o3u1 6567,{ZfFoz ""58+ 952*02 | 3ss?-F68 9ZF*22 8zuz /zM/v0 aloz/zi/0 SDP 8961 /vo/ LI oaBeuequon 49l2209802 70 05/4834/358724783M40 /0VÍvu7gvi 70 7OIWNIWY Zsva8 00 V14v4i034""j4190838",34,0,0
aug_cnh_929.jpg,189.0,329.0,152.0,152.0,4.3,65.18,25.89,0.0,1,251.67,234.33,168.33,"Repuwlica Federativa Do #Rast Ni81nio 70e Vano ""n1o BR Ac 14 Naconal 7anoiio carteira nacional de Habllhtacao /druver LICENSE / permso de Conduccion ln Gobntkult Gnrloo d0 Cruz Fim ^ 6/06/1247 Monlenev "" 0o Valiuani 8/03/2020 1/08/2080 Ulk Oeleyisla)a 100,006-B/c Rk Voigioieo 10, 050.782-10 42240000281 Vaas Daniagiiial tasiltikoa) 8714s40 1 Jawos 9604ae 1 2",54,0,0
aug_cnh_930.jpg,142.0,280.0,157.0,157.0,6.58,65.31,37.47,1.0,1,229.0,229.0,228.33,"Do REPUBl'SA {51 DE ""ransio 4R ! NaCional 'PerMISO DE Co {MACIONAL DE HABILTAÇ.O / DRIERLCENSE !F CARTEIRA } Daví_Miguol_Correio Costa do Galho PR do {16/02/2029 RJ [23.9  731 22637771426 (651.293.074-51 @ {iROUA Henrique Oliveira 1 Lunno Bor9es 5 G 52 casg 1 2F 42 5 30407881 1 (vntonukizonr; 5816100710 Ts7   o B RAS/2 FEDERATIva 7okTE s Tfa5 Des SE€ [s/12/2003 1,9/02/2019 ~6ifp",63,0,0
aug_cnh_931.jpg,175.0,296.0,137.0,137.0,6.86,81.98,18.35,1.69,2,245.67,250.67,162.67,"REPÚBLICA FEDERATIVA Do BRASIL ministerio Dos TRANSPORTES BR SECRETARia Nacional DE TRansito carteira nacional de Habiltaçio / DRIVERLICENSE / PERMISO DE ConDUCCIÓN NomeesobReNoME HABILTAÇ ^0 Alexia Porto DAIA [Ocn { Uf De Nascimenio 28/07/1945 Moraes Daiaevissac Validade 03/02/2020 31/01/2030 1 DoCioenDADEhorgevissor (UE 77.562.790-3IPF 4d CPF NCPEGistpo e 965.278.340-47 97005434709 1 NacionalIDADE BRASILEIRO(A) FILIAÇAO 1 1 Doomnascoae 1 dleaia Ponbo Assinaiurado poriador ACC Ee OBSERVAÇOES AssinaDO DICITALMENTE DePaRIAMENIO {SIADUAl IRANSIO LOCAL 4336+407081 | BELO HORIZONTE, MG MG681606770 MINAS GERAIS Diogo",79,0,0
aug_cnh_932.jpg,170.0,290.0,148.0,148.0,6.34,53.52,18.48,1.77,0,226.33,227.33,236.0,"Refurlica frdrativa D9 Brasil Cartexr: Nacinal dehmrbxleacio? / Drfverucevse/ Peruiso DE cowoticcix LEicoh Esrrsire {o3/01/1992_re4 [070/215  Jl3o7os/2026 {6521,157_9122 [247028 82 87872688901 {S2 3 1 Nonat oM Uo ; @ [ | MINAS GERAIS (Aene",34,0,0
aug_cnh_933.jpg,530.0,611.0,160.0,160.0,3.86,71.14,0.0,21.78,1,237.33,238.67,158.0,"Dn 0io Soorisoaoo Djenbis dJujdz sonjdouoo UMox Orivi 14 (Voaiiiisyan Joyuinol yw [9868ci6879 0s-Bocpil85y Uyu 00iidi 4558-Lloiscy Go,fniueo/ Miyuilmyii Yoo Llol/iu/oi liolin/zi WyttiyA vivo ins OP dion DP {g61/11/05 dlmintRyhaoiniwoni Viyo di97i91 8101 Inowiebos / inoh| DroyiveyM 1/768727787M80 /oyovn3 nouwnyanu N9i)2n0N0)70 051/81d / Osnya1 10 ivnoisvn Aen n5ym?"" 'Jimonbom 510)7tereo",50,0,0
aug_cnh_934.jpg,178.0,296.0,130.0,130.0,10.12,100.0,34.49,2.28,2,182.0,196.0,178.33,"REPÚBLICA FEDERATIVA Do BRASIL ministerio Dos TRANSPORTES BR 5 ECRETARia NacionaL DE TRAnSito carteira nacional de Habilitaçho / DRIVERLICENSE / PERMISO DE ConDUCCIÓN Nomee SobRENOME KABIUTAÇAO Julia Garcia Daia Localeuf denascimenio 25/05/1973 Martins de Sa Daiaeuissac 46 Yalidade 26/10/2018 23/10/2028 1 DoCioeniDADE Orgevissor(UE 81.356.357 - DETRAN AdcPC N"" REGISTRO e 1 213.079.684-22 51094171915 NACIONALIDADE BRASILEIRO(A) FILIAÇO 1 | Juan Cunha Maysa Peixoto 1 ulia Yancia Assinaturadoporiador ACC E Ee OBSERVAÇOES Assinado DiciTALMENTE ogpariangnioesiADu IRasuo LOCAL 4336+407081 | BELO HORIZONTE, MG MG681606770 MINAS GERAIS",83,0,0
aug_cnh_935.jpg,178.0,298.0,129.0,129.0,3.79,38.35,11.31,0.85,0,225.33,227.0,234.67,RergbricafloERAtlya BEasil cartera nacJOnaE DeHabiuitacio  driver icense {#eraiso ?{ conduccióx {ez GarrSLCurseio {22/24/+95E2011982 Ae Fires {0i/0s/2019 [2s/os/2029 {74302 142-255P NG 40651c @2 1 [Piça Aoo*9 2 1 MNAS GERAIS {zsz89i 1224562206194 Qirver,32,0,0
aug_cnh_936.jpg,182.0,280.0,147.0,147.0,7.36,77.51,35.89,1.22,2,238.33,244.33,14.33,REPÚBLICA FEDERATIVA DO BRASIL MinisteRio Dos TRaNSPORTES BR SECREtaRia Nacional DE TRansito carTerANACIONAL DE HABILITAÇÃO / DrIVER LICENSE / peRMISO DE CondUccIÓn Noyeesobrenoke MaBilitacao Enrico Jesus DalA loCeUf De nascimenio 1/02/1967 de Camaro DaiA [VisSo 46 Valiqaoe ACC 12/02/2022 10/02/2032 1 DoC identidadE / Opg [Missor /Uf 27.320.671 SIiRGD PR Ad (PF BeGlstRo (at Hab 1 892.741.306-78 88600194234 Naciohaloade BRASILEIRO(A) : 1 Arthur Gabriol Nogueira 3 Beotrlz 1 nrico Yesuo assinaiura Do poriador ACC 22 Cie DiE 12 OBservacoes Assiado Dicitalkente Deparianenio {Sidun De [rarsiio 1 BEDLO HORIZONTE MG 24c681608080 t Alves Borges,93,0,0
aug_cnh_937.jpg,39.0,48.0,81.0,81.0,5.56,14.84,5.47,4.04,0,218.67,220.33,221.0,| 8 9 % 1 silyue H888 : 8 0 1 8 1 0067992567,14,0,0
aug_cnh_938.jpg,175.0,292.0,136.0,136.0,10.11,100.0,34.69,2.32,2,209.33,220.0,154.67,REPÚBLICA FEDERATIVA Do BRASIL inisterio Dos TranspoRTes BR SECRETARia Nacional DE Transito CARTEIRA NACIONAL DE HABILTAÇÃO / DRIVER LICENSE / PERHISO DE CONDUCCIÓN oueeSobrenOVE ELUCiO Sra _ Barbara Correia DAIAloceuFdenasciVenio 11/11/1972 da Cunha DAIA[VISAC Balade 10/03/2022 07/03/2032 1 DOC IDeWTIDADE / Oeg EVISSOR /Uf 79.546.450-SiiRGd AAge{ 5496507og a 849.701.256-94 89015671868 1 NaconlDADE BRASILEIRO(A) FÇo : | Sr: Luiz Felipe Lopes 5 Bruna Leoo 1 MhneWonb 46oy1a Do portados Ee E OasERYAÇ0ES ASSiDO DGIVENIE Defaaiavemio {Sudun {aAno loa 43364407081 1 BELO HORIZONTE MG MC681606770 MINAS GERAIS,85,0,0
aug_cnh_939.jpg,874.0,559.0,91.0,91.0,6.86,24.8,3.7,4.12,0,229.33,230.33,228.0,Valiua EM Iodc 0 Terbitorid Maciokal 2952662900 2952662900 1 | 1 f 1 1 MERER | [ | 1 ª 1,21,0,0
aug_cnh_940.jpg,443.0,637.0,108.0,108.0,7.33,81.98,1.84,18.96,2,238.67,248.33,15.0,SIVà39 SVNIW o8oo9r9esw 9w J1nozidoh 01f) 1 OuskYuL IynayIs} OIMJWYIYYd)0 ainzkiyoia QoyniSSY 53024A83590 EoOyoaoQanaisst Diol 1 Dijjds #PDf 5 PHDna 03iu08 Coanasvaa | 1 JoyonykOiyN OLG6SOSS8Z L6-Z8LSIS*06v 1 OYM 1Yd 04151938N d) Pe NVYLJOS-1ZS +Z8*79 / OSSIn} HuQ / JOYOILNJOI JOO > 8z0z/80/s0 8103/80/90 1 JordiIrA 9r OrssInafiyo € sDhle} #P Diow DP LL61/z1/61 OiNaht)sVN 30+n31301 YIvO DJdldo Indy Ovoviridyh JNONJugos ) JioN / 2 N9I))00N0230 OSI//*3d /35N7217 *3//*0 / OvjYL/7IqyH J0 7YNOIYN YNlJLYY) OliSnya1 10 7vnoijvn Viay1]a)]s s31dOdSNvd1 soa oidj1siniw &8 7iSVà9 00 VAIlVdJ0] VJiaod3à,86,0,0
aug_cnh_941.jpg,174.0,295.0,139.0,139.0,6.9,81.98,18.2,1.52,2,253.0,247.33,24.33,"REPÚBLICA FEDERATIVA Do BRASIL ministeRio Dos TRANSPORTES BR S ECRETARia Nacional DE TRansito carteira nacional de Habiltaçio / DRIVER LICENSE / PERMISO DE ConduCción Nomee SOBRENOME Madivtacao Rodrigo Rocha Daia Localeufdenascimewto 20/08/1952 Sampaio das Flores AP Daiaevissac Validade 12/09/2021 10/09/2031 1 DOC [DENTIDADE Orgevissor(UE 33.904.214-1 IIRGD 4d [PF Moagigipo e 309.657.214-34 796* 6558505 1 NaciohalidadE BRASILEIRO(A) FiLIACAO 1 1 Joao Costela Liz Melo 1 Rodr Rocha AssinaiuraDo poriador ACC He 2 2 OBSERVAÇOES Assinado DICITALMENTE Upahnknuna TAcuo LOCAL 43361107081 1 BELO HORIZONTE, MG Mgbe 1606770 MINAS GERAIS",87,0,0
aug_cnh_942.jpg,167.0,288.0,151.0,151.0,7.03,81.98,18.49,1.82,2,238.33,245.67,11.67,"REPÚBLICA FEDERATIVA Do BRASIL ministerio Dos TRANSPORTES BR SECRETARia Nacional DE TRAnSito carteira nacional de Habilitaçio / DRIVERLICENSE / PERMISO DE ConDUCCIÓN Nome [ SobREnoME HABILTAÇ^O Luisa Pinto Daia Localeufdenascimevio 23/05/1956 Barros DaiAeuissac Validade 13/06/2022 10/06/2032 1 DOC [DENTIDADE / ORGeissor / Ue 67.718.788 3IPF N"" REGISTRO e 046.371.928- 03204271953 1 NacionAlIDADE BRASILEIRO(A) FiLIAÇAO 1 1 Benicio Abreu Melina Moraes 1 uia Pimnlo agoatup Do poriADOR ACC E Ee OBSERVAÇOES AssinaADO DICITALMENTE DePaRIAMENIO {SIADUAl IRasuo LOCAL 4336+407081 1 BELO HORIZONTE, MG MG681606770 MINAS GERAIS d CPY",86,0,0
aug_cnh_943.jpg,158.0,305.0,141.0,141.0,8.05,89.84,24.04,1.48,2,238.33,244.67,17.67,REPÚBLICA FEDERATIVA B RASIL ministeRio Dos TRanSPoRTEs BR SecRetaria nacional De Transito CARTEIRA NACIONAL DE HABILITAÇÃO / DRIVER LICENSE / PERMISO DE CONDUCCIÓN noee Sobrenome Kabiutac^o Moria Vitoria Peixoto DAIA loc{Uf Denascimewio 22/02/1966 Sompoio DAIA {VISSAO Valiqadl 21/10/2017 19/10/2027 1 DoCiothtidadetOrgevissor /Uf 75.308.181-3iPF Adepe REGLsSTRO CAhAe 729.804.356-00 78254805791 1 acioyalidADE BRASILEIRO(A) 1 Henry Gabriel Pinlo 1 Morio Luizo Pires Usto Potab Assinatura Do oriador C1e Die 12 Obsehvacoes ASSIMADO DIGITALNENIE Departamewio{siadun De iansiio 43367407081 1 BELO HORIZONTE MG MC68160o77o AAinac CERAIS Do,82,0,0
aug_cnh_944.jpg,61.0,73.0,90.0,90.0,7.54,25.39,3.87,3.69,0,225.0,227.0,225.67,1 1 El4 1 | H7I] 1l 1 1 1 006299256z 006299256z tadiohu Ququiquai 0 0a0} W? bdtJVA 1,19,0,0
aug_cnh_945.jpg,180.0,268.0,155.0,155.0,5.15,52.17,34.32,0.21,0,224.67,223.33,224.33,"REpobliea FedeRativa #kasu 4vos 52 {HtiRAMCOMl DE HNUiacio DRntuctt: Prusticoouren 69; Jli2 5HRGp Jlsssszs @2 H E 55  2 ! 2 12 2 ; Do (ss l 699 @sss"" oinvia",30,0,0
aug_cnh_946.jpg,180.0,301.0,126.0,126.0,6.14,79.4,17.31,0.19,1,237.67,247.67,154.0,Vepgylica Fedevativa Do #yasil asoooneo BR Scaa62ona 0e 768n70 UyepanciomldeHabiutacio/ drner LicensE | Permiso de ConoUccin Ca 7icivo Winnn 0/ 478476kf 01681a21 2121861144 Ehseiliivixa) 2 1 WayWKo 2 C Waovo ! 54 ; nvian ; MINAS GEPAIS B,38,0,0
aug_cnh_947.jpg,872.0,557.0,93.0,93.0,11.39,45.12,5.43,6.16,2,198.67,209.0,9.33,"Valida EM Todo 0 TerritÓrio MACIoMAL 2952662900 2952662900 { À , | 1 F 5 JIn | 2 1 1 ;2 HAI HI ; IER 1 1 1 ; ; 7 | H 1 228  1 1 1 7 1 1 II | 1 0 1 L 95",48,0,0
aug_cnh_948.jpg,60.0,75.0,91.0,91.0,9.12,44.14,5.62,5.25,2,231.67,241.67,20.67,1 1 7  1 | 1 1 I 94 ; 1 1 1 80 81 1 1 1 1 88 1 ! J4 1 J1 p N | H 1  3 ; 4 ; 1 0062992562 0062992562 Ivnoijyk Oiyo1iby3l 0 0001 W3 VOIVA,43,0,0
aug_cnh_949.jpg,174.0,294.0,136.0,136.0,9.13,100.0,22.83,2.18,2,240.33,249.67,6.33,"REPÚBLICA FEDERATIVA Do BRASIL inistERio Dos TRANSPORTES BR 5 ECRETARia Naciona L DE TRAnSito carteiranacional de Habilitaçio / DRIVERLICENSE / PERMISO DE ConDUCCIÓN nome [ SobRenoME Madinutacao Alice Silva Daia [ocaleuf denascimewio 02/02/2001 Albuquerque do GallR DaiAevissec Validade 31/07/2019 28/07/2029 1 DoCioeniDADE Orgenissor (Uf 88.672.888~ 6IIRGD 4d [PF NePEGistpo e 652.387.049-92 55353828556 1 NACIONALIDADE BRASILEIRO(A) FILIAÇAO 1 | Anthony Gabriel Costela Maria Vitoria Porto 1 Yilua Assinatura Do PoriADOR ACC E Ee 5 2 E OBSERVAÇÔES AssinaDO DICITALMENTE DePaRIAMENIO {SIADUAL IRasuo LOCAL 4336+407081 1 BELO HORIZONTE, MG MG681606770 MINAS GERAIS",90,0,0
aug_cnh_950.jpg,,,,,11.4,25.68,4.25,5.21,2,223.33,224.0,12.33,"2952662900 52662900 [ 1 3 1 5 In 6 | 2 1 7 5 ; g 7 8 ; : 5 1 8 8 IFE 1 1 M1 8 8 1  1 8 4 , I 0 4 1 1 i 1 1 ; | | 1 1 : 1 | 1 2 1 1 1 1 1 | 1 1 | | 1 1",65,0,0
aug_cnh_951.jpg,175.0,296.0,137.0,137.0,7.59,81.98,18.49,1.82,2,238.33,248.67,16.67,"REPÚBLICA FEDERATIVA Do BRASIL ministerio Dos TRANSPORTES BR S ECRETARia Nacional DE TRAnsito carteira nacional de Habilitaçio / DRIVERLICENSE / PERMISO DE ConDUCCIÓN Nomee SoBReNOME HABILTAÇ^O Clarice Guerra Daia Localeufdenascimevio 01/11/1957 Brito do Amparo MG Daiaeuissac VAlidade 10/10/2016 08/10/2026 1 DoCioenDADEhorgenissor(UE 65.573.745-8PC 4d [PF NªREGISTRO e 721.586.493-64 60229019052 1 NacionAlIDADE BRASILEIRO(A) FILIAÇAO 1 1 Leandro Macedo Bruna da Rocha 1 Blaricc 'uerra Assinaiurado poriador ACC 2 Ee OBSERVAÇOES AssinaADO DICITALMENTE DePaRIAMENIO {SIADUAl IRasuo LOCAL 4336+407081 1 BELO HORIZONTE, MG MG681606770 MINAS GERAIS",82,0,0
aug_cnh_952.jpg,177.0,294.0,131.0,131.0,8.12,82.25,18.65,2.02,2,197.33,206.0,19.67,"REPÚBLICA FEDERATIVA Do BRASIL ministerio Dos TRANSPORTES BR SECRETARia NacionaL DE TRAnSito carteira nacional de Habilitaçio / DRIVER LICENSE / PERMISO DE ConDUCCIÓN Nomee SoBRENOME ABIUTAÇRO Liam Rodrigues Daia [ocaleuf denascimenio 14/12/1995 Monteiro da Mata Daiaeuissac VAlidade 28/12/2021 26/12/2031 1 DoCioenDADEHorgevissor (UE 26.783.117-2IPF 4d [PF N"" REGISTRO e 1 960.532.841-06 43216080462 NACIONALIDADE BRASILEIRO(A) FILIAÇO 1 1 Mateus da Paz Esther Pastor 1 LiamRodriqucs Assinaturadoporiador ACC Ee OBSERVAÇOES ASSINADO DIGITALMENTE ogpariangmioesiADuA IRAsuo LOCAL 4336+407081 | BELO HORIZONTE, MG MG681606770 MINAS GERAIS",80,0,0
aug_cnh_953.jpg,171.0,290.0,143.0,143.0,7.47,81.98,18.49,1.82,2,238.33,248.0,14.33,"REPÚBLICA FEDERATIVA Do BRASIL ministerio Dos TRANSPORTES BR S ECRETARia Nacional DE TRAnSito carteira nacional de Habilitaçio / DRIVERLICENSE / PERMISO DE ConDUCCIÓN Nomee SOBReNOME HABILTAÇ^O Ana Julia Ramos Daia Localeufdenascimevio 08/09/1996 Albuquerque do Sul PI DaiAeuissac Validade 06/03/2018 03/03/2028 1 8( DOC IDENIIDADE / ORg evissor / UF 88.548.396-5IPF 4d [PF NPEGistpo e 1 378.195.064-66 29195940580 NacionAlIDADE BRASILEIRO(A) FiLIAÇAO 1 1 Sr. Isaac Pimenta Brenda Lopes 1 dna Jula Ramos Assiyatura Do poriADOR ACC 2 Ee OBSERVAÇOES AssinaADO DICITALMENTE DePaRIAMENIO {SIADUAl IRasuo LOCAL 4336+407081 1 BELO HORIZONTE, MG MG681606770 MINAS GERAIS",92,0,0
aug_cnh_954.jpg,180.0,302.0,126.0,126.0,7.75,81.98,18.49,1.82,2,238.67,248.67,15.33,"REPÚBLICA FEDERATIVA Do BRASIL ministerio Dos TRANSPORTES BR SECRETARia Nacional DE TRAnSito carteira nacional de Habilitaçio / DRIVERLICENSE / PERMISO DE ConDUCCIÓN Nomee SoBReNOME HABILTAÇ^O Rafael Leao Daia Localeufdenascimevio 10/12/1966 Monteiro Daiaeuissac VAlidade 16/12/2022 13/12/2032 1 DoCioeniDADEhorgenissor(UE 36.928.367-SSSP NPegistpo e 496.508.372-56 46343267122 1 NacionAlIDADE BRASILEIRO(A) FiLIAÇAO 1 1 Sr. Leandro Ferreira Lorena Campos 1 Ralael Yeao assiyatura Do poriador ACC 2 Ee OBSERVAÇOES AssinaADO DICITALMENTE DePaRIAMENIO {SIADUAl IRasuo LOCAL 4336+407081 1 BELO HORIZONTE, MG MG681606770 MINAS GERAIS d CPY",79,0,0
aug_cnh_955.jpg,,,,,7.4,81.84,1.08,47.84,2,237.33,231.33,20.0,2w 1Jo1 1 3i0 212 JJy ~OOyImy OQVaninssy ZnJ) DP diisuoiuy Dsnos oDof Oy'vnu 0yM1Y2 6 1z1{zsso921 2 1 0d157938 N 5 Ja)py Js d4iZ-Oly €y6*79 #n/MOSSIn] Duo ' Javouimi0iboa JJy szoz/z1 /sz sloz/z1/8z JordnyA 91 Oyssin]?iyo VW disiindd o4idnd) 1261/10/81 OUNani)SYN J0 +n 7 1901 Yiyo Ovovinidvu ouylo JnoNJubos ) Jon [ /2 912)290N02 10 OSIYi83d / 35N32/7 *3A80 / OvÚvuevH 30 7WNOIDMNYNIZIHI) olisnya1 J0 iynoizvn Viavl]a)]s 48 S71àodsnvd1 So0 oidjisiniw USVa9 o0 VAIlVdJ0JJ Voi7andJà ootroon Iqolorrorey ous Yl wnovns) ounyiYao unanIyudia noziaon oayhissy 01a SJooynaiseo JOIlA obnh JOilA,90,0,0
aug_cnh_956.jpg,,,,,5.9,14.94,5.3,3.38,1,236.67,239.33,156.0,M2a E18es 8 [8eitces Magenal 2952662900 2952662900 4 2 U HeR | 5 8 1 8 8 1 1 8 1 1 1,23,0,0
aug_cnh_957.jpg,,,,,10.12,100.0,2.34,34.84,2,246.33,251.67,6.33,SIVà39 SVNIW o8oo9r9esw 21'J1noZimoh 00Jf) 1 OlsYHI  IYnaYIS} OIJWYYIYYd)0 ainziiyioia ooyniSSY 5302YA83590 BOOYioa Vanynisst 1 Selo9 DUuDh DJS 5 ZDd DP leDu Coanasvaa 1 1 JoyonykoDyn +84888LI8Z ! SO-+68*ZLSLOS 1 BYM 1Yd Oaisin7N d)Pe NVY1JO 6-697*6LS+L / HoSsIn] J*0 aoyauvaqinoa 26 6z0z/60/s1 610z/60/81 1 JardiIrA 9r OysSIn] YiY0 % Didh DP Dyun) +961/80/Z0 OiNJnijsyk g0nano1yivo DPiewiv oiu08 OYJyirigyh JNONJugos ) JHioN ! 8 N9I))00N0270 OSI//*3d /35N3217 *3//*0 / Ov5YL/7IqyH J0 7YNOIYN YNlJLYY) OL1Snya1 ]0 7vnoijvn Viay1]a)]s 511à0 SNvd1 soa oid]1Siniw 49 USVà 9 o0 VAIlVdJ0]J VJi7aod]d,86,0,0
aug_cnh_958.jpg,175.0,296.0,135.0,135.0,8.11,82.25,18.57,1.95,2,233.33,243.33,10.67,"REPÚBLICA FEDERATIVA Do BRASIL ministeRio Dos TRANSPORTES BR S ECRETARia Nacional DE TRAnSito carteira nacional de Habilitaçio / DRIVERLICENSE / PERMISO DE ConDUCCIÓN Nomee SoBReNOME KaBILITACAO Natalia da Conceicoo Daia [ocaleuf denacimevio 30/01/1979 Rocha do Galho SC Daiaevissac VAlidade 30/11/2018 27/11/2028 1 8( DOC IDENIIDADE / ORG evissor / UF 53.442.555-8IPF 4d [PF NCPEgistpo es 972.681.435-91 88033162507 1 NacionAlIDADE BRASILEIRO(A) FILIAÇAO 1 1 Marcos Vinicius da Mata Rafaela Rezende 1 Yalalo Conculcoo Assinaiurado poriador ACC E Ee 53 OBSERVAÇÔES AssinADO DICITALMENTE DePaRIAMENIO {SIADUAl IRAsuo LOCAL 4336+407081 1 BELO HORIZONTE, MG MG681606770 MINAS GERAIS",93,0,0
aug_cnh_959.jpg,438.0,637.0,114.0,114.0,7.35,81.98,1.84,18.96,2,238.67,247.33,165.33,"SIVà39 SVNIW o8oo9r9esw 9w J1nozidoh 01f) 1 OuskYuL IynayIs} OIMJWYIYYd)0 ainzkiyoia QoyniSSY 53024A83590 BOOYioa YunlYNISSY 1 SeAIv DI7 5 Djjens oJeld (YoaiaISVNE  | 1 LtS+96894 /8 00-09S*685*Lvz 1 OYM 1Yd 0d151938  $ d) Pe Jd8-OSZZZS*S8 / HoSsIn] J*0 aoyauviiooa 26 zsoz/60/LZ zzoz/60/05 1 JordiIrA 9r OysSIna yiy0 & ojieqià @P SBDAON LL61/11/90 OINJnijsyk g0ininoyivo Hud?idado DJDq'D8 Oysyiridyh , JNONJugos ) JHoN /8 N9I))00N0230 OSI//*3d /35N7217 *3//*0 / OvjYL/7IqyH J0 7YNOIYN YNlJLYY) OliSnya1 10 7vnoijvn Viay1]a)]s s31dOdSNvd1 soa oidj1siniw &8 7iSVà9 00 VAIlVdJ0] VJiaod3à Oriviz",84,0,0
aug_cnh_960.jpg,178.0,294.0,135.0,135.0,2.64,40.24,9.32,0.31,0,228.67,229.33,227.67,"94 Woan carteira Nachonal ue Habultacio /DrJ eR FPermiso DE COwnucciós: [90/03/1990 {9708/2024 Jle7oe/234 {5,,430 5a5*83sP Onfr 94} 4403093086 1 2 [ 1 MINAS GERAIS",25,0,0
aug_cnh_961.jpg,174.0,291.0,140.0,140.0,7.69,81.98,18.49,1.82,2,238.67,248.67,12.33,"REPÚBLICA FEDERATIVA Do BRASIL ministerio Dos TRANSPORTES BR SECRETARia Nacional DE TRAnSito carteira nacional de Habilitaçio / DRIVERLICENSE / PERMISO DE ConDUCCIÓN Nomee SoBReNOME HABILTAÇ^O Vicente Nogueira Daia Localeufdenascimevio 04/01/1973 Duarte Daiaevissac VAlidade 03/10/2017 01/10/2027 1 DoCioeniDADEhorgenissor(UE 36.980.931-OPC N"" REGISTRO e 940.567.321-16 79230572668 1 NacionAlIDADE BRASILEIRO(A) FiLIAÇAO 1 1 Diego Sampaio Agatha Peixoto 1 Noqucira AssinaiuraDo PoriaDoR ACC E Ee OBSERVAÇOES AssinaADO DICITALMENTE DePaRIAMENIO {SIADUAl IRasuo LOCAL 4336+407081 1 BELO HORIZONTE, MG MG681606770 MINAS GERAIS d CPY",77,0,0
aug_cnh_962.jpg,173.0,291.0,140.0,140.0,5.45,80.08,17.68,0.26,1,238.33,245.33,156.0,"Republica Federativa Do Brasil 410i57e7io Do} Tausportes BR Secee7a2ia Waciomal de 72405i7o UzuramoonlDr kibiutcio/DrExVCELY JHNBODE COAUCOÓA Aqans Darns Sisire 212/ Caerre 2/o/2 21/0/22 243i04Cipa 828718043 4 8078518, ; Bailerou 1 8 Vale4fal 2 1a0e 1 ã Sde 252 22 ; Aonss ã MINAS GERAIS",44,0,0
aug_cnh_963.jpg,,,,,7.64,81.98,1.84,18.96,2,238.67,248.67,13.33,"SIVà39 SVNIW o8oo9r9esw 9w J1nozidoh 01f) 1 OuskYuL IynayIs} OIMJWYIYYd)0 ainzkiyoia QoyniSSY 53024A83590 BOOYIBOa OO YunlYNISSY 1 InJj DP Dpudue} 5 OUld oDof (YoaiaISVNE  | 1 OZS6+S6S8t9 00-855*961*LOv 1 OYM 1Yd 04151938MS d) Pe a9uilt-{+9*761*06 Jn / MOSsIM] J*0 aoyauvaqiooa 27 ssoz/v0/90 szoz/v0/60 1 JordiIrA 9r OrssInafiyo € SH 0904-Dd 0861/01/01 OiNawi)syn 30+n}1301 YIYO ouod @2iiv DUDW Oysyiridyh , JNONJugos ) JoN / 2 N9I))00N0230 OSI//*3d /35N7217 *3//*0 / OvjYL/7IqyH J0 7YNOIYN YNlJLYY) OliSnya1 10 7vnoijvn Viay1]a)]s s31dOdSNvd1 soa oid]1siniw &8 7iSVà9 00 VAIlVdJ0] VJiaod3à Oriviz",86,0,0
aug_cnh_964.jpg,,,,,8.64,23.54,2.39,7.82,2,237.33,240.0,13.0,85 1 7 1 1 7 1 9 1 1 1 Il : 8 5 8 | 1 | 8 1 8 1 1 ; 1 5 Huu ; Hu 1 3 ; Di 1 1 1 1 8 g 0062992562 00629925 Ivnoijvk oibolibuJl 0 000L W3 Voiva 1,49,0,0
aug_cnh_965.jpg,,,,,6.11,12.7,2.84,4.1,0,217.0,219.33,220.0,"1 1 Hudeeup 84 "" ; 1  1 1 6 | 1",12,0,0
aug_cnh_966.jpg,239.0,193.0,175.0,175.0,6.34,36.31,27.94,2.34,2,206.33,212.67,160.33,14 Do 2 € DE DE dE 1 01 1 61oOCE Oeg SSP Ad CPe 1 1 1 ado ACC Cie Die OBSERVAÇOES Assinano Deparianenio esiAD LOCA 1 BELO HORIZONTE MG MG8684160 MINAS GERAIS B EcretaR ERATIVA Rio CARTEIRAF Do s Nacional Trans B RASIL NACIONAL F PoRTEs Nouee  HABILITAÇÃO / Tran SoBFEROVE Rofoslo Sito DRIVER L Goncolves {LICENSE / IPERMISO C DAIA LOC(us  17/10/1978 MAscimewio Rodriques D414 1115540 1/12/2016 VALIQADE 29/11/2026 CIdlnndaDe / € 410.422-25 eVissor / 143. 950. 278-14 54 Pegisieo NacioaiDADE 733574433863 BRASILEIRO(A) FluCO Ihiogo Costo Sro- Sencaluoe Julio Rios AssiatUQA Poriador,95,0,0
aug_cnh_967.jpg,61.0,77.0,89.0,89.0,7.44,39.16,4.13,3.94,2,238.67,246.67,15.33,"1 7 1 1   II < 8 1li { 1 "" 8 ; é 1 Ii 1 ' 1 1 88 1 9 7 d p 2 2 8 3  1 IL , 1 1 [ ; 0062992562 0062992562 Ivnoijvk oiuoliuu3l 0 0001 WJ VOIJVA ;",46,0,0
aug_cnh_968.jpg,172.0,293.0,142.0,142.0,6.3,61.11,18.79,1.52,0,226.67,228.33,226.33,"Bepoblica FLdERATIVA Do 88as1l 1f 0o ""r Capfera nacIoNal De habilitaÇio / oriver license / Perxiso De conducción  {Écio da Rova 15/10/1970 Cassíano {25/11/202! 1[23/172031 {730.40e-BiFP [o.962254 2 08892075080 1 | Le Marcelo Almeido 3 Srto: Luna Sa 9 1 [ | MINAS GERAIS",44,0,0
aug_cnh_969.jpg,61.0,76.0,88.0,88.0,3.0,7.91,3.17,2.82,1,252.67,240.33,159.0,2 1 MI 1 1 1 1 2 1 5 Hk 1 1 1 ; 1 1 2 1 1 1 5 Ju] 1 1 1 1 8 1 1 ! Iy 1 1 2 006z992562 0062992562 Iywoijyk 0ibo18yal 0 O0l W} vonya,43,0,0
aug_cnh_970.jpg,176.0,297.0,133.0,133.0,4.91,62.33,18.51,0.52,0,227.33,229.0,226.67,tet{#karnw ac Ranauarn tanteaxaxse?#ueoesnwikanr Ee Dea 182 { 1 ! @ 1 MINAS GERAIS G,15,0,0
aug_cnh_971.jpg,177.0,298.0,132.0,132.0,6.51,81.98,18.08,0.9,2,253.0,246.67,28.67,"REPÚBLICA FEDERATIVA Do BRASIL ministeRio Dos TRANSPORTES BR S ECRETARia Nacional DE TRansito carteira nacional de Habiltaçio / DRIVER LICENSE / PERMISO DE Conducción Nomee SoBRENOME Madinitacao Heloisa Correia DAIA [Ocal { UF De Nascimenio 04/08/1955 Barbosa Daiaevissac Validade 19/08/2018 16/08/2028 1 DoCiDenuDADE ORG EWISSOR / UF 12.903.532-6IFP 4d [PF NPeGistpo e 578.013.942-32 08731040160 1 NacionalidadE BRASILEIRO(A) FIlIACAO 1 1 Melo Ana Carolina Barbosa 1 XeloisaBorrcia AssinaiuraDo poriador ACC Ee 7 OBSERVAÇOES Assinado DIcITALMENTE Upahnkknna Tpasuo LOCAL 43361107081 1 BELO HORIZONTE, MG Mgoe 606770 MINAS GERAIS Rovy",87,0,0
aug_cnh_972.jpg,170.0,289.0,147.0,147.0,4.35,77.78,16.03,0.35,1,252.67,237.33,166.0,"Reruvlica FedeRativa Do #Rasil 0  9806ils BR Nacon Kanaic carteiranacional de habilitacio / dRiveR License | perMiso de Conducción Gnune e (oakenoaie Cether Fehxete Ne6/44 / 8/0s/1070 Flmenlo do Campo 20/00/2016 ""/0e/2026 Ooaniiameekn {Mirsok / V6 25,208.074=@i7r Cegisiku 125 06470 16 40402080057 Nal IValiiyee ikasillikoa) Fim ^ 1 Jooqulmn Aroul Yoamlo Vlelrv Chrl ukvalk MnaeeWglilal Menil Paaiimtotsataa PetnnaiTo 16786/nay 1 ""einkvanil Min, Miaamiana//n MINAS GERAIS",65,0,0
aug_cnh_973.jpg,171.0,291.0,146.0,146.0,8.11,81.98,18.49,1.82,2,238.67,245.67,13.0,"REPÚBLICA FEDERATIVA Do BRASIL ministerio Dos TRANSPORTES BR S ECRETARia Nacional DE TRAnsito carteira nacional de Habilitaçio / DRIVERLICENSE / PERMISO DE ConDUCCIÓN Nomee SoBReNOME HABILTAÇ^O Bianca Oliveira Daia Localeuf denascimevio 22/10/1986 Camargo de Castro PA DaiAevissac Validade 17/04/2019 14/04/2029 1 DOC [DENTIDADE / ORGewissoR / Ue 32.330.748 3DETRAN Ad @PC N"" REGLSTRO e 531.670.842-35 83819077767 1 NacionAlIDADE BRASILEIRO(A) FiLIAÇAO 1 1 Gustavo Souza Kamilly  Cavalcanti 1 Bianca Olivcira Assinaiurado poriador ACC Ee OBSERVAÇOES AssinaADO DICITALMENTE DePaRIAMENIO {SIADUAl IRasuo LOCAL 4336+407081 1 BELO HORIZONTE, MG MG681606770 MINAS GERAIS",88,0,0
aug_cnh_974.jpg,170.0,288.0,147.0,147.0,7.47,81.98,18.49,1.82,2,238.67,248.67,13.0,"REPÚBLICA FEDERATIVA Do BRASIL ministerio Dos TRANSPORTES BR S ECRETARia Nacional DE TRAnSito carteira nacional de Habilitaçio / DRIVERLICENSE / PERMISO DE ConDUCCIÓN Nomee SoBReNOME HABILTAÇ^O Caue Viana Daia Localeufdenascimevio 24/09/1967 Ramos do Oeste Daiaeuissac VAlidade 10/08/2017 08/08/2027 1 DoCioeniDADEhorgenissor(UE 46.117.671-9SSP 4d CPF NPEGistpo e 806.421.735-08 13967497808 1 NacionAlIDADE BRASILEIRO(A) FiLIAÇAO 1 1 Miguel Jesus Ana Julia Cirino 1 Baue Uiana Assiyatura Do poriador ACC Ee OBSERVAÇOES AssinaADO DICITALMENTE DePaRIAMENIO {SIADUAl IRasuo LOCAL 4336+407081 1 BELO HORIZONTE, MG MG681606770 MINAS GERAIS Joao",82,0,0
aug_cnh_975.jpg,173.0,292.0,142.0,142.0,1.27,30.22,5.76,0.0,0,246.0,249.67,165.67,Kepoblica Fedekativa Do BKasil 4ekio 00 Spories BR co Tkansao Carieira Nacional de habilitacio / drier Uicense / Peruiso de conduccion Byqenin M inio Ki' 2s/12/1980 Cana Mni 20/0/2ei 24/0/2oui 21 190 Qdeikan Seairen 2282no #K (sileikt ' 0 3 1 Kolue Monkuio Srin (nvs Mveenn 1 @eo Mokicnnnn MINAS GERAIS,51,0,0
aug_cnh_976.jpg,174.0,296.0,136.0,136.0,5.56,81.98,17.92,0.52,2,248.33,249.67,35.0,"REPÚBLICA FEDERATIVA Do BRASIL ministerio Dos TRANSPORTES BR S ECRETARia Nacional DE TRansito carteira nacional de Habiltaçio / DRIVER LICENSE / PERMISO DE ConduCciÓn Nomee SOBRENOME Madinitacao Raquel Camargo Daia Loealeufdenascimevto 16/06/1978 Siqueira de Cavalcaro Daiaevissac Validade 20/04/2024 18/04/2034 1 DoCioeniDADehorgevissor(U 89.558.224-SPC 4d [PF NPegistpo e 631.750.942-52 49001126552 1 NaciohalidADE BRASILEIRO(A) FiLIACO : 1 Dr. Leonardo Pinto 3 Valentina Rios 1 Bamarq Assinaiurado poriador ACC 2e OBSERVAÇOES Assinado DICITALMENTE DePaRIAMENIO ESIADUAl IRasuo LOCAL 4336+407081 | BELO HORIZONTE, MG MG681606770 MINAS GERAIS",81,0,0
aug_cnh_977.jpg,142.0,312.0,145.0,145.0,8.11,77.91,53.29,0.33,2,238.33,238.33,14.0,REPÚBLICA FEDERATIVA D@ BRASIL BR ministerio dos TransPQRtS SECRKTsRER'Qacional DE Transito CIPTEIAMCOmLdE MAbitAcio/DRnERucruse/PErwso oEconoucción_ MaBiLITACAO 1nome [ SobRenome Jullana Silvo Local eueDenascimento] 02/05/1963 da Luz AP DaIA [Viss40 Valipade AcC 10/05/2021 08/05/2031 1 DoC ioentidade / ORc Evissor /UF 83.356.410-SSSP To 4d (PF pegistRo Cat Haab 928.546.013-51 93873809695 1 NacIoHAlDADE BRASILEIRO(A) ; | Andrs Cardoso 2 Isabela Goncalves 1 Juliana Yiloa assinatura Do PoriADOR Cie Die 12 OBSERVAÇOEs ; DAtA),70,0,0
aug_cnh_978.jpg,173.0,291.0,143.0,143.0,4.87,55.96,14.83,0.95,0,230.33,230.67,228.0,RepubLICA FEDERATIVA Do BRASIL EistER c Dos Transpoptes Petaria Nacidnal dE Tkansito Carteira Nachonal de HabilitaÇio / drJver License } permiso de conducción Ranan Almeide 17/05/1997   Vtelra de Lima 13/04/2023 [29.203.595-7IPF MG 1 958.726.013-95 34266921882 BRAS{ZEIKO(A) gic I mansiojas 1 [ | MINAS GERAIS G10/04/2055 Milona,46,0,0
aug_cnh_979.jpg,177.0,315.0,142.0,142.0,4.22,51.08,17.44,0.13,0,216.33,218.33,219.67,Craci Wtystusa [r2a {aen Oin Ge 1 5 44 5 2 1,12,0,0
aug_cnh_980.jpg,175.0,296.0,138.0,138.0,6.22,81.3,16.71,0.17,1,238.33,248.67,159.33,Zepublica Federativa Do Brasil Vosteo Do5 774858or7es BR 3ec7e7a2ia Wacioval 0E 72703n7o OrhW-icoierigy[eseonlO Lraccic 28/87 Hora /2 2 Jl2Ed 22422 {ifs Cc76 C6ze ; asdoa ; Ce 2 5 ; Sanaa ; MINAS GEPAIS,34,0,0
aug_cnh_981.jpg,174.0,296.0,136.0,136.0,8.19,81.98,18.49,1.82,2,238.67,247.33,16.33,"REPÚBLICA FEDERATIVA Do BRASIL ministerio Dos TRANSPORTES BR S ECRETARia Nacional DE TRAnSito carteira nacional de Habilitaçio / DRIVERLICENSE / PERMISO DE ConDUCCIÓN Nomee SoBReNOME HABILTAÇ^O Sra_ Marcela da Costa Daia [ocaleufdenascimevio 04/09/1999 Albuquerque Daiaevissac 4b Validade 25/12/2022 22/12/2032 1 DOC [DENTIDADE / ORGeVissor / Ue 27.134.956-7IPF 4d CPF NªREGISTRO e 245.731.890-41 4582129613 1 NacionAlIDADE BRASILEIRO(A) FiLIAÇAO 1 1 Luiz Fernando Siqueira Ana Cecilia Pimenta 1 Mancelo dBosl Assiyatura Do poriador ACC Ee OBSERVAÇOES AssinaADO DICITALMENTE DePaRIAMENIO {SIADUAl IRasuo LOCAL 4336+407081 1 BELO HORIZONTE, MG MG681606770 MINAS GERAIS",88,0,0
aug_cnh_982.jpg,177.0,297.0,132.0,132.0,8.46,67.07,23.94,2.06,0,218.0,220.67,221.0,REFOBLica fedERaTiva Do BraSiL BR 1nisiru00os TKAaispsatEs Ceretarin naCionalde transhio Carteiranacional De habilitaÇio /driver LICENSE / permiso De conducción {Giovanno Pereiro {12/01/1970 Fonsoca dos Douradab [25711/2024 [23/41/2034 88.915.167~ 1 DETRAN {709.854.231-68 63851652375 {axasuerora) 1 | Nlcolas Feixeira Borbaro Ferandes @ [ | MINAS GERAIS,44,0,0
aug_cnh_983.jpg,134.0,317.0,223.0,223.0,4.0,33.88,24.57,2.24,0,221.33,221.67,222.0,"de de 06/01 PB {der To 1 Yau 5 5 1 9 5 2 Si1o do5 Viva Do Tar Transportes BRASIL Cartehra nacional i aconal DE Fransio _habhlttacio/ oruver l @ Rodriques xLicense / perhiso 5 ECoNDU 12/03/1996 4e4io Albuquarque /2019 03/01 '/2029 | 180.959 994-SSSP 7145,276.809-84 45gs: 70332090868 Jorknjlse ARASILFIROEA) Vitor Hugo Cunho Marino Monleiro aiue",57,0,0
aug_cnh_984.jpg,160.0,305.0,187.0,187.0,5.93,58.67,42.1,0.06,0,223.33,224.33,224.0,"REPhhaica Floepativa Drtdrasti W4 (apoRtE Chtera mcuomal de MgnlmciocomwerulcesseePermsodE comoueci Snr {coal Pinte [28/11/1990 Farlaa Verde (5727229 90/12/7050 {40.11 ~SPC 8 {43,290,866*1s 948069*5032 Fc {aasnuxa H [maac ccw Pink F 02 5 6x 1 E 1E Jay ,307",38,0,0
aug_cnh_985.jpg,874.0,557.0,91.0,91.0,7.49,39.65,3.74,4.24,2,238.67,248.67,13.67,Valida EM Todo 0 TerritÓrio MACIONAL 2952662900 2952662900 ; p 1 1 7 8 1 2 1 1 A/ 5 F II 4 1 H6 1 : 1 ; 1 1 1 1 2 1 8 8 1 7 I 1 9 1 J 1 II | 5 1 L 5,51,0,0
aug_cnh_986.jpg,173.0,294.0,139.0,139.0,7.92,81.98,18.49,1.82,2,238.33,247.33,15.67,"REPÚBLICA FEDERATIVA Do BRASIL ministerio Dos TRANSPORTES BR SECRETARia Nacional DE TRAnSito carteira nacional de Habilitaçio / DRIVERLICENSE / PERMISO DE ConDUCCIÓN Nomee SoBReNOME HABILTAÇ^O Ana Moraes Daia [ocaleufdenascimevio 09/11/1996 Ferreira Daiaevissac VAlidade 31/12/2017 29/12/2027 1 8( DOC IDENIIDADE / ORG evissor / UF 53.246.537-9IFP Ad @PC NC REGISTRO e 493.675.201-07 42264643797 1 NacionAlIDADE BRASILEIRO(A) FiLIAÇAO 1 1 Ravi Pinto Sra_ Eduarda Fogaca 1 na AssinaiuraDo PoriaDoR ACC Ee OBSERVAÇOES AssinaADO DICITALMENTE DePaRIAMENIO {SIADUAl IRasuo LOCAL 4336+407081 1 BELO HORIZONTE, MG MG681606770 MINAS GERAIS Morase",85,0,0
aug_cnh_987.jpg,50.0,903.0,30.0,30.0,6.99,76.29,45.19,1.1,2,238.33,235.67,19.33,"REPÚBLICA FEDERATA B RASIL BR NisteRio 283NRARSPRRWSSTo NaCional dE SECRETARIA DEHABILITAÇÃO / DRIVERLICENSE / PERWISO DECONDUCCIóN CarteirA NACIONAL  HaBUTACAO NOMEE SobRfkOUE Coleb_Marques ZoCmtuFdf Nascimento Cirino do Serra PR 05/ '08/2007 ACC ValIPADE Data EVissao 08/02/2028 (10/02/2018 Doc identiDADE / Osg Emissor /Ue 1 (54.659.891-OIFP UIHAB RegisTRo {d (PF 401.382.569-42 58908944410 1 BRaSILEAROGA) FilIACIO Dr. Mateus Pimonta 1 1 Jullo Fernandes 1 4nsnoa ACC Cle Die ObservaÇoes AssinaDo DIGITALMENIE Departamenio [siadual De iransito ; LoCA M56s41801090 BELO HORIZONTE, MG Do Dafa 5e Bakl",82,0,0
aug_cnh_988.jpg,173.0,295.0,137.0,137.0,7.68,82.25,18.65,2.02,2,251.0,252.0,8.33,"REPÚBLICA FEDERATIVA Do BRASIL inistERio Dos TRANSPORTES BR 5 ECRETARia Nacional DE TRAnSito carteiranacional de Habilitaçio / DRIVER LICENSE / PERMISO DE ConDUCCIÓN Nomee SoBRenoME Madivitacao Alicia da Mata Daia [ocaleuf denascimewio 07/01/1993 Vasconcelos Verde Daiaevissec Yalidade 14/03/2023 11/03/2033 1 DoCioehuoaoe Orgenissor(UE 62.614.633-8DETRAN 4d CPF NPegistpo e 1 031.942.568-15 54858976672 Nacohelidade BRASILEIRO(A) FILIAÇAO 1 1 Kaique Campos Evelyn Rezende 1 Ilicia lala Assinaiurado poriador ACC Ee E 2 OBSERVAÇOES AssinADO DICITALMENTE DepariangnioesiADuA Ipsuo LOCAL 3361107081 1 BELO HORIZONTE, MG MG681606770 MINAS GERAIS",82,0,0
aug_cnh_989.jpg,164.0,288.0,156.0,156.0,6.2,56.23,17.93,1.54,0,226.33,227.67,236.0,Rsfublica FEnfrativa Do BRasit 48 468)5 Carieira nacyonal de habiliacio / DRHERLICEasE / PERMSo DE COnolCctow Lesrnerdc costu {0s/98/1364Cavalcunts {01740/2097 [29/09/2027 {222os724s5E' {22265553_01 [L31z5782327 Ew 1 | [Lono  F | MINAS GERAIS Eliso 1,34,0,0
aug_cnh_990.jpg,168.0,291.0,148.0,148.0,7.35,81.98,18.49,1.82,2,238.33,246.67,13.0,"REPÚBLICA FEDERATIVA Do BRASIL ministerio Dos TRANSPORTES BR SECRETARia Nacional DE TRAnSito carteira nacional de Habilitaçio / DRIVERLICENSE / PERMISO DE ConDUCCIÓN Nomee SoBReNOME Mariutacao Rafaela Vasconcelos Daia Localeufdenascimevio 10/04/1972 Mendonca Daiaevissac VAlidade 22/12/2023 19/12/2033 1 8( DOC IDENIIDADE / ORG evissor / UF 53.148.858 SSSP 4d [PF NªREGISTRO e 490.826.573-92 90528949324 1 NacionAlIDADE BRASILEIRO(A) FILIAÇAO 1 1 Miguel Casa Grande Kamilly Fernandes 1 laclao Uasconcabo Assiyatura Do poriador ACC Ee OBSERVAÇOES AssinaADO DICITALMENTE DePaRIAMENIO {SIADUAl IRasuo LOCAL 4336+407081 1 BELO HORIZONTE, MG MG681606770 MINAS GERAIS Jooo",87,0,0
aug_cnh_991.jpg,181.0,301.0,125.0,125.0,7.8,81.98,18.49,1.82,2,238.67,248.67,14.67,"REPÚBLICA FEDERATIVA Do BRASIL ministerio Dos TRANSPORTES BR S ECRETARia Nacional DE TRAnSito carteira nacional de Habilitaçio / DRIVERLICENSE / PERMISO DE ConDUCCIÓN Nome [ SobREnoME HABILTAÇ^O Dr. Gabriel Mendonca Daia Localeufdenascimevio 25/01/1977 Fogaca de Goias DaiAeuissac Validade 18/06/2019 15/06/2029 1 DoCioeniDADEhorgevissor(UE 18.631.884-6IFP 4d [PF NPegistpo e 912.063.547-80 98327844 1 NacionAlIDADE BRASILEIRO(A) FiLIAÇAO 1 1 Mateus Peixoto Larissa Sousa 1 Mondonco Assinaiurado poriador ACC E Ee OBSERVAÇOES AssinaADO DICITALMENTE DePaRIAMENIO {SIADUAl IRasuo LOCAL 4336+407081 1 BELO HORIZONTE, MG MG681606770 MINAS GERAIS",81,0,0
aug_cnh_992.jpg,170.0,291.0,145.0,145.0,7.34,81.98,18.49,1.82,2,238.33,248.67,15.33,"REPÚBLICA FEDERATIVA Do BRASIL ministerio Dos TRANSPORTES BR S ECRETARia Nacional DE TRAnsito carteira nacional de Habilitaçio / DRIVERLICENSE / PERMISO DE ConDUCCIÓN Nomee SOBReNOME HABILTAÇ^O Francisco Farias Daia Localeufdenascimevio 12/01/1969 Sales de Machado Daiaeuissac VAlidade 20/08/2019 17/08/2029 1 DoCioeniDADEhorgenissor(UE 36.255.560-2 DETRAN N? REGISTRO e 748.905.321-88 06600628068 1 NacionAlIDADE BRASILEIRO(A) FiLIAÇAO 1 1 Diego Moreira Rafaela Sales 1 ranciscoJariao Assiyatura Do PoriaDoR ACC E Ee OBSERVAÇOES AssinaADO DICITALMENTE DePaRIAMENIO {SIADUAl IRasuo LOCAL 4336+407081 1 BELO HORIZONTE, MG MG681606770 MINAS GERAIS d CPY",82,0,0
aug_cnh_993.jpg,171.0,290.0,144.0,144.0,10.27,100.0,34.12,2.32,2,189.67,201.0,195.0,REPÚBLICA FEDERATIva Do BRASIL Ministerio Dos Transportes BR Secretapia Nacional De Transito CARTEIRA NACIONAL DE HABILTAÇiO / DRIVER LICENSE / PERMISO DE CONDUCCIÓN ZioucesoapehOue Mabiuuco Morlo Clara da Costo Dala loclelfoehasciyenio 21/07/1993 Borgos d0 Minas Oaia(vio Valiqaoe 23/07/2020 21/07/2030 1 DOcIolitloaoe / Oeg[Vissor/Uf 13.214.518-3ifp dpf 5tb{gisteo Uiaab 1 083.127.496-40 48441586284 Macio lioaD6 BRASILEIRO(A) FLVCO 1 | Rodrigo Moura Moito Abrou 1 (uodl assinatugaoopogiaooo 2 52 22 Oesefiaoes Assido DicIALVEMIE Depaaiamemioesuadual De Teasiio LOCA 43364407081 | Belo HorzonicMg Mc6816oo70 MINAS GERAIS,80,0,0
aug_cnh_994.jpg,176.0,217.0,168.0,168.0,4.44,54.88,24.95,0.93,0,219.0,221.0,221.0,00 de Ehabilftacio/ {94/08/1964_Carvolho € {8/5/2022 {62.175.701-sHRco 1 {730.452.961-06 62410473737 I {xasiroia {Dr. Bernardo Llmo Agolh? Novals 5 2 50 1 2 2 ; Erasil CARTEIra a NacIONAl 5 DRIVER License / Periiso F CAno~_ deconducciÓn Coceleng Norle (12/91/2032,39,0,0
aug_cnh_995.jpg,,,,,7.99,81.98,1.84,18.96,2,238.67,248.33,12.33,"SIVà39 SVNIW o8oo9r9esw 9w J1nozidoh 01f) 1 OuskYuL IynayIs} OIMJWYIYYd)0 ainzkiyoia QoyniSSY 53024A83590 BOOYioa YunlYNISSY 1 DJiBAlIO DSSuD7 5 sebj08 087 Coanasvaa | 1 JoyonykOiyN Z9ZOSz88LOS S6-8ZS*65/*L9O| 1 OYM 1Yd 0d151938 X Jd) PY = Jd / ~St9""IylOS / HoSsIn] J*0 aoyauvaqiooa 27 Isoz/z1/01 Izoz/z1/zi 1 JordiIra 9t  OysSIn yiy0 % @PuDJI DpijeJody 6861/70/70 OiNani)syn J0+031301 YIva Dyun] DP sd?n] !ADO Ovoviridyh JNONJugos ) JoN N9I))00N0230 OSI//*3d /35N7217 *3//*0 / OvjYL/7IqyH J0 7YNOIYN YNlJLYY) OLiSnya1 J0 7vnoijvn Viay1]a)]s s31dOdSNvd1 soa oidj1siniw &8 7iSVà9 00 VAIlVdJ0] VJiaod3à",86,0,0
aug_cnh_996.jpg,178.0,298.0,129.0,129.0,7.74,81.98,18.49,1.82,2,238.67,248.67,105.67,"REPÚBLICA FEDERATIVA Do BRASIL ministerio Dos TRANSPORTES BR SECRETARia Nacional DE TRAnSito carteira nacional de Habilitaçio / DRIVERLICENSE / PERMISO DE ConDUCCIÓN NomeesobReNoME HABILTAÇ^O Stella Castro Daia [ocaleufdenascimevio 19/05/1978 Correia Paulista Daiaevissac VAlidade 05/07/2024 03/07/2034 1 DoCioenDADEhorgenissor(UE 57.966 64-2IPF Ad @PC NPegistpo e 014.798.562-58 70868474035 1 NacionAlIDADE BRASILEIRO(A) FiLIAÇAO 1 1 Dr. Henry Lima Maria Clara da Paz 1 Ylella _Basbo AssinaiuraDo poriaDoR ACC Ee OBSERVAÇOES AssinaADO DICITALMENTE DePaRIAMENIO {SIADUAl IRasuo LOCAL 4336+407081 1 BELO HORIZONTE, MG MG681606770 MINAS GERAIS",80,0,0
aug_cnh_997.jpg,,,,,1.64,14.65,0.31,0.39,0,237.33,244.0,163.0,Waeo 2952662900 2952662900 11p122- 0 { f 1,8,0,0
aug_cnh_998.jpg,177.0,295.0,137.0,137.0,7.54,73.17,21.08,1.5,1,229.67,230.67,228.67,REPÚBLICA FEDERATIva Do BRASIL MinisteR7o os Tran sPoRTEs BR SeCrEtaria NacvonaL DE 7rans:to carteira Nachonal de habilitaçio / DrIvER License / permiso De ConduCción Goel Hanrique Souso 21/02/1973 Fernandes 27/10/2019 24/10/2029 27.430.939-6 DETRAN 1 297.068.315-68 03825869679 #RAS{LEIKO{A) ; 1 Breno Siqueira Isadora Vasconcelos f ! 5 016/l | MINAS GERAIS,50,0,0
aug_cnh_999.jpg,58.0,74.0,93.0,93.0,5.84,26.56,3.27,3.13,1,253.0,240.33,26.67,1 1 1 8 1 2 4 1 1 1 1 1 3 884 2 I 4 1 p N | 1 ' 4 { 1 0062992562 0062992562 ivmoijvk Oivolivv]l 0 OO0L W} Voiiva,34,0,0
