nome_completo,prim_habi,data_nasci,local_nasci,uf_3,data_emissao,validade,doc_identida,org_emissor,uf_4c,cpf,num_regis,categoria,pai,mae,assinatura
Gael Henrique da Costa,C,20/03/2005,Fogaca,ES,16/06/2020,14/06/2030,80.176.550-2,SSP,PE,658.279.143-55,53348550118,C,Rael Nascimento,Eloa Silveira,Gael Henrique da Costa
Augusto Rodrigues,B,06/03/1980,Camara,MT,26/10/2022,23/10/2032,93.191.759-8,IPF,PE,480.721.536-17,03963476522,B,Oliver Borges,Sra. Sabrina Farias,Augusto Rodrigues
Lucas Alves,C,17/08/1991,Teixeira de Minas,AM,10/07/2024,08/07/2034,99.540.673-6,IIRGD,RJ,623.184.590-70,66323438387,C,Andre Pacheco,Srta. Pietra Casa Grande,Lucas Alves
Juan Barros,B,11/07/1971,Rodrigues,RJ,05/09/2021,03/09/2031,59.696.734-9,IIRGD,MT,162.943.758-19,05892394049,B,Marcelo Fonseca,Laura Montenegro,Juan Barros
Lais Azevedo,D,19/04/1961,da Rosa,MG,20/10/2022,17/10/2032,81.598.224-0,IPF,PB,768.593.140-01,36299221500,D,Dr. Caua Martins,Sarah Vasconcelos,Lais Azevedo
Julia Leao,E,25/02/1971,Sa,BA,27/09/2023,24/09/2033,35.151.707-0,DETRAN,GO,817.543.269-19,35169791055,E,Luiz Otavio da Conceicao,Maria Siqueira,Julia Leao
Isaque Camara,C,05/12/1961,Pacheco,PI,01/04/2019,29/03/2029,65.186.543-1,PC,PR,430.821.576-53,12752051885,C,Sr. Jose Miguel da Cruz,Fernanda Gomes,Isaque Camara
Alexia Albuquerque,E,31/07/1961,Castro,MG,10/08/2020,08/08/2030,29.601.849-3,PC,AP,256.348.197-09,46717342725,E,Marcos Vinicius Macedo,Sra. Manuella Aragao,Alexia Albuquerque
Anthony Gabriel Freitas,C,11/04/1959,Novais,RJ,31/07/2023,28/07/2033,30.343.643-9,SSP,CE,673.951.280-95,12502813183,C,Otto Fernandes,Esther Pinto,Anthony Gabriel Freitas
Benjamin Marques,D,27/02/1983,Ribeiro de Minas,SC,31/10/2016,29/10/2026,76.329.853-3,IFP,MT,691.275.438-46,65922856674,D,Paulo Guerra,Nina Fogaca,Benjamin Marques
Davi Miguel Vasconcelos,E,21/02/1979,Camara,AC,05/05/2018,02/05/2028,52.479.182-3,IPF,RR,859.673.240-38,83295688111,E,Arthur Rodrigues,Caroline Pires,Davi Miguel Vasconcelos
Thiago Oliveira,C,15/11/1986,Correia,AL,14/05/2022,11/05/2032,69.235.186-8,SSP,MT,214.370.568-90,70192670552,C,Dr. Henry Gabriel Guerra,Maria Laura Almeida,Thiago Oliveira
Anthony Ribeiro,A,11/05/1987,da Cruz,MG,25/11/2021,23/11/2031,93.647.640-0,DETRAN,PR,702.163.549-43,32031160628,A,Bento Cavalcante,Dra. Vitoria Barbosa,Anthony Ribeiro
Ravi Lucca da Conceicao,E,27/03/1996,Rodrigues de Goias,PA,27/09/2023,24/09/2033,44.536.904-6,DETRAN,RJ,352.064.891-15,54227302745,E,Dr. Enzo Vasconcelos,Manuela Martins,Ravi Lucca da Conceicao
Dra. Sabrina Caldeira,A,12/02/1997,da Mota,TO,26/05/2019,23/05/2029,94.603.863-4,IFP,CE,857.049.631-10,86827109155,A,Anthony Gomes,Larissa Moura,Dra. Sabrina Caldeira
Heloisa da Mota,A,15/10/1998,Teixeira,AC,12/10/2019,09/10/2029,44.849.479-4,PC,ES,192.670.435-52,83234873941,A,Bryan Pimenta,Pietra Borges,Heloisa da Mota
Joao Sousa,A,03/05/1974,Farias,RJ,18/01/2024,15/01/2034,89.519.517-7,DETRAN,TO,651.783.240-80,05436815465,A,Otto Melo,Mariane Freitas,Joao Sousa
Eloa Siqueira,E,10/09/1999,Mendes,SE,08/07/2024,06/07/2034,35.589.771-5,PC,TO,420.518.637-17,15353107804,E,Otto Costela,Julia Guerra,Eloa Siqueira
Luna Leao,C,02/01/1972,Abreu do Sul,PR,26/06/2016,24/06/2026,94.695.473-5,SSP,RN,504.978.123-04,47724114273,C,Anthony Porto,Dra. Sophia Mendonca,Luna Leao
Jade Viana,C,01/06/1953,Silveira da Prata,AC,16/07/2017,14/07/2027,57.566.248-4,IIRGD,SP,549.073.168-01,39324005909,C,Yuri Castro,Alana Cavalcanti,Jade Viana
Isis das Neves,A,29/06/1978,Leao de Silva,CE,14/04/2024,12/04/2034,54.423.839-5,IFP,AM,305.968.174-01,26681509691,A,Carlos Eduardo Alves,Dra. Ana Rezende,Isis das Neves
Sabrina das Neves,D,24/07/1962,Costela do Sul,GO,01/07/2024,29/06/2034,44.704.893-2,SSP,RN,732.016.498-13,29686483584,D,Joao da Cunha,Maya Abreu,Sabrina das Neves
Raquel da Rocha,E,06/03/1963,Vieira,SC,01/07/2016,29/06/2026,79.536.491-1,SSP,RO,415.962.037-06,23897376374,E,Gustavo Fogaca,Dra. Ana Cecilia Costa,Raquel da Rocha
Sr. Guilherme Cunha,D,13/07/1982,Caldeira,PE,30/11/2019,27/11/2029,92.143.111-6,SSP,AP,975.364.281-46,10268664048,D,Dr. Caleb Sales,Aurora Caldeira,Sr. Guilherme Cunha
Maria Sophia Borges,C,19/09/1969,Aragao do Norte,PB,21/11/2020,19/11/2030,63.701.727-7,PC,PA,319.207.486-87,87492348039,C,Sr. Nicolas Vasconcelos,Dra. Manuela Lopes,Maria Sophia Borges
Mariah Jesus,B,13/01/1979,Silveira,SC,02/05/2024,30/04/2034,90.250.750-8,PC,AL,054.816.379-01,52832155770,B,Noah Fogaca,Rebeca Teixeira,Mariah Jesus
Joao Gabriel Rezende,C,28/01/1979,da Rocha de da Cunha,AP,21/08/2021,19/08/2031,82.158.260-0,IPF,AC,128.567.309-30,02153650821,C,Sr. Ryan da Paz,Vitoria Novaes,Joao Gabriel Rezende
Ana Julia Santos,A,26/09/1987,Camargo,RJ,22/06/2017,20/06/2027,43.832.634-8,IPF,SE,936.580.271-77,99425582710,A,Valentim Cirino,Ana Julia Pastor,Ana Julia Santos
Marcela Sousa,E,31/05/1978,Carvalho,RR,02/05/2022,29/04/2032,56.525.606-7,IFP,RR,925.314.708-32,40160368354,E,Lucas Cavalcante,Caroline Fernandes,Marcela Sousa
Pedro Henrique Correia,A,25/12/1959,Castro das Flores,DF,06/08/2018,03/08/2028,30.872.727-0,PC,MS,531.902.684-60,88605454546,A,Nicolas Melo,Kamilly Pinto,Pedro Henrique Correia
Caroline Araujo,E,27/05/1958,Cassiano de Santos,PR,17/07/2020,15/07/2030,53.995.191-4,DETRAN,AM,345.670.819-00,54169411465,E,Mateus Jesus,Agatha Moreira,Caroline Araujo
Daniel Porto,C,23/08/1955,Montenegro,CE,07/07/2018,04/07/2028,13.921.590-7,PC,PR,396.152.408-42,61637983959,C,Yuri Cardoso,Maria Cecilia Garcia,Daniel Porto
Luisa Silveira,E,21/12/1998,Nogueira de Goias,RS,11/07/2022,08/07/2032,27.826.578-6,IIRGD,PR,495.062.187-49,21911547026,E,Vicente Fonseca,Pietra Marques,Luisa Silveira
Lara Costela,C,02/05/1984,Pires Grande,AC,29/03/2020,27/03/2030,12.170.706-4,DETRAN,MA,851.397.620-21,70054323341,C,Joao Gabriel Andrade,Ana Luiza Peixoto,Lara Costela
Caroline Alves,D,30/04/1948,da Cunha da Prata,ES,02/08/2019,30/07/2029,31.922.495-2,DETRAN,CE,980.253.761-68,51373384032,D,Danilo Leao,Manuela Nascimento,Caroline Alves
Jose Miguel Souza,A,26/10/1978,Gomes,PE,01/08/2021,30/07/2031,78.179.192-9,IPF,RR,357.610.924-25,57338582756,A,Matheus Moreira,Eduarda Pereira,Jose Miguel Souza
Helena Garcia,B,22/09/1974,Duarte,RN,08/05/2017,06/05/2027,23.731.592-3,IFP,RS,095.243.178-50,39423378077,B,Dr. Thiago Castro,Maria Laura Jesus,Helena Garcia
Maria Julia da Paz,D,21/05/1958,Vargas,MG,20/08/2024,18/08/2034,83.852.660-8,IIRGD,AM,037.946.128-50,36525498978,D,Isaac Borges,Sophia Goncalves,Maria Julia da Paz
Mateus Pinto,C,08/02/1949,da Conceicao,AM,12/05/2020,10/05/2030,96.368.474-5,PC,RR,970.214.386-13,32987357827,C,Caio Araujo,Maria Luiza Macedo,Mateus Pinto
Lavinia Moraes,E,24/06/1951,Goncalves,BA,18/11/2023,15/11/2033,59.780.330-7,IPF,GO,185.309.462-51,77305699614,E,Sr. Apollo Farias,Sra. Ana Julia Melo,Lavinia Moraes
Vinicius da Paz,E,19/12/1992,das Neves,TO,31/10/2018,28/10/2028,85.459.576-8,SSP,RO,072.891.634-78,91090509530,E,Caio Cunha,Clarice Porto,Vinicius da Paz
Bruno Ramos,A,17/01/1961,Siqueira,AL,08/03/2017,06/03/2027,21.249.411-9,PC,AM,354.726.018-35,47453545486,A,Gustavo Henrique Fogaca,Srta. Carolina Castro,Bruno Ramos
Bernardo Goncalves,C,04/11/1970,Goncalves,RJ,06/03/2016,04/03/2026,30.651.118-4,PC,RN,285.039.741-50,23371263455,C,Daniel Sales,Jade Almeida,Bernardo Goncalves
Maria Julia da Luz,B,04/11/1969,Monteiro,PE,08/12/2020,06/12/2030,20.178.279-7,IIRGD,MA,047.615.289-58,77650198638,B,Benjamin Farias,Larissa Monteiro,Maria Julia da Luz
Emanuel Correia,D,24/06/1978,Fernandes,SC,18/10/2019,15/10/2029,20.909.293-6,IPF,RR,790.138.526-02,10324069319,D,Davi Machado,Giovanna Novais,Emanuel Correia
Bella Pimenta,D,19/06/1998,Borges,RJ,08/10/2021,06/10/2031,17.426.429-7,IPF,TO,702.394.615-25,52845860388,D,Dr. Thomas Monteiro,Maria Julia Sousa,Bella Pimenta
Elisa Ferreira,B,11/04/1975,Farias da Serra,DF,23/05/2018,20/05/2028,37.535.947-8,IPF,TO,197.608.253-68,51638867619,B,Benjamin da Paz,Antonella Garcia,Elisa Ferreira
Caroline Machado,D,27/10/1957,Campos de Pereira,MS,15/05/2022,12/05/2032,51.403.661-9,DETRAN,SP,074.519.382-04,36957037753,D,Lucca Mendonca,Isabella Lima,Caroline Machado
Maria Julia Marques,D,27/12/1947,Almeida da Praia,PA,23/12/2018,20/12/2028,55.694.186-0,IIRGD,RO,586.420.937-65,18186278543,D,Benjamin Garcia,Isis Moreira,Maria Julia Marques
Sr. Ryan Andrade,E,20/05/1967,Cavalcanti das Pedras,SP,21/03/2024,19/03/2034,39.981.777-1,DETRAN,PR,916.354.028-24,30055407561,E,Dr. Carlos Eduardo Moreira,Maria Isis da Rosa,Sr. Ryan Andrade
Matteo Santos,A,03/03/1971,Andrade do Sul,RJ,20/10/2018,17/10/2028,34.342.283-8,DETRAN,RS,319.675.280-12,02704267913,A,Dr. Calebe Aragao,Sophie da Mota,Matteo Santos
Eloa Lopes,B,17/09/1982,Montenegro,SC,09/10/2019,06/10/2029,10.261.417-3,DETRAN,AL,437.026.895-83,46187310261,B,Theodoro Vieira,Cecilia Sales,Eloa Lopes
Antony Pereira,B,12/10/2001,Cardoso,AL,05/01/2024,02/01/2034,59.295.362-4,IIRGD,RS,407.932.815-04,23149622095,B,Luiz Fernando da Luz,Marcela Martins,Antony Pereira
Maya da Cunha,C,30/08/1953,Nogueira,RN,03/01/2024,31/12/2033,18.757.710-5,IFP,AM,481.067.529-76,32440201215,C,Pietro Sampaio,Livia Lima,Maya da Cunha
Pietro Pinto,C,17/01/2002,Costela,PB,25/07/2020,23/07/2030,70.581.350-0,IFP,SP,318.652.974-37,69390610321,C,Gael Henrique da Mota,Eloah Silveira,Pietro Pinto
Paulo Montenegro,B,14/02/2004,Silva,GO,30/01/2019,27/01/2029,26.328.553-8,DETRAN,SP,476.815.390-93,03060714064,B,Benjamin Andrade,Brenda Mendes,Paulo Montenegro
Heloisa Aragao,A,30/04/1961,Martins da Serra,CE,12/04/2022,09/04/2032,33.864.194-2,IIRGD,ES,847.265.103-71,25732320129,A,Felipe Nunes,Alana Pereira,Heloisa Aragao
Vinicius Santos,C,24/05/1956,Pereira,DF,07/01/2020,04/01/2030,81.630.145-1,IFP,RO,413.295.087-50,50210363452,C,Bruno Souza,Pietra Silveira,Vinicius Santos
Igor Freitas,D,03/04/1980,Rios,DF,23/08/2021,21/08/2031,68.830.623-3,SSP,DF,459.273.168-91,30770558327,D,Ian Martins,Ana Vitoria Souza,Igor Freitas
Ana Julia Machado,A,08/12/1971,Pimenta,SE,23/03/2016,21/03/2026,89.730.133-8,DETRAN,SP,238.517.960-12,77746656435,A,Davi Ribeiro,Srta. Manuella Fernandes,Ana Julia Machado
Maria Liz Barros,E,11/12/1948,Campos do Sul,MT,15/06/2022,12/06/2032,43.700.695-4,DETRAN,SE,418.709.265-01,40284069704,E,Sr. Oliver Dias,Luiza Aragao,Maria Liz Barros
Brayan Campos,C,22/05/1946,Fogaca dos Dourados,RS,25/03/2016,23/03/2026,29.325.105-0,IPF,AL,153.270.869-68,24166447339,C,Yan Rezende,Brenda Gomes,Brayan Campos
Srta. Maria Isis Lima,A,22/02/1989,Pacheco de Goias,SC,12/08/2023,09/08/2033,36.590.261-1,PC,SP,271.890.564-67,45588060100,A,Diogo Fonseca,Livia Vargas,Srta. Maria Isis Lima
Bryan da Mota,E,18/11/1962,Andrade,AL,22/09/2020,20/09/2030,50.198.113-2,SSP,MA,852.340.917-32,55157295243,E,Vitor Gabriel Campos,Stephany Sousa,Bryan da Mota
Anna Liz Macedo,B,17/07/1977,Caldeira de Mendes,PE,27/09/2020,25/09/2030,34.403.373-8,IIRGD,MG,896.017.523-40,97002982392,B,Luigi Peixoto,Isis Costa,Anna Liz Macedo
Pedro Mendes,E,02/12/2007,Moreira de Souza,CE,28/08/2022,25/08/2032,58.615.317-5,SSP,MS,189.052.473-50,16483470641,E,Jose Miguel Castro,Cecilia Cavalcanti,Pedro Mendes
Maysa Albuquerque,A,09/07/1978,Goncalves da Mata,AP,09/04/2017,07/04/2027,31.464.732-7,PC,MS,783.295.064-10,49471170251,A,Leandro Vieira,Ana Julia Cunha,Maysa Albuquerque
Dra. Clarice Porto,A,14/03/1978,Porto do Oeste,SC,25/09/2017,23/09/2027,51.141.492-5,IFP,AM,174.539.028-60,10649615000,A,Guilherme Nascimento,Larissa Vasconcelos,Dra. Clarice Porto
Luiz Gustavo Mendonca,E,08/09/1957,Porto,AC,31/01/2016,28/01/2026,47.965.297-4,DETRAN,AC,125.907.364-52,15285272571,E,Lucas Gabriel Nascimento,Julia Garcia,Luiz Gustavo Mendonca
Lucca Aragao,B,10/03/1996,Rodrigues Alegre,PA,26/10/2016,24/10/2026,43.438.924-9,IIRGD,MG,328.409.176-96,77899693204,B,Theo Costela,Melina da Paz,Lucca Aragao
Ana Julia Peixoto,E,22/05/1968,Nascimento,RS,08/09/2017,06/09/2027,73.354.417-7,SSP,CE,580.749.621-30,11197696876,E,Thiago da Rosa,Luara Pacheco,Ana Julia Peixoto
Isabel Guerra,A,08/06/1997,Guerra,RS,26/04/2018,23/04/2028,68.436.691-9,IFP,RN,862.043.917-04,84215564311,A,Pedro Santos,Srta. Valentina Marques,Isabel Guerra
Diogo Teixeira,A,19/01/1956,Cavalcante do Oeste,TO,07/05/2021,05/05/2031,85.705.213-7,IPF,SP,479.526.301-99,12897953981,A,Vinicius Costela,Ana Laura Alves,Diogo Teixeira
Levi Castro,A,02/10/1963,Cassiano,RS,03/06/2016,01/06/2026,34.452.227-2,SSP,RN,697.431.082-03,31846705070,A,Eduardo Macedo,Yasmin Castro,Levi Castro
Giovanna Vasconcelos,C,25/03/1974,Nascimento de Minas,SP,15/07/2017,13/07/2027,57.166.442-6,IIRGD,AP,471.365.892-82,73981727953,C,Ryan Borges,Ana Vitoria Peixoto,Giovanna Vasconcelos
Sr. Caua Camargo,E,31/07/1980,Costela,AL,10/10/2022,07/10/2032,27.360.872-8,IIRGD,GO,308.479.651-39,47734944594,E,Arthur da Cruz,Stella Peixoto,Sr. Caua Camargo
Fernanda Correia,A,16/09/1999,Correia da Mata,AL,01/09/2017,30/08/2027,71.438.497-1,SSP,ES,987.032.145-32,57691103838,A,Benjamim Nogueira,Bruna Teixeira,Fernanda Correia
Hellena Moura,A,12/07/1992,Campos,MS,05/01/2024,02/01/2034,65.176.629-2,IPF,TO,406.592.738-29,66692963695,A,Theo Almeida,Heloisa Castro,Hellena Moura
Danilo Pacheco,B,20/08/1949,Souza,TO,26/04/2021,24/04/2031,88.579.239-0,IIRGD,ES,163.754.098-10,11991268799,B,Luigi Azevedo,Ester Rodrigues,Danilo Pacheco
Dr. Pietro da Paz,E,21/06/2006,Vasconcelos de Ferreira,RN,10/10/2022,07/10/2032,57.115.858-5,DETRAN,BA,935.806.147-20,08658103853,E,Dr. Kevin Borges,Sra. Livia Mendes,Dr. Pietro da Paz
Sr. Vitor Mendes,A,02/12/1949,Caldeira,DF,05/02/2016,02/02/2026,45.192.695-4,IIRGD,RO,917.036.245-99,88797394345,A,Brayan Moreira,Alana Costa,Sr. Vitor Mendes
Maite da Conceicao,A,13/12/1981,Pastor de Goias,MA,20/11/2016,18/11/2026,61.287.376-7,IIRGD,GO,409.315.267-52,68917529894,A,Sr. Luigi da Mota,Sarah Vieira,Maite da Conceicao
Thomas Pinto,C,24/06/1956,Dias,DF,30/11/2019,27/11/2029,10.831.126-8,SSP,MS,857.391.246-46,48486490121,C,Sr. Ravi Cavalcante,Maria Alice Ramos,Thomas Pinto
Caroline Freitas,E,30/10/1988,Barros de Vargas,AM,31/10/2023,28/10/2033,22.565.657-3,IPF,PR,685.217.340-26,38318762438,E,Lorenzo Aragao,Bruna Camargo,Caroline Freitas
Hellena Cunha,E,28/10/1996,Pastor,RN,26/05/2019,23/05/2029,59.977.343-4,IFP,RJ,415.078.923-14,51958192715,E,Enrico Almeida,Pietra Rezende,Hellena Cunha
Lavinia Moura,D,19/07/2001,Ribeiro,RO,18/09/2021,16/09/2031,60.358.710-4,IPF,SC,462.859.317-55,93173686226,D,Caue Alves,Ana Sophia Caldeira,Lavinia Moura
Joao Miguel Carvalho,D,19/12/1968,da Rosa,RS,06/07/2022,03/07/2032,70.703.902-0,PC,RJ,871.429.056-11,11349692163,D,Dr. Felipe Sampaio,Ana Clara Santos,Joao Miguel Carvalho
Anthony Gabriel Alves,D,23/02/1971,da Cunha,PB,23/07/2023,20/07/2033,62.561.797-6,IFP,ES,485.193.706-75,36235522376,D,Leo Cardoso,Alice Ribeiro,Anthony Gabriel Alves
Mathias Silva,B,02/06/1979,Farias de da Paz,PA,16/11/2020,14/11/2030,58.805.821-9,PC,MS,491.267.305-61,54833110138,B,Diego Carvalho,Giovanna da Rocha,Mathias Silva
Julia Sales,B,27/05/1963,Lima,SC,04/11/2024,02/11/2034,76.474.882-9,IFP,DF,908.514.623-24,40519293261,B,Luigi Rezende,Heloisa Ramos,Julia Sales
Kevin Nunes,D,25/05/1951,Machado de Leao,RO,29/10/2024,27/10/2034,79.688.127-3,IFP,AL,681.792.035-30,60016023861,D,Bruno Freitas,Barbara Borges,Kevin Nunes
Leticia Gomes,D,08/02/1989,Moraes Alegre,DF,17/10/2024,15/10/2034,52.622.382-2,IFP,RS,751.430.869-57,24495622376,D,Rafael Souza,Hadassa Mendonca,Leticia Gomes
Luara Lima,D,01/11/1949,Moura,ES,29/11/2022,26/11/2032,27.694.385-3,IPF,PA,456.102.387-90,51816677712,D,Fernando Ramos,Dra. Isabela Cassiano,Luara Lima
Vitoria Cassiano,C,09/06/1983,Lima,RN,25/08/2020,23/08/2030,11.326.379-6,IPF,SP,207.169.438-40,94679956956,C,Vinicius Lopes,Sra. Maria Luisa Brito,Vitoria Cassiano
Luigi Pereira,B,30/08/1961,Marques,TO,08/09/2016,06/09/2026,60.649.247-0,IPF,PI,802.769.154-02,70473616739,B,Lorenzo Duarte,Isabela Guerra,Luigi Pereira
Samuel Porto,E,29/06/1981,Albuquerque,RN,09/09/2019,06/09/2029,89.737.154-7,SSP,RN,138.754.092-05,90657252166,E,Alexandre Abreu,Marina Lopes,Samuel Porto
Sara Campos,C,30/10/1961,Pinto de Goias,SC,03/12/2023,30/11/2033,70.425.397-2,PC,ES,543.910.867-00,88868024005,C,Theo Aparecida,Daniela Pacheco,Sara Campos
Bruno Fernandes,E,20/08/1998,Moraes dos Dourados,AL,09/10/2022,06/10/2032,71.657.696-4,SSP,TO,258.973.046-29,84723650459,E,Enrico Souza,Maysa Machado,Bruno Fernandes
Carlos Eduardo Albuquerque,C,01/05/1947,da Luz de Fonseca,PB,05/01/2016,02/01/2026,33.821.924-6,PC,BA,186.793.254-73,20784478431,C,Joao Felipe Marques,Nina da Rocha,Carlos Eduardo Albuquerque
Otavio Leao,B,17/04/1972,Peixoto do Sul,CE,29/11/2024,27/11/2034,21.253.608-2,IFP,AL,318.527.946-82,54978736060,B,Sr. Francisco Monteiro,Maria Cecilia Fogaca,Otavio Leao
Liam Teixeira,D,15/02/1993,Pimenta,AM,30/03/2021,28/03/2031,36.367.644-9,IFP,MS,970.814.523-88,35679535942,D,Benicio Pires,Maria Eduarda Garcia,Liam Teixeira
Anthony Gabriel Novais,E,27/02/1991,Abreu dos Dourados,CE,14/01/2022,12/01/2032,72.423.148-6,PC,DF,261.450.397-52,45277319308,E,Jose Aparecida,Ana Sophia Marques,Anthony Gabriel Novais
Antonella Ribeiro,B,05/12/1977,Dias,AC,07/12/2016,05/12/2026,75.360.196-0,PC,RR,438.067.219-04,27270505604,B,Luiz Felipe Novais,Ana Luiza das Neves,Antonella Ribeiro
Vitor Alves,E,26/07/1987,Jesus do Sul,PB,17/05/2020,15/05/2030,79.779.697-6,IIRGD,AM,610.283.749-50,95877876254,E,Henry Gabriel Melo,Maria Cecilia Pastor,Vitor Alves
Danilo Vargas,E,07/06/1988,Carvalho,GO,03/04/2021,01/04/2031,27.985.277-1,IIRGD,AM,618.924.750-49,42658721178,E,Lucas Gabriel Aragao,Maysa Lopes,Danilo Vargas
Srta. Camila da Rosa,D,26/12/1948,Mendes,RS,24/01/2017,22/01/2027,85.928.520-1,IPF,PA,019.856.342-60,55718030182,D,Pedro Lucas Oliveira,Srta. Marcela Moura,Srta. Camila da Rosa
Maria Liz Azevedo,C,17/08/1957,Vieira de Silveira,RN,01/03/2019,26/02/2029,75.822.485-9,IIRGD,BA,391.720.568-86,15691444110,C,Antony Lopes,Julia Monteiro,Maria Liz Azevedo
Emanuella Garcia,B,20/01/1973,Araujo de Cassiano,PE,10/03/2022,07/03/2032,22.899.833-7,IPF,MA,819.206.735-12,36090322245,B,Apollo Rocha,Brenda Caldeira,Emanuella Garcia
Sr. Arthur Gabriel Vasconcelos,D,21/09/1978,da Costa de Machado,MT,31/10/2020,29/10/2030,45.823.968-7,IIRGD,PA,943.870.156-75,99426869451,D,Nicolas Moura,Fernanda Goncalves,Sr. Arthur Gabriel Vasconcelos
Sra. Aylla Araujo,B,09/01/1995,Pastor,RN,25/06/2021,23/06/2031,89.662.587-5,SSP,PI,948.107.356-48,49386055455,B,Lucas Pereira,Ester Campos,Sra. Aylla Araujo
Gabrielly Azevedo,A,25/09/1988,Silva do Oeste,MT,01/08/2022,29/07/2032,17.621.945-2,IFP,PR,572.604.813-07,60155063837,A,Heitor Melo,Isabel Mendes,Gabrielly Azevedo
Kevin Silva,A,28/02/1947,Carvalho,RO,28/04/2018,25/04/2028,45.640.913-2,PC,AL,598.172.064-67,89036863681,A,Davi Lucca Pastor,Giovanna Nascimento,Kevin Silva
Matteo Nogueira,A,14/10/2006,Marques Grande,PB,20/12/2023,17/12/2033,61.415.319-2,IFP,PR,673.480.512-35,21007951074,A,Leo Barros,Ana Julia Viana,Matteo Nogueira
Ana Laura Alves,A,18/10/1960,Novais Paulista,PI,20/01/2019,17/01/2029,60.812.990-0,PC,MS,562.309.471-61,71497058028,A,Dr. Pedro Miguel Cirino,Srta. Stella das Neves,Ana Laura Alves
Theodoro Duarte,E,13/09/1983,Albuquerque,AL,10/05/2024,08/05/2034,34.492.288-2,SSP,RS,068.192.543-42,14322615372,E,Arthur Camara,Laura Mendonca,Theodoro Duarte
Mirella da Paz,E,25/07/1952,Carvalho,RJ,03/02/2023,31/01/2033,68.924.899-1,IIRGD,PB,690.781.345-93,39245193886,E,Rafael da Luz,Sra. Giovanna da Rocha,Mirella da Paz
Pedro Lucas Jesus,B,12/06/1968,Garcia do Norte,RJ,08/05/2021,06/05/2031,25.801.402-2,PC,RN,703.241.698-50,17179862311,B,Apollo Sousa,Stephany Jesus,Pedro Lucas Jesus
Luana Oliveira,B,25/08/1964,Silveira da Mata,GO,18/07/2024,16/07/2034,28.920.514-7,SSP,DF,712.534.890-41,50982676865,B,Pietro Carvalho,Nicole Castro,Luana Oliveira
Ana Vasconcelos,E,19/05/1974,Machado,AC,04/01/2020,01/01/2030,20.870.606-4,DETRAN,SE,760.519.342-43,64647020501,E,Davi Miguel da Mata,Rafaela Santos,Ana Vasconcelos
Liam Aragao,C,04/10/1996,Santos,RJ,14/06/2019,11/06/2029,70.821.743-2,IPF,SE,867.529.140-01,97639976437,C,Joao Guilherme Brito,Cecilia Duarte,Liam Aragao
Noah Novais,A,03/12/1982,Martins,PA,13/11/2020,11/11/2030,18.266.674-2,PC,AL,387.541.962-64,77479242210,A,Enrico Montenegro,Anna Liz da Luz,Noah Novais
Henrique Melo,C,21/05/1945,Aparecida da Serra,SE,19/08/2020,17/08/2030,91.945.670-4,IPF,GO,489.560.723-29,21556290112,C,Erick Rios,Stephany Camara,Henrique Melo
Arthur Gabriel Moraes,E,24/01/1963,Duarte,PB,30/05/2019,27/05/2029,77.742.215-6,SSP,RO,874.639.052-92,19400486202,E,Antonio da Cunha,Aylla Pimenta,Arthur Gabriel Moraes
Mathias Albuquerque,A,19/05/1982,Dias de Minas,PB,13/05/2021,11/05/2031,21.499.468-3,IPF,MG,057.243.816-80,91021040077,A,Arthur Gabriel Montenegro,Srta. Ana Cecilia Vieira,Mathias Albuquerque
Ester Lima,E,08/07/1974,Viana,PI,30/07/2023,27/07/2033,32.525.946-3,IPF,AC,479.812.053-79,00506636837,E,Benicio Lima,Maria Flor Montenegro,Ester Lima
Bento da Luz,D,18/04/1969,da Mota,DF,09/09/2019,06/09/2029,11.876.546-6,IPF,PE,306.871.492-31,92283314153,D,Ian Pereira,Sra. Maria Cecilia Cassiano,Bento da Luz
Luiz Fernando Barbosa,D,20/12/1972,Ferreira de Goias,SE,23/08/2016,21/08/2026,92.814.471-5,SSP,RN,780.934.265-74,47059993046,D,Fernando da Luz,Isadora Silva,Luiz Fernando Barbosa
Srta. Stella Almeida,E,06/09/1968,Peixoto,AP,23/05/2019,20/05/2029,91.627.824-4,IIRGD,MG,791.584.623-09,61714587655,E,Lucca Moreira,Ana Liz Vasconcelos,Srta. Stella Almeida
Sr. Luiz Otavio Cardoso,A,15/04/1955,Ribeiro do Oeste,RN,30/09/2021,28/09/2031,29.885.169-4,IFP,BA,159.026.438-05,00340873224,A,Arthur Gabriel Brito,Ana Camargo,Sr. Luiz Otavio Cardoso
Zoe Rocha,A,30/05/1958,Melo Verde,PB,05/06/2021,03/06/2031,62.109.171-0,DETRAN,PA,152.067.498-85,43757118837,A,Anthony Sa,Alice Duarte,Zoe Rocha
Ana Livia Casa Grande,D,09/05/1968,Nogueira do Sul,AM,01/10/2023,28/09/2033,43.871.152-1,IIRGD,CE,245.861.793-09,11288154498,D,Lucas Melo,Sra. Clarice Fernandes,Ana Livia Casa Grande
Raul Rezende,B,24/07/1965,Cardoso de Goias,MS,18/07/2016,16/07/2026,10.517.811-9,IIRGD,GO,405.871.296-11,57453213846,B,Josue Rios,Heloisa da Mata,Raul Rezende
Luiz Fernando Cassiano,B,20/12/1996,Lima de Minas,SP,23/06/2016,21/06/2026,19.616.605-0,IIRGD,PI,270.854.193-50,31464474028,B,Calebe Correia,Mariane Machado,Luiz Fernando Cassiano
Davi Lucca Nunes,D,12/10/1961,Casa Grande de Aragao,AC,04/08/2022,01/08/2032,51.630.710-8,SSP,AC,509.168.473-57,37058277314,D,Dr. Luiz Henrique Nunes,Isadora Pires,Davi Lucca Nunes
Henry Gabriel Silveira,B,11/06/1991,Monteiro,PR,31/01/2016,28/01/2026,49.674.204-2,IIRGD,RS,157.803.942-88,19572715417,B,Gustavo Pastor,Ana Livia Cirino,Henry Gabriel Silveira
Marcela Sousa,E,25/12/1973,Montenegro,TO,20/07/2022,17/07/2032,44.295.963-7,SSP,DF,581.246.079-58,58345006357,E,Jose Pedro Fonseca,Ana Beatriz Vieira,Marcela Sousa
Leo Oliveira,C,08/07/2000,Aparecida,SC,14/10/2023,11/10/2033,90.387.888-4,IIRGD,AC,731.086.259-77,01622315119,C,Sr. Daniel Ribeiro,Evelyn Abreu,Leo Oliveira
Marcela Alves,A,10/10/1960,Lima,DF,13/05/2019,10/05/2029,66.712.671-3,PC,BA,673.948.250-00,22039780059,A,Juan Borges,Natalia Guerra,Marcela Alves
Lavinia Montenegro,B,06/10/1962,Casa Grande,MG,07/04/2018,04/04/2028,64.991.917-8,DETRAN,MS,764.051.328-62,96629142082,B,Francisco Ribeiro,Daniela Jesus,Lavinia Montenegro
Zoe Vasconcelos,C,29/04/1990,Cunha,RJ,23/10/2021,21/10/2031,46.186.270-9,IIRGD,PR,803.569.217-86,22554463715,C,Theo da Luz,Heloisa Duarte,Zoe Vasconcelos
Rael Pires,B,18/03/2000,Cardoso,PR,19/03/2022,16/03/2032,20.735.189-1,IFP,PR,617.904.238-13,97017207439,B,Carlos Eduardo Caldeira,Srta. Agatha Oliveira,Rael Pires
Thiago Costela,A,05/03/2007,Sa,RO,09/09/2023,06/09/2033,64.986.896-9,DETRAN,PA,264.857.013-62,92812686909,A,Sr. Caua Cavalcante,Heloisa Costa,Thiago Costela
Maya Costela,C,03/11/1960,da Conceicao do Amparo,PR,04/02/2017,02/02/2027,47.740.693-8,IPF,RN,567.312.409-07,80341657495,C,Heitor Gomes,Ana Vitoria Cavalcante,Maya Costela
Maite Moraes,A,08/07/1975,Moura,MG,24/04/2016,22/04/2026,54.382.515-6,IIRGD,GO,739.508.246-00,19953760328,A,Sr. Kaique Moura,Srta. Maria Fernanda Souza,Maite Moraes
Isabela Almeida,E,08/09/1954,Andrade de Minas,AL,16/11/2020,14/11/2030,29.682.702-1,DETRAN,AP,396.705.248-65,04008734551,E,Vinicius Rezende,Maria Isis Marques,Isabela Almeida
Erick Ribeiro,A,16/06/1978,Nunes,RN,26/11/2017,24/11/2027,94.865.161-4,SSP,PE,692.854.107-58,28803834286,A,Joao Felipe Sousa,Alicia Macedo,Erick Ribeiro
Otto Ribeiro,E,10/10/1956,Andrade do Amparo,PI,20/05/2018,17/05/2028,76.467.301-1,IFP,MS,849.361.270-78,55503840369,E,Yan da Rosa,Luisa Vargas,Otto Ribeiro
Manuela Cassiano,E,14/08/1996,Cassiano do Norte,MA,14/03/2024,12/03/2034,13.416.271-8,IFP,MS,672.514.983-91,48908642564,E,Benjamin da Conceicao,Manuella Vieira,Manuela Cassiano
Maysa Ferreira,A,27/10/1984,Fogaca,BA,12/03/2024,10/03/2034,96.505.866-8,IFP,SP,682.390.145-42,03062043163,A,Joao Felipe da Conceicao,Sara Leao,Maysa Ferreira
Caue Moreira,A,28/02/1963,Rezende,SE,10/08/2018,07/08/2028,55.266.996-9,DETRAN,DF,612.539.748-37,64887834769,A,Dante Pires,Clara Pires,Caue Moreira
Mateus Vasconcelos,E,07/09/1986,Rocha do Sul,AP,07/02/2017,05/02/2027,81.290.436-1,IFP,MT,987.453.621-73,23787360740,E,Miguel Mendonca,Julia Moreira,Mateus Vasconcelos
Nicolas Costela,C,20/01/1993,Porto da Prata,GO,17/03/2020,15/03/2030,23.635.695-3,IFP,MA,710.342.958-88,07946049637,C,Sr. Theo Aparecida,Brenda das Neves,Nicolas Costela
Kevin Nogueira,A,10/03/1990,Freitas da Mata,TO,07/11/2022,04/11/2032,16.745.576-2,IFP,MS,427.608.315-07,81647596700,A,Joao Miguel Vasconcelos,Dra. Sophie Santos,Kevin Nogueira
Raul Viana,C,18/07/1952,Costa,PB,08/04/2018,05/04/2028,78.611.493-8,IFP,PA,746.089.153-39,19728321502,C,Lorenzo Jesus,Maria Julia Pereira,Raul Viana
Oliver Castro,C,15/11/1961,Barbosa,AP,17/05/2019,14/05/2029,54.351.841-1,DETRAN,AP,745.832.019-23,52460562054,C,Davi Luiz Peixoto,Marcela Duarte,Oliver Castro
Agatha Nogueira,B,20/09/2004,da Paz das Flores,PA,15/03/2023,12/03/2033,37.473.350-1,IPF,MG,357.041.298-97,53189506449,B,Sr. Mathias Castro,Maria Luisa Campos,Agatha Nogueira
Dra. Hellena Sousa,A,28/09/1953,Rocha das Flores,PE,22/09/2024,20/09/2034,93.732.728-4,SSP,CE,283.170.549-50,44304438735,A,Bruno Andrade,Eduarda Novais,Dra. Hellena Sousa
Isaque Ribeiro,B,22/11/1975,Cardoso da Prata,SE,06/01/2017,04/01/2027,54.851.505-5,SSP,AM,915.826.304-70,20113786420,B,Dom Sales,Allana Fogaca,Isaque Ribeiro
Maria Sophia da Cruz,C,02/05/1965,Fogaca do Sul,SC,11/05/2017,09/05/2027,99.867.613-3,PC,SP,751.840.936-48,35315009826,C,Joao Guilherme Pinto,Gabriela Borges,Maria Sophia da Cruz
Davi Porto,E,01/04/2007,Lopes,ES,13/03/2024,11/03/2034,15.451.592-2,DETRAN,MA,731.092.645-52,84884171194,E,Juan Viana,Giovanna Cavalcante,Davi Porto
Matheus Leao,B,19/05/1968,Moreira do Galho,PE,18/09/2017,16/09/2027,71.899.583-6,PC,PA,128.605.374-90,21903625292,B,Enzo Gabriel Sa,Nicole Sa,Matheus Leao
Kaique das Neves,A,02/12/1983,Correia de Pastor,PB,10/02/2018,08/02/2028,14.929.920-6,SSP,CE,927.648.310-13,00415382105,A,Enzo Sa,Eloa da Conceicao,Kaique das Neves
Srta. Bianca da Rocha,D,03/09/1976,Marques Grande,SE,06/12/2022,03/12/2032,19.208.133-4,IFP,CE,972.540.681-85,84132381515,D,Caleb Oliveira,Maria Alice Moura,Srta. Bianca da Rocha
Luan Vasconcelos,A,08/07/1995,Sampaio do Amparo,RN,24/12/2020,22/12/2030,17.753.240-3,IFP,PA,597.631.284-55,56466298192,A,Gustavo Henrique Fogaca,Luana Cirino,Luan Vasconcelos
Srta. Sarah Pereira,C,04/03/1992,Moraes,CE,13/09/2017,11/09/2027,37.803.474-0,IPF,PR,283.614.709-13,72017481667,C,Dr. Luiz Fernando Lopes,Lorena Rocha,Srta. Sarah Pereira
Danilo Campos,D,07/08/1985,Jesus,RO,11/11/2021,09/11/2031,70.166.523-6,IIRGD,MA,837.619.425-91,99148788991,D,Dante Castro,Srta. Antonella Azevedo,Danilo Campos
Ana Cecilia Siqueira,B,11/09/1970,Novais,GO,19/07/2018,16/07/2028,53.101.370-9,PC,MS,742.901.386-40,68742810435,B,Andre Leao,Srta. Ana Cecilia Casa Grande,Ana Cecilia Siqueira
Heloisa Vasconcelos,E,12/03/2005,Campos do Sul,PR,09/11/2016,07/11/2026,90.734.769-2,IIRGD,MT,026.943.157-80,14918206526,E,Samuel Jesus,Dra. Sara Pinto,Heloisa Vasconcelos
Bianca Vasconcelos,B,11/04/1987,Siqueira,GO,26/10/2021,24/10/2031,47.634.152-4,IIRGD,BA,816.049.753-93,64699102770,B,Asafe da Costa,Luana Moura,Bianca Vasconcelos
Isabela Novaes,D,20/06/1977,Castro,AL,21/01/2016,18/01/2026,43.549.906-3,DETRAN,TO,586.012.793-68,38751913112,D,Sr. Arthur Miguel Costela,Lunna Brito,Isabela Novaes
Lavinia Pinto,C,08/10/1950,da Rocha Grande,CE,06/10/2019,03/10/2029,12.429.452-5,IPF,RJ,964.580.231-89,03248890318,C,Leandro Souza,Sofia Melo,Lavinia Pinto
Helena Costa,E,04/03/1990,Sales do Sul,ES,20/07/2019,17/07/2029,45.232.370-3,IPF,ES,874.539.160-20,06260612363,E,Vicente Castro,Bianca da Mata,Helena Costa
Srta. Maysa Barros,C,12/12/1945,Barbosa,TO,31/10/2019,28/10/2029,59.944.907-5,DETRAN,AC,076.593.182-68,64057406499,C,Dom Barbosa,Manuella Marques,Srta. Maysa Barros
Manuella Borges,C,19/05/1960,Moreira,SC,12/05/2017,10/05/2027,51.843.458-5,SSP,AL,257.301.846-62,76006813852,C,Enrico Sa,Maria Fernanda Fonseca,Manuella Borges
Dr. Caue Carvalho,C,28/04/1991,Abreu,GO,26/04/2023,23/04/2033,26.264.981-0,PC,AP,392.764.805-10,19198370748,C,Danilo Vieira,Sra. Camila Souza,Dr. Caue Carvalho
Emanuelly Correia,A,28/06/1962,Silva,RN,12/06/2017,10/06/2027,73.115.728-8,PC,DF,076.429.385-00,56088120707,A,Joao Vitor Moreira,Sra. Isis Cavalcanti,Emanuelly Correia
Gustavo Costela,E,03/02/1996,Aragao do Oeste,MG,29/06/2023,26/06/2033,36.387.194-3,PC,MS,849.031.275-32,23911213230,E,Oliver Cavalcante,Nicole Peixoto,Gustavo Costela
Oliver Mendonca,E,26/07/1949,Fernandes de Sa,RS,12/02/2021,10/02/2031,73.374.276-0,DETRAN,SE,903.847.651-57,84160923353,E,Rafael Dias,Sra. Vitoria Monteiro,Oliver Mendonca
Rodrigo Vasconcelos,E,13/04/1960,da Cunha de Azevedo,RS,05/02/2021,03/02/2031,80.394.166-1,DETRAN,AC,265.387.901-86,43524530397,E,Nicolas Cassiano,Srta. Isis Ribeiro,Rodrigo Vasconcelos
Luiza Araujo,B,03/05/1995,Cavalcante Alegre,SE,01/08/2021,30/07/2031,72.304.309-7,IIRGD,SP,570.683.492-00,58489935429,B,Dr. Caleb da Mata,Maria da Cruz,Luiza Araujo
Francisco das Neves,B,16/03/1950,Monteiro,PB,09/12/2022,06/12/2032,95.803.939-5,DETRAN,AM,059.812.374-14,67486294603,B,Theodoro Novaes,Sra. Gabriela Vieira,Francisco das Neves
Vinicius Camara,E,03/03/1974,Goncalves da Praia,TO,06/11/2016,04/11/2026,98.715.700-2,IPF,RJ,986.371.054-75,02283379890,E,Yago Silveira,Dra. Milena Fernandes,Vinicius Camara
Rafael Camara,D,22/08/1951,da Cunha,SE,06/09/2021,04/09/2031,65.939.871-9,SSP,AC,012.349.578-41,07278766190,D,Andre Sampaio,Ana Luiza Pires,Rafael Camara
Dra. Eloah Camargo,E,05/03/2007,Dias,CE,05/08/2024,03/08/2034,33.512.299-2,DETRAN,SP,543.709.628-38,23545559570,E,Pedro Miguel Novaes,Ana Sophia Freitas,Dra. Eloah Camargo
Luiz Miguel Goncalves,E,07/12/1998,Silva,PB,24/12/2021,22/12/2031,96.754.102-3,IPF,SP,038.469.251-60,94554885948,E,Juan Pimenta,Dra. Manuela Fonseca,Luiz Miguel Goncalves
Erick Machado,B,26/03/1991,Cassiano do Galho,RN,07/05/2018,04/05/2028,64.189.580-0,DETRAN,CE,531.867.490-93,41992981008,B,Ravi Lucca da Cunha,Aurora Jesus,Erick Machado
Francisco Moraes,D,07/08/1975,Martins,BA,27/09/2018,24/09/2028,92.394.703-5,IIRGD,SC,817.634.592-09,64350932827,D,Caio Azevedo,Marcela Andrade,Francisco Moraes
Ester Nascimento,E,29/01/1987,Barros de Minas,SE,15/03/2023,12/03/2033,53.820.658-1,IPF,PA,894.721.630-50,45111872580,E,Eduardo Pereira,Srta. Maria Liz Santos,Ester Nascimento
Sr. Arthur Pimenta,A,28/11/1974,Pinto de da Costa,GO,19/11/2018,16/11/2028,63.601.591-8,DETRAN,AM,639.517.280-86,73579160835,A,Rodrigo Barros,Srta. Maria Luiza Moura,Sr. Arthur Pimenta
Lavinia da Cunha,B,06/10/1987,da Luz de Peixoto,AP,24/05/2019,21/05/2029,40.564.683-6,IPF,RO,370.962.845-83,36771953660,B,Guilherme Macedo,Mariah Borges,Lavinia da Cunha
Ravi Lucca da Paz,B,04/09/1981,da Rosa do Sul,TO,30/08/2023,27/08/2033,79.938.263-1,PC,PI,309.658.147-93,31531309076,B,Gustavo Henrique Silveira,Stephany Marques,Ravi Lucca da Paz
Thomas Machado,C,21/01/1977,Jesus,AM,20/07/2022,17/07/2032,55.110.189-7,IIRGD,BA,903.217.586-68,17653747031,C,Vitor Hugo Viana,Luna Silva,Thomas Machado
Ana Liz Cassiano,C,08/12/1990,Pacheco Grande,PE,10/03/2024,08/03/2034,69.376.829-3,DETRAN,RJ,146.082.795-30,54131390566,C,Kevin Guerra,Ana Luiza Sa,Ana Liz Cassiano
Levi Moraes,A,25/01/1973,Sa da Mata,RR,04/04/2024,02/04/2034,86.968.267-0,IIRGD,AM,078.296.451-67,78635863126,A,Bryan Abreu,Ana Guerra,Levi Moraes
Marcela Rios,C,22/04/1977,Guerra das Flores,SC,10/03/2019,07/03/2029,58.639.717-1,IIRGD,PE,861.409.572-49,88286061462,C,Dr. Lucas Dias,Cecilia da Cunha,Marcela Rios
Marina Montenegro,B,08/02/2002,Freitas,RS,27/04/2024,25/04/2034,14.950.646-6,PC,RJ,672.841.093-78,08510102409,B,Gael Ribeiro,Valentina Montenegro,Marina Montenegro
Arthur Miguel Abreu,E,19/04/1995,Borges,PA,08/04/2019,05/04/2029,25.961.919-1,IIRGD,SP,184.702.369-03,84806478215,E,Rafael Abreu,Maria Alice Teixeira,Arthur Miguel Abreu
Heloisa Nascimento,E,25/11/1949,Porto,AC,12/09/2019,09/09/2029,87.605.427-9,SSP,PI,846.190.325-06,05856729472,E,Davi Luiz Sa,Leticia Caldeira,Heloisa Nascimento
Heloisa Alves,A,16/05/1977,Ribeiro,DF,25/02/2023,22/02/2033,51.485.234-5,IPF,MG,246.831.957-55,64546994000,A,Oliver Martins,Hadassa Oliveira,Heloisa Alves
Sra. Luana Castro,E,06/10/1977,Mendes,RN,14/03/2016,12/03/2026,67.231.691-9,IFP,ES,753.290.864-00,08806449936,E,Noah Pacheco,Maria Julia da Luz,Sra. Luana Castro
Melina Cavalcanti,B,28/05/1991,Fogaca do Campo,AP,19/10/2017,17/10/2027,51.814.952-7,IFP,RN,124.569.803-60,20441687128,B,Renan Nunes,Isis Machado,Melina Cavalcanti
Dra. Ester Leao,B,16/06/1992,Nogueira,SE,28/07/2023,25/07/2033,22.667.178-9,IIRGD,SP,732.564.980-00,36840277188,B,Nathan das Neves,Sara Rios,Dra. Ester Leao
Lais Cavalcanti,D,15/12/1961,Araujo,PE,25/09/2019,22/09/2029,35.771.290-7,IIRGD,MA,197.436.852-19,30231996742,D,Kaique Rodrigues,Sabrina Moraes,Lais Cavalcanti
Lais Cirino,C,01/12/1958,Camara Alegre,MS,11/08/2017,09/08/2027,48.503.699-1,SSP,AC,215.946.780-49,72836810032,C,Davi Lucas Silva,Dra. Ana Liz Nascimento,Lais Cirino
Renan Gomes,B,21/01/1990,Fonseca do Campo,BA,02/06/2017,31/05/2027,98.886.216-5,IIRGD,PE,890.526.147-76,06950419324,B,Asafe Novaes,Mariana Cassiano,Renan Gomes
Mathias Pimenta,C,07/07/1951,da Rocha,ES,31/03/2022,28/03/2032,14.565.961-8,IIRGD,MT,618.920.453-89,06363746668,C,Guilherme Rezende,Antonella da Conceicao,Mathias Pimenta
Vinicius Porto,C,16/05/1952,Pereira,PI,13/03/2019,10/03/2029,25.181.773-9,PC,PA,754.086.931-39,67723489806,C,Paulo Melo,Mirella Rezende,Vinicius Porto
Srta. Luana Mendes,D,26/01/1951,Rodrigues dos Dourados,GO,05/02/2018,03/02/2028,39.481.687-3,PC,MA,167.493.582-09,66575248421,D,Yago Lopes,Jade Lima,Srta. Luana Mendes
Oliver Campos,C,26/08/1947,Pacheco da Prata,RR,26/08/2021,24/08/2031,32.675.920-7,IFP,PA,730.956.824-92,39779990770,C,Marcelo Pires,Luara Montenegro,Oliver Campos
Ayla Rodrigues,C,29/04/1993,Costa de Siqueira,AC,18/04/2018,15/04/2028,35.206.359-1,DETRAN,ES,409.516.327-52,73827406769,C,Sr. Emanuel Aragao,Sra. Olivia Ferreira,Ayla Rodrigues
Gael Montenegro,E,22/12/1949,Siqueira,AC,27/05/2024,25/05/2034,81.562.826-3,PC,RS,709.216.345-52,12523041915,E,Dr. Oliver Aparecida,Ana Beatriz Porto,Gael Montenegro
Caue Montenegro,C,22/02/1987,Lopes do Sul,RO,19/03/2017,17/03/2027,74.889.193-1,DETRAN,AC,975.182.304-88,49840788501,C,Dante Brito,Srta. Zoe Moura,Caue Montenegro
Ryan Martins,E,30/04/1986,Dias do Oeste,PA,16/10/2016,14/10/2026,41.849.547-7,IIRGD,MA,510.934.627-52,23331785155,E,Apollo Rezende,Maria Laura Monteiro,Ryan Martins
Caue da Cruz,A,06/12/2001,Aragao,MG,24/09/2021,22/09/2031,17.976.339-6,SSP,MG,071.346.285-07,39109813101,A,Davi da Mota,Agatha Lopes,Caue da Cruz
Alicia Pereira,B,17/05/1995,Siqueira dos Dourados,PA,14/01/2017,12/01/2027,79.504.825-4,IIRGD,SC,097.512.834-50,14526445187,B,Dr. Murilo da Conceicao,Leticia Barbosa,Alicia Pereira
Marcelo da Cunha,C,26/06/1979,Silva de Brito,PR,25/08/2020,23/08/2030,34.591.720-5,IPF,DF,375.408.692-83,28056972848,C,Sr. Andre Vieira,Jade Aragao,Marcelo da Cunha
Dr. Miguel Cassiano,D,08/03/1953,Sousa,CE,12/06/2020,10/06/2030,52.448.492-3,IFP,PE,820.645.917-02,51980774351,D,Rhavi Aparecida,Juliana Montenegro,Dr. Miguel Cassiano
Dr. Heitor Freitas,E,30/07/1970,Montenegro,RO,15/01/2024,12/01/2034,64.525.486-3,IIRGD,RJ,167.594.208-02,42414938630,E,Luiz Gustavo Moreira,Rafaela da Cunha,Dr. Heitor Freitas
Sr. Lucca Mendes,C,08/10/1946,Freitas da Prata,GO,28/06/2023,25/06/2033,94.198.595-2,SSP,AC,476.910.532-07,16000187993,C,Benicio da Paz,Dra. Eduarda Aragao,Sr. Lucca Mendes
Bernardo Sa,E,23/04/1959,Silveira,AM,26/10/2018,23/10/2028,22.334.504-8,DETRAN,SC,067.481.593-93,71885477922,E,Sr. Murilo Montenegro,Maria Sophia da Mata,Bernardo Sa
Sra. Luiza Novais,A,10/02/2004,Correia,PE,02/11/2024,31/10/2034,29.705.475-9,PC,SC,095.476.132-43,21652306121,A,Otavio Peixoto,Heloisa Machado,Sra. Luiza Novais
Heloisa Pereira,E,03/05/1949,Barbosa do Amparo,RR,01/06/2021,30/05/2031,74.664.176-1,IFP,AP,375.286.140-17,93180198323,E,Joao Pedro Barros,Marcela Rodrigues,Heloisa Pereira
Maria Laura Campos,A,17/05/2007,Castro da Prata,PR,10/01/2018,08/01/2028,39.906.614-1,SSP,GO,704.253.961-34,41267843861,A,Valentim Jesus,Bruna Gomes,Maria Laura Campos
Rafael Carvalho,E,17/10/1981,Campos,AC,04/07/2017,02/07/2027,45.618.829-5,IPF,PI,104.765.892-58,65347967390,E,Davi Miguel Nascimento,Sarah Farias,Rafael Carvalho
Dr. Andre Nascimento,A,14/09/1947,Ramos de Camargo,GO,04/09/2017,02/09/2027,40.872.108-0,SSP,PE,629.135.408-05,75545009010,A,Theo Macedo,Srta. Agatha Freitas,Dr. Andre Nascimento
Sr. Alexandre Brito,E,30/11/1959,Casa Grande de Vasconcelos,AL,13/01/2018,11/01/2028,91.956.487-4,IPF,TO,379.128.650-12,83002313361,E,Enzo Gabriel da Rosa,Maria Laura Pastor,Sr. Alexandre Brito
Maria Fernanda Caldeira,C,20/08/1964,Pacheco,MG,05/04/2020,03/04/2030,13.779.820-2,DETRAN,GO,281.394.705-97,89324271268,C,Luiz Otavio Barbosa,Maria Luisa Goncalves,Maria Fernanda Caldeira
Manuella Albuquerque,B,02/02/2007,Jesus da Mata,PR,19/08/2022,16/08/2032,19.166.819-7,IFP,GO,538.291.076-68,28938460193,B,Benjamim Fonseca,Alicia Nascimento,Manuella Albuquerque
Pedro Henrique Pereira,C,03/10/1952,Vieira,PI,19/02/2019,16/02/2029,87.758.549-6,IPF,MT,281.654.709-49,43564709241,C,Dr. Andre Pastor,Maya Monteiro,Pedro Henrique Pereira
Bryan Souza,D,05/02/1953,Marques do Oeste,MS,29/11/2020,27/11/2030,33.750.971-2,IPF,MT,526.749.180-20,50842513140,D,Vinicius Mendonca,Maria Fernanda Siqueira,Bryan Souza
Ana Liz Montenegro,A,13/04/1948,Caldeira da Prata,ES,10/02/2020,07/02/2030,56.270.810-0,PC,PB,236.954.870-38,87224717099,A,Pietro Monteiro,Manuela Nascimento,Ana Liz Montenegro
Henry da Conceicao,A,30/06/1961,Carvalho de Rios,PA,31/12/2023,28/12/2033,54.957.575-9,SSP,RN,861.025.934-05,70811847735,A,Theo Fonseca,Srta. Cecilia da Conceicao,Henry da Conceicao
Sra. Manuela Novais,B,11/12/1944,Rocha de Albuquerque,TO,14/12/2017,12/12/2027,45.995.672-9,PC,RO,873.145.096-20,89813846605,B,Benjamin Vargas,Isabelly Sales,Sra. Manuela Novais
Ana Carolina Gomes,D,09/08/1946,Silveira,PR,02/06/2017,31/05/2027,39.659.193-3,SSP,RJ,901.254.836-51,64697857706,D,Raul Farias,Dra. Rebeca Macedo,Ana Carolina Gomes
Maria Julia Pires,A,18/04/1998,Garcia,PE,27/03/2024,25/03/2034,99.127.509-1,IIRGD,PI,793.052.146-06,26863577398,A,Dr. Heitor Machado,Stephany Fernandes,Maria Julia Pires
Allana Lopes,A,24/08/1946,Almeida de Pastor,PB,08/06/2024,06/06/2034,89.855.234-1,IIRGD,AC,158.426.073-44,71370591205,A,Davi Luiz Oliveira,Eloa Novaes,Allana Lopes
Dr. Danilo Sousa,D,06/06/1956,da Rosa,MG,14/09/2017,12/09/2027,43.533.221-7,IIRGD,RS,149.320.856-05,03282150943,D,Thales Nunes,Maria Vitoria Pimenta,Dr. Danilo Sousa
Enrico Nascimento,B,09/04/1968,Mendes do Galho,GO,28/02/2020,25/02/2030,21.582.705-5,IFP,RO,746.918.035-48,14525480464,B,Mateus da Paz,Srta. Evelyn Garcia,Enrico Nascimento
Vitoria Rodrigues,E,25/05/1995,Cunha de da Rosa,PE,11/08/2016,09/08/2026,29.797.268-8,DETRAN,RN,583.426.190-60,54375240179,E,Marcelo Pinto,Maria Cecilia Sales,Vitoria Rodrigues
Ravy Souza,D,04/11/1997,Pereira das Pedras,RJ,01/11/2021,30/10/2031,44.297.486-5,IFP,SC,138.579.602-21,58821439223,D,Dr. Joao Guilherme Aparecida,Maria Julia da Paz,Ravy Souza
Ana Liz Aparecida,B,22/11/1972,Carvalho,AM,17/11/2020,15/11/2030,52.328.894-6,IPF,BA,154.396.720-52,92263451259,B,Yago Pinto,Alana Rocha,Ana Liz Aparecida
Felipe Leao,D,05/10/1960,Pastor,BA,03/09/2022,31/08/2032,67.673.472-3,IPF,MA,124.907.835-05,41150023771,D,Theo Borges,Lara Fogaca,Felipe Leao
Srta. Maria Luiza Barbosa,A,27/09/1989,Silva Grande,RS,22/08/2016,20/08/2026,43.744.739-0,IPF,PA,916.530.782-86,26616539396,A,Dr. Andre Siqueira,Sophia Carvalho,Srta. Maria Luiza Barbosa
Sra. Clara da Costa,C,01/12/1946,Costela do Norte,PE,04/03/2017,02/03/2027,58.354.626-1,SSP,MG,164.237.095-99,87421744071,C,Raul Fogaca,Srta. Manuella Lima,Sra. Clara da Costa
Srta. Daniela Peixoto,C,03/09/1971,Barbosa,PA,24/02/2018,22/02/2028,27.699.419-8,DETRAN,PE,956.382.740-65,37702071376,C,Rael Montenegro,Ana Fernandes,Srta. Daniela Peixoto
Lara Lopes,A,20/02/1965,Mendonca,AC,15/04/2024,13/04/2034,75.797.545-4,DETRAN,PB,167.950.823-77,01712923923,A,Anthony Nascimento,Isabella Lopes,Lara Lopes
Melissa Cavalcanti,D,31/08/1997,Albuquerque do Oeste,MS,14/12/2023,11/12/2033,19.555.453-0,SSP,RJ,572.691.408-20,49239420245,D,Fernando Pinto,Beatriz Aparecida,Melissa Cavalcanti
Asafe Sa,C,27/09/1973,da Cunha,MA,03/06/2019,31/05/2029,74.823.366-1,DETRAN,PR,689.243.510-60,44028014343,C,Andre das Neves,Ana da Cruz,Asafe Sa
Mariana Rios,A,12/08/1988,Alves,PB,22/02/2020,19/02/2030,32.934.444-3,PC,SC,075.298.346-65,43609279045,A,Joao Guilherme Caldeira,Gabriela Cassiano,Mariana Rios
Josue das Neves,B,17/09/1986,Cunha,MA,24/12/2023,21/12/2033,19.328.529-3,IFP,SC,283.971.560-03,05343950259,B,Lucca Sales,Bianca Novais,Josue das Neves
Luisa Ribeiro,A,29/07/1963,Silva,PI,17/05/2017,15/05/2027,82.908.463-6,IIRGD,AM,683.910.725-68,86387066441,A,Thales Carvalho,Anna Liz Cardoso,Luisa Ribeiro
Maria Eduarda Sa,B,15/06/2000,Lima,TO,27/07/2020,25/07/2030,66.973.909-4,DETRAN,CE,753.201.684-62,90437310427,B,Liam Silva,Maria Clara Teixeira,Maria Eduarda Sa
Heloisa Sales,D,08/06/2005,da Costa,AC,29/05/2020,27/05/2030,45.673.595-3,PC,ES,483.705.129-41,02945518747,D,Joao Guilherme Gomes,Fernanda Jesus,Heloisa Sales
Ana Livia Gomes,E,29/05/1953,Andrade,PA,16/12/2023,13/12/2033,66.467.878-0,SSP,MT,483.170.529-23,42730792838,E,Guilherme Viana,Livia Costa,Ana Livia Gomes
Sr. Danilo Aparecida,E,28/03/2006,Castro,RO,08/10/2017,06/10/2027,74.810.595-8,IIRGD,AL,742.596.180-67,43305407769,E,Yago Castro,Maria Laura Cavalcante,Sr. Danilo Aparecida
Rael Nascimento,B,10/01/2006,Rios de Caldeira,RR,09/09/2016,07/09/2026,67.914.103-8,IPF,CE,806.914.257-01,80243991857,B,Luiz Henrique Leao,Maria Clara Abreu,Rael Nascimento
Nicole Mendonca,D,17/02/1958,da Luz do Oeste,RO,22/05/2020,20/05/2030,84.902.252-5,PC,CE,013.296.587-95,80327924849,D,Ravy Souza,Dra. Catarina Machado,Nicole Mendonca
Gustavo Henrique Cassiano,E,15/01/1976,Guerra da Prata,BA,29/09/2024,27/09/2034,34.533.691-3,IPF,SP,051.264.978-20,25949091639,E,Joao Miguel Fonseca,Sra. Nicole Cassiano,Gustavo Henrique Cassiano
Isaac Carvalho,D,05/12/2006,Guerra,GO,02/12/2022,29/11/2032,23.751.306-1,PC,PI,378.029.546-65,19287131309,D,Vitor Hugo Monteiro,Dra. Eloah Rezende,Isaac Carvalho
Ana Laura da Rosa,C,03/08/1956,Casa Grande,MA,09/02/2024,06/02/2034,12.548.799-3,DETRAN,PI,216.375.489-82,00422022696,C,Dr. Gabriel Ribeiro,Barbara Macedo,Ana Laura da Rosa
Lara Cirino,A,24/12/2003,Pinto dos Dourados,PR,12/07/2021,10/07/2031,75.837.670-6,IIRGD,AP,079.851.342-04,03125395733,A,Benjamin Abreu,Srta. Maria Vitoria Mendes,Lara Cirino
Francisco Dias,A,25/09/1975,Gomes do Norte,PI,15/03/2022,12/03/2032,63.980.131-2,IIRGD,RJ,162.453.897-55,02897943467,A,Jose Pedro Marques,Cecilia Aparecida,Francisco Dias
Vinicius Vargas,E,27/10/1956,Nunes,AP,02/05/2016,30/04/2026,77.112.492-8,SSP,AP,013.647.829-87,47464441372,E,Eduardo Alves,Nina Rocha,Vinicius Vargas
Livia Vargas,B,30/08/2001,Costela,GO,20/10/2021,18/10/2031,28.561.618-8,IIRGD,ES,428.713.609-87,57095761099,B,Alexandre Albuquerque,Agatha Cassiano,Livia Vargas
Igor Rezende,A,26/06/1972,Aragao,PI,26/02/2017,24/02/2027,89.731.221-4,SSP,MG,034.987.265-10,88024440795,A,Otavio Novais,Marcela da Rosa,Igor Rezende
Bernardo Viana,A,11/02/2003,Marques,RR,12/06/2023,09/06/2033,48.588.962-5,IFP,AP,624.908.731-13,69229112717,A,Marcelo Rezende,Lara Novaes,Bernardo Viana
Aurora da Mota,B,16/06/1983,Nascimento das Pedras,PA,04/12/2020,02/12/2030,79.984.741-9,DETRAN,PE,682.351.074-90,13817692187,B,Nicolas Nogueira,Ester Moura,Aurora da Mota
Henrique Ribeiro,A,28/09/1982,Moreira,MT,10/05/2020,08/05/2030,22.249.809-4,IIRGD,BA,906.124.837-03,96590689647,A,Vitor Gabriel Barros,Alice Mendes,Henrique Ribeiro
Maria Sophia Aragao,B,11/11/2004,Albuquerque,PI,19/05/2023,16/05/2033,79.862.251-0,IFP,RN,645.123.098-70,05062865473,B,Anthony Fonseca,Joana Fogaca,Maria Sophia Aragao
Heloisa Goncalves,B,08/04/1953,Farias do Sul,RN,18/02/2023,15/02/2033,67.649.733-8,SSP,AM,638.710.254-53,09041435003,B,Samuel Santos,Anna Liz da Cruz,Heloisa Goncalves
Agatha Fernandes,D,04/09/1985,Borges,DF,20/06/2021,18/06/2031,57.262.193-4,DETRAN,BA,312.806.745-71,73941603311,D,Nicolas da Mota,Dra. Laura Jesus,Agatha Fernandes
Yuri Pacheco,D,07/09/1986,Freitas,BA,11/06/2017,09/06/2027,77.125.198-4,IIRGD,BA,098.362.547-65,20693081727,D,Heitor Nogueira,Lunna Silveira,Yuri Pacheco
Marina Rezende,C,12/06/1996,Rocha,SC,25/11/2022,22/11/2032,32.302.866-5,IFP,PB,162.487.035-07,65045268191,C,Dr. Isaac Moraes,Srta. Olivia Teixeira,Marina Rezende
Isaac Montenegro,D,10/03/1997,Goncalves,PI,29/04/2019,26/04/2029,60.389.533-7,IPF,RS,731.094.285-04,23866436764,D,Benjamin Cavalcante,Sra. Manuella Camara,Isaac Montenegro
Maria Clara Brito,C,09/02/1993,Machado,RJ,12/04/2023,09/04/2033,36.374.874-4,IIRGD,PR,371.596.284-46,62459538108,C,Leonardo Pereira,Mirella Rodrigues,Maria Clara Brito
Asafe Siqueira,E,06/06/1987,Casa Grande,RO,26/06/2020,24/06/2030,86.951.109-5,IIRGD,PB,724.986.130-13,13630147710,E,Vinicius Rios,Ana Julia Guerra,Asafe Siqueira
Theo Barros,E,23/07/1961,Fernandes do Galho,MG,21/03/2019,18/03/2029,19.182.647-5,SSP,RJ,712.659.340-61,37913828292,E,Kaique Viana,Srta. Maria Flor Porto,Theo Barros
Diogo Pimenta,D,24/07/1983,Araujo do Galho,MG,14/04/2017,12/04/2027,73.419.640-2,IIRGD,PI,329.805.471-23,25625982186,D,Dr. Rafael Sampaio,Maysa Cassiano,Diogo Pimenta
Livia Monteiro,E,28/01/1956,Viana,DF,20/09/2022,17/09/2032,23.697.852-6,IFP,MG,108.365.279-68,19177029379,E,Francisco Camara,Sara Monteiro,Livia Monteiro
Dra. Maysa Lima,C,02/12/1968,Monteiro,SP,25/05/2020,23/05/2030,22.150.328-5,IIRGD,RN,534.762.910-06,68354030560,C,Sr. Diego Peixoto,Hadassa Garcia,Dra. Maysa Lima
Stella Silva,B,12/09/1995,Sampaio,PE,14/08/2020,12/08/2030,18.649.192-8,SSP,PA,241.538.697-91,38731449524,B,Pedro Carvalho,Milena Almeida,Stella Silva
Jade Castro,B,15/07/1965,da Mota da Mata,CE,31/05/2017,29/05/2027,74.970.226-1,IFP,PB,287.591.360-30,93017472077,B,Thales Albuquerque,Isabela Rodrigues,Jade Castro
Joaquim Pimenta,E,05/05/1969,Teixeira de Rocha,AP,01/02/2024,29/01/2034,25.993.308-4,IFP,AM,958.741.623-64,42374965457,E,Dr. Oliver Nascimento,Maria Julia da Rosa,Joaquim Pimenta
Srta. Juliana Jesus,E,24/10/1949,Marques da Praia,CE,08/03/2024,06/03/2034,49.692.625-3,IFP,SP,895.472.610-02,43350251157,E,Enrico Costela,Emanuella Viana,Srta. Juliana Jesus
Pietra da Rocha,D,24/08/2001,Novaes,BA,29/04/2018,26/04/2028,63.161.526-9,PC,AM,748.561.203-44,39240384825,D,Asafe Brito,Emanuelly Novais,Pietra da Rocha
Sr. Igor Goncalves,C,21/03/1959,Moraes,AC,01/05/2016,29/04/2026,21.754.241-1,IPF,SP,957.410.632-25,79734951529,C,Theo Teixeira,Evelyn Correia,Sr. Igor Goncalves
Matteo Cavalcante,E,24/10/1993,da Cunha Verde,MS,29/12/2020,27/12/2030,67.866.116-5,IFP,SC,579.431.680-20,75103794302,E,Caleb Nogueira,Sra. Aylla Farias,Matteo Cavalcante
Valentina Lopes,B,08/06/1950,Fogaca,RJ,11/07/2017,09/07/2027,89.921.853-1,PC,DF,814.035.962-98,01348586994,B,Sr. Guilherme Santos,Manuella Pinto,Valentina Lopes
Davi Ferreira,E,21/05/1975,Campos das Pedras,MG,14/01/2022,12/01/2032,28.438.758-8,IPF,BA,956.418.703-66,83577755033,E,Caua Guerra,Alana Cirino,Davi Ferreira
Liz Rezende,D,17/05/1999,Araujo,MG,10/07/2024,08/07/2034,82.260.125-5,IFP,PA,537.428.960-83,80248153931,D,Paulo Souza,Mariane Caldeira,Liz Rezende
Ester Viana,E,29/07/1997,Fogaca de Ramos,AM,27/12/2020,25/12/2030,23.104.215-7,SSP,PB,894.231.607-78,87479200390,E,Pedro Miguel Cirino,Julia Brito,Ester Viana
Igor Rios,D,03/02/1945,da Mata,AL,08/05/2016,06/05/2026,29.512.206-8,IFP,CE,295.603.781-12,66071643813,D,Dr. Rodrigo Ferreira,Isis Pinto,Igor Rios
Sr. Thales Jesus,A,05/11/1989,Fogaca do Amparo,GO,11/05/2016,09/05/2026,73.929.618-8,IFP,SE,792.613.054-07,11395874769,A,Thiago Barros,Lunna Nunes,Sr. Thales Jesus
Ayla Andrade,E,17/11/1953,Nogueira,MS,31/03/2016,29/03/2026,20.568.736-8,IIRGD,MG,193.206.875-95,83539903752,E,Samuel Silva,Eloa Pires,Ayla Andrade
Fernanda Nascimento,E,20/06/1972,Lima de Sales,RN,19/10/2019,16/10/2029,39.535.239-1,IFP,SE,178.356.902-68,70845275201,E,Diego Fernandes,Sra. Ana Almeida,Fernanda Nascimento
Allana Caldeira,E,05/01/1984,Fonseca do Galho,PB,04/05/2020,02/05/2030,95.957.483-3,IPF,AM,325.041.768-80,06608226300,E,Renan Aparecida,Lara Andrade,Allana Caldeira
Emanuella Pires,A,15/12/1968,da Cruz,BA,13/02/2018,11/02/2028,67.927.631-1,IFP,GO,570.481.692-49,35022536979,A,Isaque Araujo,Carolina Cavalcante,Emanuella Pires
Isabelly Costa,A,04/07/1967,Sa,MS,23/02/2022,21/02/2032,26.335.461-9,IIRGD,RO,570.412.936-61,55413979667,A,Joao da Rosa,Eloah das Neves,Isabelly Costa
Rafaela Gomes,E,10/03/1962,Barbosa do Amparo,GO,02/12/2016,30/11/2026,28.545.421-6,SSP,SP,079.562.843-92,90010457981,E,Dr. Leo Garcia,Anna Liz Monteiro,Rafaela Gomes
Noah Pires,C,20/01/1993,Almeida das Pedras,MT,26/12/2023,23/12/2033,23.410.487-0,SSP,RS,782.530.149-88,69491370458,C,Dr. Luiz Felipe Sales,Dra. Maria Vitoria Mendonca,Noah Pires
Juan Rezende,B,06/06/1945,da Cunha,MG,19/08/2019,16/08/2029,29.679.714-3,IPF,MS,348.052.679-92,77328239148,B,Caua Barros,Maria Helena Sampaio,Juan Rezende
Leticia Leao,A,12/09/1995,da Cruz das Pedras,AP,11/12/2022,08/12/2032,31.390.359-5,IFP,RS,567.810.249-49,89617341579,A,Oliver Viana,Julia da Luz,Leticia Leao
Maria Alice Ramos,B,06/01/2006,Rocha das Pedras,ES,15/08/2016,13/08/2026,64.649.325-5,SSP,MT,469.780.132-69,91318691719,B,Rafael Nunes,Lara Ramos,Maria Alice Ramos
Lavinia Aparecida,D,23/01/1970,Brito,RJ,07/09/2021,05/09/2031,63.345.579-1,IPF,RO,081.534.792-88,36157545026,D,Thiago Azevedo,Alexia da Mota,Lavinia Aparecida
Dr. Renan Carvalho,E,10/02/1982,Silveira,MA,24/04/2021,22/04/2031,37.169.754-4,IFP,PE,483.019.657-20,14341125060,E,Sr. Benicio Abreu,Valentina Cassiano,Dr. Renan Carvalho
Marcelo Marques,E,14/06/1993,Aparecida Verde,RJ,26/10/2023,23/10/2033,32.460.659-2,SSP,MG,745.692.183-00,45011496802,E,Nicolas Andrade,Ana Sophia da Cruz,Marcelo Marques
Thiago Rodrigues,A,20/02/1958,Albuquerque Grande,RS,24/08/2023,21/08/2033,19.326.312-2,PC,PA,785.962.104-58,74407599058,A,Gustavo Henrique Rodrigues,Sra. Manuela Abreu,Thiago Rodrigues
Olivia Macedo,D,26/01/1966,Camara,AM,09/01/2016,06/01/2026,61.299.750-4,DETRAN,BA,045.296.371-07,71158172293,D,Jose da Luz,Maria Helena da Cruz,Olivia Macedo
Jose Miguel Rodrigues,D,30/01/1956,Moura do Norte,SC,17/03/2019,14/03/2029,49.653.499-0,IIRGD,RS,258.631.097-77,69257619916,D,Thales Alves,Clara Lima,Jose Miguel Rodrigues
Sr. Ravi Albuquerque,B,06/05/1997,Macedo,SC,14/03/2024,12/03/2034,80.967.374-8,IFP,MT,273.896.105-30,15012745753,B,Lucas Gabriel Aparecida,Alana Cassiano,Sr. Ravi Albuquerque
Milena Moraes,D,09/11/1956,Rios de Cardoso,CE,24/08/2022,21/08/2032,70.853.272-6,SSP,AP,825.947.630-47,91787533923,D,Gabriel da Cunha,Sra. Sabrina Novais,Milena Moraes
Carlos Eduardo Rios,C,01/12/1957,Martins de Campos,CE,31/10/2018,28/10/2028,60.839.668-1,IFP,GO,435.798.620-65,02424453129,C,Sr. Benicio Fernandes,Bianca Macedo,Carlos Eduardo Rios
Lorenzo Correia,E,28/03/1969,Nunes das Flores,AP,17/02/2020,14/02/2030,98.388.333-2,SSP,CE,094.625.187-85,44638949443,E,Sr. Andre Mendonca,Sophia Ribeiro,Lorenzo Correia
Maria Liz Sales,B,14/11/1958,Rodrigues do Campo,AP,19/12/2021,17/12/2031,85.778.290-4,PC,PE,428.135.067-53,88506580735,B,Thales Sa,Srta. Stephany Porto,Maria Liz Sales
Luigi Cavalcanti,C,16/06/1951,Santos,RN,17/08/2017,15/08/2027,55.647.250-9,IPF,RO,543.019.678-93,36764198589,C,Felipe Aragao,Sra. Maria Flor Marques,Luigi Cavalcanti
Danilo Moreira,B,10/07/1955,Vieira de Sales,BA,15/05/2019,12/05/2029,82.646.386-5,IFP,MA,572.096.341-34,58652158204,B,Anthony Gabriel Oliveira,Gabrielly Montenegro,Danilo Moreira
Nicole Borges,A,14/04/1972,Sousa do Norte,DF,31/10/2019,28/10/2029,31.820.729-5,PC,TO,273.064.918-22,65932685452,A,Gael Henrique Pimenta,Bella Rodrigues,Nicole Borges
Joao Felipe Guerra,A,09/08/1959,Cavalcanti,MG,28/06/2023,25/06/2033,70.444.233-6,DETRAN,DF,305.194.628-15,06923951452,A,Gustavo Henrique Camargo,Lunna Novaes,Joao Felipe Guerra
Henrique Oliveira,B,15/09/1972,Moura,RR,10/06/2023,07/06/2033,92.658.255-7,IFP,MS,271.605.948-94,52485369486,B,Caua Montenegro,Esther Gomes,Henrique Oliveira
Emanuel Mendonca,C,25/03/2003,Aparecida do Norte,AL,19/05/2021,17/05/2031,29.136.373-3,IPF,DF,580.926.314-33,38114456255,C,Vitor Mendonca,Carolina Silveira,Emanuel Mendonca
Enzo Gabriel Gomes,B,17/04/1975,da Rosa,CE,16/02/2019,13/02/2029,16.361.333-9,PC,PA,381.704.295-79,01764087380,B,Francisco Santos,Dra. Maria Eduarda da Conceicao,Enzo Gabriel Gomes
Renan Leao,D,03/08/1988,Moura das Flores,MS,12/01/2018,10/01/2028,54.235.308-8,IPF,SC,087.641.325-44,62212074699,D,Theo Cavalcanti,Srta. Maria Cecilia Pastor,Renan Leao
Nicole Casa Grande,D,14/08/1998,Teixeira das Flores,PI,14/06/2017,12/06/2027,74.797.592-7,IPF,PI,867.041.253-53,00591151917,D,Dr. Asafe Nunes,Cecilia Rezende,Nicole Casa Grande
Thales Machado,E,06/11/1946,Abreu,AP,07/11/2018,04/11/2028,66.105.106-5,IFP,MA,238.049.175-50,67684865941,E,Sr. Henry Gabriel Pinto,Dra. Agatha Almeida,Thales Machado
Joao Felipe Leao,D,23/06/1948,Pacheco,AL,24/06/2017,22/06/2027,62.265.892-5,IPF,SP,301.789.465-75,74233834521,D,Nicolas Pinto,Marcela Sa,Joao Felipe Leao
Kevin Araujo,C,10/02/1969,Fernandes da Serra,RO,07/09/2022,04/09/2032,12.706.599-1,IIRGD,PE,319.428.570-04,56849016388,C,Benicio Melo,Srta. Maria Julia Rios,Kevin Araujo
Leandro Pereira,A,30/10/1958,Sales,TO,07/12/2022,04/12/2032,32.861.436-7,IFP,RN,259.738.461-64,37333812511,A,Dr. Davi Lucas da Cruz,Eloa Sales,Leandro Pereira
Dr. Davi Lucca Cavalcanti,A,03/07/1967,Macedo das Pedras,CE,11/05/2020,09/05/2030,62.780.439-7,IPF,AC,390.247.165-43,07240877877,A,Sr. Pedro Silveira,Lais Gomes,Dr. Davi Lucca Cavalcanti
Sara Camara,B,18/10/1981,Santos das Flores,BA,08/11/2024,06/11/2034,99.611.432-6,PC,ES,560.892.143-70,43610340065,B,Davi Lucca Nogueira,Maria Helena Guerra,Sara Camara
Maria Vitoria da Mata,D,08/12/1984,Aparecida,BA,27/01/2020,24/01/2030,85.631.563-7,IIRGD,MA,154.709.326-99,85429177684,D,Antonio Pastor,Laura Caldeira,Maria Vitoria da Mata
Joao Lucas Pires,D,22/03/1966,Guerra de Pimenta,ES,29/02/2024,26/02/2034,65.147.130-8,IPF,PA,562.473.018-71,32866990504,D,Caua Barbosa,Stella Andrade,Joao Lucas Pires
Davi Lucca Souza,E,26/09/1954,Cavalcanti,AL,29/01/2017,27/01/2027,87.301.502-5,IPF,DF,504.376.829-00,94937237074,E,Raul Araujo,Lais Lopes,Davi Lucca Souza
Fernando Nogueira,A,03/01/2003,Nogueira do Oeste,PB,30/08/2016,28/08/2026,35.315.586-1,DETRAN,DF,384.015.296-89,83729293923,A,Gabriel Sales,Ana Laura Melo,Fernando Nogueira
Emanuel Oliveira,E,25/12/1990,Mendes,PA,09/03/2017,07/03/2027,19.312.596-6,PC,RR,371.540.869-39,20770330646,E,Isaac Fogaca,Kamilly Machado,Emanuel Oliveira
Livia Rios,A,25/09/1955,Viana da Prata,MT,08/02/2023,05/02/2033,55.464.495-7,IFP,MT,853.619.740-48,69841132345,A,Joao Alves,Zoe das Neves,Livia Rios
Ana Vitoria Sa,D,22/01/1962,Vasconcelos,PR,12/02/2024,09/02/2034,47.842.707-6,SSP,PR,391.876.542-37,01491464414,D,Samuel Cavalcante,Giovanna Pimenta,Ana Vitoria Sa
Pedro Castro,C,02/04/1993,Dias,MA,04/10/2017,02/10/2027,48.174.912-3,IIRGD,AP,461.297.385-28,75790506076,C,Fernando Machado,Maria Laura Nascimento,Pedro Castro
Maria Liz Montenegro,D,13/04/1998,Lopes dos Dourados,RN,22/04/2023,19/04/2033,67.371.188-2,PC,ES,182.769.354-19,23775569710,D,Davi Miguel Freitas,Raquel Fonseca,Maria Liz Montenegro
Marcelo Rios,D,16/06/2002,Goncalves da Prata,SC,20/06/2022,17/06/2032,12.409.498-2,IIRGD,ES,591.723.640-25,15668451573,D,Breno Araujo,Maria Luiza Sampaio,Marcelo Rios
Jose Pedro Barbosa,E,25/05/1949,Pimenta da Prata,MT,22/02/2019,19/02/2029,57.213.677-0,SSP,PR,267.951.830-68,49240349046,E,Mathias Moreira,Ana Clara Dias,Jose Pedro Barbosa
Srta. Helena Cardoso,C,03/05/2005,da Mota,ES,15/08/2018,12/08/2028,61.802.706-6,SSP,PA,783.129.540-23,91240253295,C,Enzo Melo,Dra. Eloah Andrade,Srta. Helena Cardoso
Vitor Rocha,B,19/02/1992,Borges da Prata,PB,16/03/2019,13/03/2029,49.383.440-8,IPF,RR,738.906.415-39,36974236089,B,Lucca Correia,Maite Moraes,Vitor Rocha
Isabella Sousa,C,07/02/1959,Pires da Praia,TO,26/09/2017,24/09/2027,53.974.977-4,PC,AP,271.064.385-53,88710918430,C,Lucas Gabriel Cirino,Dra. Julia Borges,Isabella Sousa
Juliana Camargo,B,11/11/1991,Cassiano,AL,16/11/2018,13/11/2028,36.603.329-3,DETRAN,RJ,651.820.943-70,12384819248,B,Joao Vitor Cirino,Julia Casa Grande,Juliana Camargo
Kaique da Rosa,D,06/05/1978,Novais,PR,15/02/2020,12/02/2030,71.273.488-1,IFP,MT,758.319.402-41,51558535202,D,Daniel Mendes,Joana Campos,Kaique da Rosa
Sra. Ana Clara Farias,E,19/07/1977,Farias,AC,08/02/2017,06/02/2027,46.835.686-0,DETRAN,SE,216.850.394-05,44188474296,E,Eduardo Teixeira,Sarah Melo,Sra. Ana Clara Farias
Lucas Gabriel Araujo,E,14/05/1994,Jesus das Flores,AP,30/10/2019,27/10/2029,39.327.546-6,SSP,RO,204.571.986-30,95623836742,E,Benicio Rezende,Luna Nunes,Lucas Gabriel Araujo
Srta. Maria Luiza Nogueira,A,04/08/2003,da Paz,SC,13/01/2020,10/01/2030,25.867.571-0,SSP,RN,904.153.268-42,98283883220,A,Dr. Davi Luiz Oliveira,Zoe Siqueira,Srta. Maria Luiza Nogueira
Theo da Paz,B,27/08/1966,Oliveira de Goias,RO,20/12/2016,18/12/2026,22.990.884-7,IFP,RO,316.509.782-86,32150277046,B,Pedro Aragao,Maria Laura Gomes,Theo da Paz
Sra. Gabrielly das Neves,D,15/05/2001,Araujo,SP,30/08/2017,28/08/2027,89.154.807-8,IFP,MS,820.516.479-76,27382420635,D,Raul Sousa,Agatha Freitas,Sra. Gabrielly das Neves
Theo Santos,E,29/09/1955,Farias,RJ,17/09/2019,14/09/2029,81.900.237-8,SSP,PI,861.035.729-59,13254711903,E,Davi Miguel Almeida,Eloa Souza,Theo Santos
Bento Lima,A,24/09/1964,Cardoso do Oeste,SE,08/12/2017,06/12/2027,24.613.710-6,IIRGD,PB,173.659.482-64,00942843369,A,Andre Ramos,Maria Fernanda Silva,Bento Lima
Srta. Manuella Cavalcanti,D,08/08/1981,Guerra da Prata,ES,13/01/2023,10/01/2033,79.924.159-8,DETRAN,TO,816.534.702-08,82251721657,D,Joao Vitor Aparecida,Sophia da Mota,Srta. Manuella Cavalcanti
Dr. Thales Pastor,D,30/03/1973,Marques,SE,18/04/2021,16/04/2031,19.868.879-3,PC,RJ,842.513.679-28,57185932706,D,Gustavo Henrique Duarte,Sofia Nascimento,Dr. Thales Pastor
Maria Isis Pires,C,09/11/1994,Rocha do Galho,PI,19/05/2018,16/05/2028,18.127.913-1,DETRAN,AC,760.328.941-69,29564345703,C,Dr. Bryan da Costa,Ana Beatriz Santos,Maria Isis Pires
Davi Miguel Sales,B,17/05/1977,Pastor das Pedras,PI,25/05/2022,22/05/2032,47.595.174-1,IPF,SC,053.249.186-60,39800688564,B,Thales Casa Grande,Brenda Fernandes,Davi Miguel Sales
Emilly Araujo,E,22/04/1992,Aragao das Flores,MA,25/05/2021,23/05/2031,58.774.407-7,IFP,BA,952.641.378-46,27108507307,E,Arthur Miguel Dias,Evelyn Costela,Emilly Araujo
Maria Isis Pinto,C,16/06/1980,Sousa,RR,15/11/2018,12/11/2028,97.982.106-7,DETRAN,MA,107.462.539-07,00210545974,C,Anthony Gabriel Pastor,Luiza Camargo,Maria Isis Pinto
Rafael Brito,A,28/05/1997,Oliveira,AM,25/02/2023,22/02/2033,23.820.274-7,DETRAN,CE,840.935.126-98,47077230600,A,Dr. Samuel da Cruz,Sra. Allana Ribeiro,Rafael Brito
Ian Camargo,E,09/02/1976,Pastor,SE,13/05/2020,11/05/2030,13.647.321-3,IPF,RN,490.873.512-32,18468443604,E,Dante da Cunha,Isabel Mendonca,Ian Camargo
Andre Pastor,E,15/02/1990,Freitas,AM,10/07/2024,08/07/2034,17.453.190-5,IIRGD,AL,218.794.603-78,14239318800,E,Carlos Eduardo Aparecida,Maria Luisa Pastor,Andre Pastor
Esther Pastor,B,11/04/1990,Lopes Paulista,PE,16/07/2019,13/07/2029,44.115.720-6,PC,PI,053.692.841-05,64810001440,B,Henry Farias,Emilly das Neves,Esther Pastor
Julia Alves,E,30/11/1977,Camargo,AL,16/08/2020,14/08/2030,29.564.364-8,DETRAN,MT,351.097.426-34,87816172430,E,Miguel Pereira,Carolina Guerra,Julia Alves
Stephany Teixeira,C,01/10/1981,Mendonca,SE,20/07/2017,18/07/2027,18.551.327-8,PC,MS,652.930.714-16,57390321263,C,Renan Teixeira,Dra. Heloisa Sales,Stephany Teixeira
Daniela Correia,D,28/05/1979,Machado,PR,23/01/2023,20/01/2033,12.684.760-6,PC,PE,265.743.809-10,12598278879,D,Yago Martins,Aylla Rocha,Daniela Correia
Maria Sa,D,13/06/1953,Nascimento,DF,03/07/2019,30/06/2029,73.879.374-1,IPF,MT,370.596.421-61,04040849342,D,Diego Souza,Maite Freitas,Maria Sa
Evelyn Pastor,A,13/12/1972,Pimenta do Amparo,AP,23/05/2023,20/05/2033,85.632.621-7,PC,DF,861.590.743-93,14225855323,A,Benicio Garcia,Srta. Ana Sophia Novais,Evelyn Pastor
Anna Liz das Neves,D,30/05/1971,da Conceicao de Barbosa,AC,25/12/2021,23/12/2031,79.253.585-8,IIRGD,MG,860.924.571-30,98321201799,D,Davi Miguel Borges,Srta. Marcela Sampaio,Anna Liz das Neves
Evelyn Vieira,E,28/02/1963,Ramos,BA,16/03/2024,14/03/2034,64.899.205-1,DETRAN,SC,921.480.357-97,17784944372,E,Pedro Garcia,Dra. Camila Araujo,Evelyn Vieira
Antony Barbosa,C,10/01/1959,Fernandes,AM,01/10/2021,29/09/2031,94.176.143-4,IIRGD,RN,976.358.402-74,19269996821,C,Francisco da Cunha,Jade Melo,Antony Barbosa
Miguel da Conceicao,D,22/01/1976,Campos da Prata,AL,27/11/2017,25/11/2027,47.478.348-8,DETRAN,PI,725.069.834-65,13403294749,D,Thales Vieira,Dra. Camila Duarte,Miguel da Conceicao
Barbara Leao,D,18/09/1986,Silveira,SP,16/07/2016,14/07/2026,15.922.325-9,IIRGD,RS,418.372.950-50,32508255525,D,Dr. Renan Ribeiro,Zoe Rodrigues,Barbara Leao
Maria Sophia Viana,C,11/02/1991,da Conceicao da Serra,SE,24/08/2018,21/08/2028,34.688.887-5,PC,GO,817.456.239-73,36488941002,C,Pedro Lucas Cavalcanti,Melissa da Rocha,Maria Sophia Viana
Laura Nascimento,D,22/10/1996,Guerra de da Paz,AC,21/06/2019,18/06/2029,59.672.527-8,DETRAN,PA,058.319.642-05,88381912793,D,Enrico Marques,Dra. Ana Clara Barros,Laura Nascimento
Murilo Siqueira,C,30/04/1998,Marques de Araujo,PE,28/01/2023,25/01/2033,13.736.589-5,DETRAN,DF,210.347.896-78,39651355733,C,Gael Henrique da Paz,Allana Mendes,Murilo Siqueira
Benicio Fonseca,E,27/12/1973,da Rosa do Sul,SC,31/08/2023,28/08/2033,37.444.671-1,PC,PB,589.401.372-05,35333738695,E,Sr. Matteo Porto,Anna Liz Alves,Benicio Fonseca
Maria Sampaio,C,17/10/1993,Nogueira,AM,06/06/2021,04/06/2031,48.131.351-3,IIRGD,TO,485.206.179-30,27441276155,C,Heitor Ribeiro,Joana Lima,Maria Sampaio
Valentina da Rosa,B,27/05/1969,Marques,PI,07/11/2019,04/11/2029,38.475.630-8,DETRAN,ES,431.879.065-75,64370564478,B,Sr. Henry Jesus,Ana Livia Rodrigues,Valentina da Rosa
Srta. Agatha Melo,B,10/08/1951,Costela,RS,18/09/2022,15/09/2032,72.731.788-7,DETRAN,RS,567.234.108-07,58928092158,B,Brayan Castro,Dra. Marcela Cirino,Srta. Agatha Melo
Amanda Costa,C,24/09/1956,da Rocha,PI,08/09/2023,05/09/2033,51.490.399-2,PC,PA,567.142.098-94,59704972054,C,Rael Farias,Heloisa Cunha,Amanda Costa
Lara Rios,D,27/01/1952,Pastor,MT,11/06/2019,08/06/2029,19.654.783-4,PC,RR,961.827.034-31,98119037509,D,Alexandre Duarte,Marina Fonseca,Lara Rios
Dra. Raquel Gomes,A,18/02/1962,Brito,PE,24/10/2016,22/10/2026,45.283.905-4,IFP,RS,391.680.542-89,47323863434,A,Daniel Cardoso,Ayla Mendes,Dra. Raquel Gomes
Livia Ramos,C,29/04/1999,Cardoso da Serra,AM,10/11/2022,07/11/2032,80.637.550-7,SSP,SP,926.813.540-05,65132968590,C,Dr. Leonardo Nascimento,Sophie Pacheco,Livia Ramos
Kevin Dias,D,02/12/1948,Costela,AP,15/01/2022,13/01/2032,74.776.367-5,DETRAN,BA,167.903.425-16,49194837121,D,Lorenzo Cardoso,Eloah Moraes,Kevin Dias
Henrique Andrade,C,02/04/1966,da Luz,AL,17/08/2022,14/08/2032,15.370.413-6,IPF,ES,791.685.203-95,90733146376,C,Joao Felipe Mendes,Amanda Barros,Henrique Andrade
Sophie da Conceicao,A,14/12/1971,Nogueira do Campo,AM,11/08/2021,09/08/2031,20.112.622-4,IIRGD,TO,421.709.683-69,82788645861,A,Andre da Cruz,Clara Guerra,Sophie da Conceicao
Ana Liz Novaes,C,27/04/1983,da Paz de Minas,PA,19/11/2023,16/11/2033,22.992.922-9,IFP,MA,476.918.305-48,05929026719,C,Sr. Antony Pastor,Sra. Ana Beatriz Alves,Ana Liz Novaes
Manuela Leao,A,11/05/1961,Rios Verde,PA,12/09/2017,10/09/2027,62.191.575-7,DETRAN,TO,794.165.823-28,51221503164,A,Bryan Cavalcanti,Dra. Bella Pastor,Manuela Leao
Daniel Rocha,A,15/02/1997,Silveira,SC,25/09/2024,23/09/2034,37.767.939-1,SSP,SE,819.743.026-87,25409881590,A,Dr. Matteo Costa,Mariah da Luz,Daniel Rocha
Dra. Luana Lima,E,20/04/1961,Goncalves do Galho,AL,07/03/2022,04/03/2032,11.838.868-2,IIRGD,DF,705.346.928-00,92842529669,E,Benicio Ramos,Ester Souza,Dra. Luana Lima
Guilherme Leao,B,28/03/1954,Campos,RO,25/12/2023,22/12/2033,13.826.202-9,SSP,DF,587.640.932-47,84100294636,B,Rafael Cunha,Heloisa Castro,Guilherme Leao
Leandro Castro,C,25/08/1947,Silveira,MT,17/06/2021,15/06/2031,61.195.708-7,DETRAN,AM,194.365.782-37,51189508457,C,Pietro Machado,Carolina Rezende,Leandro Castro
Agatha Goncalves,D,23/03/1977,Vasconcelos,MG,29/11/2020,27/11/2030,17.681.865-4,DETRAN,MA,521.897.640-76,63243450730,D,Pedro Miguel Alves,Rebeca Vargas,Agatha Goncalves
Vitor Macedo,D,06/05/1954,Peixoto,DF,08/02/2016,05/02/2026,33.539.565-7,PC,PI,568.490.713-00,95818238912,D,Enrico Macedo,Emanuelly Costela,Vitor Macedo
Ana Clara Fernandes,A,10/05/1997,Campos de das Neves,AP,20/06/2020,18/06/2030,95.922.994-8,PC,RN,836.924.071-22,00981415634,A,Sr. Levi Barros,Antonella Costa,Ana Clara Fernandes
Sr. Paulo Azevedo,D,19/08/1969,Aparecida,MA,14/05/2024,12/05/2034,67.931.491-9,SSP,ES,217.503.698-77,79555604709,D,Pedro Miguel Guerra,Joana Nogueira,Sr. Paulo Azevedo
Yago Duarte,B,24/08/1976,Aragao do Campo,SP,14/10/2024,12/10/2034,25.827.324-4,SSP,DF,401.579.682-94,29249326313,B,Heitor Oliveira,Aurora da Mata,Yago Duarte
Melissa Lima,D,19/12/1967,Castro,BA,27/06/2024,25/06/2034,63.848.753-2,IPF,AC,761.324.089-40,88191790082,D,Thales Pinto,Dra. Eloa Abreu,Melissa Lima
Maria Laura Almeida,E,15/08/1946,Melo do Oeste,SC,27/11/2020,25/11/2030,98.416.143-5,DETRAN,AC,765.092.184-02,50095366441,E,Gustavo Costa,Raquel Aragao,Maria Laura Almeida
Maria Fernanda Camara,D,15/02/1957,Mendonca,RN,10/03/2021,08/03/2031,69.236.621-8,IIRGD,GO,983.725.106-95,26804498179,D,Isaac Ribeiro,Mariah Brito,Maria Fernanda Camara
Dr. Raul Santos,A,26/03/1947,Caldeira,SP,17/09/2019,14/09/2029,12.672.405-1,IFP,CE,813.564.027-71,09623273180,A,Sr. Leo Teixeira,Pietra da Costa,Dr. Raul Santos
Sra. Luisa Goncalves,A,02/07/1948,Leao,MT,10/09/2019,07/09/2029,22.648.684-7,IFP,SE,724.180.659-01,49898756727,A,Bruno Ribeiro,Nina Peixoto,Sra. Luisa Goncalves
Gael Henrique da Mata,A,10/09/1990,Santos,CE,10/02/2023,07/02/2033,47.770.232-7,DETRAN,AP,014.235.678-62,81438062549,A,Theo da Mata,Ana Julia Freitas,Gael Henrique da Mata
Yan Moura,D,22/09/1984,Novais,RJ,28/01/2022,26/01/2032,68.909.178-1,IPF,ES,284.609.713-50,79752883750,D,Calebe Gomes,Ester Macedo,Yan Moura
Joana Mendonca,A,27/03/2002,das Neves de Martins,ES,18/05/2022,15/05/2032,91.223.371-0,IFP,BA,879.631.045-66,46411909490,A,Anthony Gabriel Montenegro,Stephany Goncalves,Joana Mendonca
Nicole Vieira,E,18/06/1972,Lima,PR,10/09/2023,07/09/2033,91.486.228-5,IFP,RR,792.638.405-47,73904245758,E,Apollo Alves,Esther Ribeiro,Nicole Vieira
Bernardo Freitas,A,10/08/1982,Alves,RR,14/01/2021,12/01/2031,42.377.927-1,DETRAN,PB,018.294.735-14,30456012334,A,Paulo Farias,Cecilia da Cruz,Bernardo Freitas
Dr. Samuel Abreu,E,19/01/1983,Costela,PB,23/12/2019,20/12/2029,50.746.386-9,IFP,PB,648.751.903-01,11008009643,E,Luiz Otavio Leao,Evelyn Aragao,Dr. Samuel Abreu
Caroline da Paz,E,23/04/1952,Jesus,CE,06/12/2020,04/12/2030,19.614.473-6,DETRAN,ES,136.208.974-50,33745463435,E,Arthur Castro,Maria Julia Macedo,Caroline da Paz
Davi Luiz Rodrigues,B,29/08/1990,Cirino,RN,18/12/2019,15/12/2029,41.163.531-6,IPF,SE,132.697.045-34,72885154466,B,Samuel Sousa,Srta. Sophie da Paz,Davi Luiz Rodrigues
Ana Laura Araujo,C,16/01/1952,Peixoto da Prata,MG,16/06/2022,13/06/2032,41.890.153-5,DETRAN,GO,017.643.825-44,16428869234,C,Enzo Goncalves,Clarice da Rosa,Ana Laura Araujo
Sr. Marcos Vinicius Camara,E,04/08/1967,Costa,PI,16/04/2023,13/04/2033,75.501.576-8,IFP,AC,851.064.729-11,87094158366,E,Breno da Rosa,Jade Silveira,Sr. Marcos Vinicius Camara
Vinicius Ramos,B,20/02/1981,Macedo do Amparo,AL,22/06/2024,20/06/2034,55.861.130-7,PC,MS,437.196.825-28,56700483995,B,Ravy Pinto,Larissa Moura,Vinicius Ramos
Maria Isis Abreu,C,09/07/1951,Rodrigues,AM,14/11/2016,12/11/2026,59.242.109-7,DETRAN,RJ,846.235.709-83,13864122990,C,Levi Marques,Larissa Ribeiro,Maria Isis Abreu
Maria Vitoria Vieira,E,06/09/1971,Farias,PB,24/06/2016,22/06/2026,20.753.417-3,IIRGD,RN,583.709.264-10,06132533235,E,Sr. Bento Macedo,Livia Melo,Maria Vitoria Vieira
Catarina Rios,A,04/01/1951,Sousa de Novaes,GO,14/03/2024,12/03/2034,64.578.708-7,SSP,AL,213.465.980-70,34697364166,A,Sr. Yan Borges,Sra. Lais Montenegro,Catarina Rios
Enzo Santos,C,18/04/1994,Vieira,MA,07/05/2022,04/05/2032,53.398.528-8,IIRGD,RJ,079.436.518-39,09464439690,C,Gael Henrique Vieira,Fernanda Pacheco,Enzo Santos
Natalia da Cruz,A,19/01/1948,Pires da Serra,RO,22/11/2016,20/11/2026,41.437.269-2,IPF,MA,359.804.172-14,80648286811,A,Thales Fernandes,Helena Azevedo,Natalia da Cruz
Heloisa da Mota,C,27/04/1975,Fogaca,RS,09/03/2016,07/03/2026,26.915.357-7,IPF,MS,208.467.915-01,29145003187,C,Apollo Camargo,Beatriz Silva,Heloisa da Mota
Josue Macedo,B,30/11/2002,Vieira da Serra,SP,13/07/2018,10/07/2028,36.853.208-9,SSP,MT,701.826.935-03,30824734553,B,Fernando Oliveira,Kamilly da Costa,Josue Macedo
Heitor da Luz,E,07/01/1975,Pires de Pacheco,MS,24/11/2020,22/11/2030,86.427.387-9,SSP,DF,798.526.014-58,67871285776,E,Henry Sa,Maria Helena Sampaio,Heitor da Luz
Stephany Viana,E,23/06/1959,Macedo do Amparo,SC,15/02/2019,12/02/2029,96.206.860-3,IFP,AM,528.730.149-97,32483520503,E,Vinicius Machado,Brenda Almeida,Stephany Viana
Aurora Ramos,C,28/01/1993,Lopes,SP,07/02/2023,04/02/2033,89.507.559-6,DETRAN,SP,765.102.839-21,32256759193,C,Isaac Araujo,Alice Garcia,Aurora Ramos
Giovanna Silveira,C,18/12/1984,Ferreira Verde,MA,10/11/2021,08/11/2031,21.848.281-3,IFP,AM,912.563.740-16,31942344308,C,Dr. Carlos Eduardo Azevedo,Liz da Cruz,Giovanna Silveira
Liz Sales,B,10/08/1955,Farias,MS,07/05/2016,05/05/2026,88.965.837-5,IPF,AP,640.312.598-24,37503394175,B,Kaique Lopes,Sra. Valentina Camara,Liz Sales
Ana Laura Teixeira,C,06/09/1988,Brito,BA,27/08/2019,24/08/2029,87.872.544-0,DETRAN,SC,051.467.829-11,25513017535,C,Diogo Sales,Sara Barros,Ana Laura Teixeira
Rhavi Andrade,D,06/05/1984,Ribeiro,MA,13/07/2022,10/07/2032,40.280.490-9,PC,CE,168.940.327-69,45646863885,D,Caue Silveira,Antonella Machado,Rhavi Andrade
Dr. Enzo Gabriel Siqueira,A,17/04/1986,Abreu,ES,16/04/2021,14/04/2031,94.208.951-8,IIRGD,BA,527.381.409-04,66420592361,A,Sr. Joao Lucas Montenegro,Sra. Gabrielly Castro,Dr. Enzo Gabriel Siqueira
Valentina Aparecida,C,26/02/1964,Fogaca das Pedras,RN,06/12/2017,04/12/2027,70.968.533-0,DETRAN,PI,154.287.603-62,40930671029,C,Felipe Borges,Melina Siqueira,Valentina Aparecida
Lais Sa,D,06/08/1977,Caldeira do Galho,PI,07/12/2021,05/12/2031,46.455.549-5,IIRGD,GO,685.721.940-02,11983537820,D,Dr. Jose Mendes,Sra. Isis Barros,Lais Sa
Dr. Benicio Monteiro,C,07/08/1972,Vasconcelos,MT,22/04/2024,20/04/2034,89.353.593-0,IFP,SE,063.792.185-21,30444204058,C,Sr. Brayan Pinto,Juliana Correia,Dr. Benicio Monteiro
Srta. Sofia Fogaca,B,30/05/1974,Mendes de Sousa,PE,01/05/2022,28/04/2032,34.360.650-3,IPF,ES,647.318.209-87,15850035703,B,Otavio Camara,Srta. Gabriela Pacheco,Srta. Sofia Fogaca
Vinicius Ribeiro,D,21/05/1989,Ramos,SC,15/04/2019,12/04/2029,83.974.385-1,PC,PR,741.938.562-91,48422271507,D,Caua Souza,Ana Laura Fernandes,Vinicius Ribeiro
Sr. Yago Lima,A,12/09/1974,Cunha,RN,30/11/2024,28/11/2034,24.269.919-5,IIRGD,PA,706.893.245-29,90465566035,A,Pietro Pacheco,Stella Fonseca,Sr. Yago Lima
Sra. Lara Goncalves,B,08/12/2006,da Costa,PE,16/08/2023,13/08/2033,72.546.811-6,SSP,PI,263.748.590-65,05293870352,B,Mathias Moura,Valentina Brito,Sra. Lara Goncalves
Heloisa Nascimento,C,28/12/1953,Fogaca de Goias,PR,15/07/2024,13/07/2034,36.961.869-3,DETRAN,TO,920.687.354-74,66142663736,C,Rhavi da Rocha,Maria Julia Mendes,Heloisa Nascimento
Joao Nunes,E,18/03/1981,Lopes de Pastor,RO,20/03/2018,17/03/2028,92.849.639-1,IIRGD,ES,487.261.590-58,79830045978,E,Bento Dias,Heloisa Pimenta,Joao Nunes
Arthur Pires,E,21/07/1945,Peixoto,DF,15/04/2019,12/04/2029,57.219.207-9,IPF,BA,897.135.426-73,36495283084,E,Ian Pacheco,Bruna Cavalcante,Arthur Pires
Lara Goncalves,E,14/05/1991,Borges Alegre,SE,06/12/2022,03/12/2032,35.911.548-2,IPF,CE,547.390.821-79,42093087329,E,Levi Albuquerque,Fernanda Cavalcante,Lara Goncalves
Vitoria Peixoto,C,08/10/1959,Novaes das Pedras,MG,15/02/2022,13/02/2032,45.393.343-8,IPF,SP,298.437.510-60,36654965106,C,Ravi Carvalho,Ana Julia Campos,Vitoria Peixoto
Clara Rezende,E,05/04/2004,Marques de Costa,AL,01/01/2016,29/12/2025,40.678.754-0,DETRAN,PE,851.302.967-02,79216159583,E,Breno Martins,Anna Liz Camargo,Clara Rezende
Caleb Dias,A,27/12/1973,Ferreira,GO,02/01/2020,30/12/2029,85.723.884-4,DETRAN,PB,063.471.529-16,41841154216,A,Gustavo Rodrigues,Maria Laura Sa,Caleb Dias
Thiago da Conceicao,A,04/12/1975,Lima de Goias,PE,30/08/2020,28/08/2030,35.959.703-2,IIRGD,PB,391.780.265-12,62076161180,A,Arthur Miguel da Rocha,Maria Cecilia Albuquerque,Thiago da Conceicao
Joaquim Silveira,A,06/03/1962,Sousa de Ramos,AP,20/06/2021,18/06/2031,15.232.419-5,PC,RS,943.502.781-41,10443840655,A,Sr. Pedro Miguel Duarte,Maria Liz da Paz,Joaquim Silveira
Ayla Marques,D,07/09/1981,Porto do Oeste,MS,01/11/2018,29/10/2028,38.403.631-7,PC,MS,256.194.873-00,92732155462,D,Sr. Ravy da Rosa,Stephany Fernandes,Ayla Marques
Levi da Cunha,D,02/01/1998,Jesus de Albuquerque,PI,04/09/2021,02/09/2031,85.695.572-5,IIRGD,PR,732.165.489-37,11632296275,D,Dr. Matheus Ferreira,Alice Andrade,Levi da Cunha
Pedro Miguel Sa,C,22/06/1993,Cassiano,SP,23/06/2017,21/06/2027,84.802.586-8,PC,SE,274.586.319-37,01783725460,C,Liam Cavalcanti,Isabelly Fernandes,Pedro Miguel Sa
Alana Marques,D,11/02/1946,Porto de Minas,DF,24/09/2018,21/09/2028,79.921.453-5,SSP,SE,589.346.102-98,43849345219,D,Rodrigo Sousa,Srta. Maria Liz Albuquerque,Alana Marques
Sra. Sabrina Cassiano,B,20/09/1947,Nascimento,PB,24/06/2021,22/06/2031,63.495.978-5,SSP,RJ,840.953.126-70,48633799930,B,Asafe Costela,Maria Cecilia das Neves,Sra. Sabrina Cassiano
Dr. Ravi Lucca Cavalcante,E,15/05/1958,Viana das Flores,ES,03/05/2019,30/04/2029,72.909.434-6,IIRGD,RO,437.986.250-00,69638916666,E,Joaquim Costa,Isabelly Santos,Dr. Ravi Lucca Cavalcante
Manuela Moraes,B,10/08/1986,Fernandes de da Cunha,AP,11/09/2022,08/09/2032,69.908.268-8,IPF,PA,927.683.140-13,17136226758,B,Luiz Gustavo Araujo,Stephany Sa,Manuela Moraes
Maria Julia Novais,C,31/03/1987,Aragao de Minas,GO,01/04/2021,30/03/2031,64.916.355-9,IIRGD,ES,206.954.317-06,99456844679,C,Raul Aragao,Luana Jesus,Maria Julia Novais
Maysa da Rosa,E,09/06/1972,Caldeira de Casa Grande,RR,30/08/2017,28/08/2027,36.605.653-7,IPF,SC,063.548.172-35,06542563587,E,Eduardo Guerra,Agatha Almeida,Maysa da Rosa
Jose Miguel Ramos,D,12/10/1956,Montenegro Grande,DF,17/11/2020,15/11/2030,78.214.356-9,IIRGD,BA,019.734.685-57,07032975099,D,Juan Vieira,Sra. Maria Vitoria Moraes,Jose Miguel Ramos
Dr. Joao Guilherme Ferreira,D,17/05/1976,Nogueira Verde,RJ,10/04/2020,08/04/2030,62.248.721-4,PC,RR,274.518.039-88,44592927115,D,Gabriel Rezende,Agatha Cavalcante,Dr. Joao Guilherme Ferreira
Dr. Joao Felipe Pereira,D,22/06/1965,Pires da Serra,RO,18/06/2022,15/06/2032,76.787.128-4,IFP,GO,690.382.154-60,38760276931,D,Joao Guilherme Souza,Daniela Nascimento,Dr. Joao Felipe Pereira
Dr. Asafe Fernandes,C,23/07/1990,Pimenta Paulista,RN,06/03/2020,04/03/2030,58.689.233-1,SSP,MA,031.825.647-90,94183853968,C,Gael Machado,Larissa Correia,Dr. Asafe Fernandes
Theodoro Dias,D,13/06/1953,Cassiano,PA,01/06/2021,30/05/2031,51.229.367-6,SSP,CE,061.927.548-02,12474581606,D,Sr. Joao Guilherme Montenegro,Dra. Hellena Costela,Theodoro Dias
Maria Flor Vasconcelos,E,08/03/1947,da Costa de Minas,ES,09/05/2024,07/05/2034,11.267.988-8,DETRAN,MS,415.387.260-17,23454285470,E,Murilo Aparecida,Maria Helena Montenegro,Maria Flor Vasconcelos
Benicio Sales,D,03/05/1973,Rezende de Vargas,PA,21/10/2022,18/10/2032,76.446.286-9,IIRGD,BA,728.941.356-37,85238317526,D,Pedro Miguel Novaes,Caroline Lima,Benicio Sales
Lunna Cirino,C,26/03/1957,Goncalves,PE,27/10/2024,25/10/2034,49.455.203-8,SSP,PB,401.829.657-67,03922210475,C,Mathias Viana,Sra. Vitoria Vasconcelos,Lunna Cirino
Lais Caldeira,C,10/11/1953,Albuquerque,RJ,29/01/2022,27/01/2032,47.172.225-0,IPF,AC,986.142.730-96,97551260583,C,Breno Barros,Kamilly Albuquerque,Lais Caldeira
Dra. Eloa Gomes,C,22/07/1984,Fogaca,MS,26/03/2024,24/03/2034,80.337.573-2,IFP,PA,769.548.312-55,87991479786,C,Joao Lucas Costa,Raquel Costa,Dra. Eloa Gomes
Pietra Peixoto,D,30/03/1957,da Cruz,RN,25/05/2017,23/05/2027,87.894.321-7,SSP,AL,509.387.126-59,10462145093,D,Luan Silva,Ana Livia Andrade,Pietra Peixoto
Maria Flor Duarte,E,24/01/1972,Pastor,SP,03/09/2021,01/09/2031,16.752.504-6,PC,AM,650.487.239-29,70871584422,E,Henry Gabriel Marques,Sra. Maria Flor Macedo,Maria Flor Duarte
Luiza Correia,B,25/01/1961,Nunes da Prata,MG,25/09/2024,23/09/2034,10.426.537-7,DETRAN,RS,981.250.647-02,15938054545,B,Murilo Azevedo,Sra. Isabela Camargo,Luiza Correia
Matteo Oliveira,A,22/02/1952,Sa do Campo,MS,25/05/2022,22/05/2032,18.100.310-8,DETRAN,RO,871.904.635-93,19188752897,A,Joao Lucas Andrade,Liz da Rocha,Matteo Oliveira
Dr. Carlos Eduardo Aparecida,A,12/07/1975,da Costa de Santos,AM,29/02/2020,26/02/2030,68.320.408-8,IIRGD,PB,146.709.382-31,89995436206,A,Jose Pedro Campos,Mariah Leao,Dr. Carlos Eduardo Aparecida
Pietro Oliveira,C,07/05/1960,Vargas,RS,11/10/2017,09/10/2027,24.956.177-2,IPF,PA,872.361.054-90,03484881328,C,Gael Martins,Zoe Andrade,Pietro Oliveira
Ana Livia Macedo,B,16/02/1986,Moura da Serra,SP,02/12/2016,30/11/2026,46.812.865-9,SSP,BA,891.036.245-60,05314461045,B,Joaquim Pimenta,Catarina da Costa,Ana Livia Macedo
Caleb Peixoto,B,06/01/1997,Lima dos Dourados,AM,18/12/2020,16/12/2030,71.560.624-7,SSP,CE,642.138.907-40,83538288361,B,Vinicius Martins,Yasmin Andrade,Caleb Peixoto
Jade Borges,A,17/08/1987,Cavalcanti,MT,31/01/2017,29/01/2027,33.352.712-7,IIRGD,MA,481.592.036-24,67066392085,A,Vicente da Cunha,Dra. Isis Aparecida,Jade Borges
Arthur Alves,E,28/05/1973,Rezende,RN,04/10/2016,02/10/2026,97.224.840-0,PC,TO,702.196.583-40,68042433778,E,Breno Gomes,Brenda Camargo,Arthur Alves
Ana Vitoria Souza,E,17/01/1963,Teixeira,RR,31/03/2020,29/03/2030,24.609.324-9,IIRGD,CE,298.506.174-11,61898979964,E,Vitor Gabriel Moreira,Fernanda Vieira,Ana Vitoria Souza
Lucas Camara,E,12/05/1956,Duarte de Borges,TO,16/11/2016,14/11/2026,32.970.520-6,IFP,AL,307.645.819-10,53545492561,E,Sr. Vitor Hugo Cavalcanti,Eduarda Pastor,Lucas Camara
Maria Clara Monteiro,B,14/07/1967,Peixoto,RO,02/06/2021,31/05/2031,46.875.365-9,SSP,MT,762.395.140-80,29602265044,B,Vinicius Macedo,Isadora Novais,Maria Clara Monteiro
Aylla Moreira,A,05/09/1959,Caldeira,MS,09/06/2021,07/06/2031,64.629.849-2,IIRGD,MS,457.031.698-01,09585085767,A,Noah Monteiro,Eduarda da Paz,Aylla Moreira
Henry Ferreira,A,17/08/1965,Pacheco de Albuquerque,AP,15/04/2018,12/04/2028,38.755.481-0,PC,PR,703.842.915-97,90196867197,A,Sr. Murilo Pimenta,Olivia Fogaca,Henry Ferreira
Maria Vitoria Macedo,D,12/12/1964,Novaes de Minas,GO,19/02/2020,16/02/2030,29.897.563-4,PC,AC,249.053.716-43,59861708409,D,Henry Cunha,Luara Marques,Maria Vitoria Macedo
Caroline Oliveira,D,01/07/1947,Moreira do Norte,RR,23/10/2022,20/10/2032,23.688.899-6,IPF,CE,781.403.926-69,54430420511,D,Levi Pimenta,Gabrielly Ferreira,Caroline Oliveira
Sra. Melissa Andrade,D,15/02/1953,da Cunha de Freitas,PA,10/08/2024,08/08/2034,22.304.859-0,SSP,AM,519.683.704-39,82177244042,D,Thiago Ramos,Ana Livia Pereira,Sra. Melissa Andrade
Isis Sousa,B,16/10/1976,Rios de Novaes,PA,19/05/2017,17/05/2027,10.622.339-4,IFP,DF,624.830.597-83,35243444353,B,Kaique Farias,Sabrina Souza,Isis Sousa
Maria Helena Aparecida,A,25/10/1976,Silva,RR,21/09/2023,18/09/2033,88.281.512-8,IIRGD,AP,627.940.158-85,50201799297,A,Leandro Aparecida,Maria Sophia Alves,Maria Helena Aparecida
Isis Costela,B,18/12/1992,Farias do Campo,GO,24/05/2017,22/05/2027,62.120.588-0,DETRAN,AL,297.315.086-86,14994592207,B,Sr. Rafael Mendes,Sophia Cardoso,Isis Costela
Sr. Joao Miguel Leao,A,11/10/1998,Machado,MG,30/10/2024,28/10/2034,49.479.325-4,DETRAN,PA,487.931.602-40,81280980939,A,Benicio Cavalcanti,Juliana Rocha,Sr. Joao Miguel Leao
Aurora Cassiano,C,13/09/1980,Peixoto,BA,26/07/2019,23/07/2029,11.204.450-3,IFP,GO,165.348.920-06,85856435556,C,Henry Silveira,Alice Martins,Aurora Cassiano
Stephany Teixeira,A,08/03/1972,da Cruz,GO,24/08/2016,22/08/2026,12.663.933-5,DETRAN,SC,910.278.645-11,57735864965,A,Sr. Caue Costela,Leticia Peixoto,Stephany Teixeira
Sra. Sabrina Nogueira,C,29/04/1995,da Mota de Goias,RS,19/09/2016,17/09/2026,30.525.136-7,IIRGD,MG,863.920.451-98,84568965293,C,Thiago da Conceicao,Hadassa da Mota,Sra. Sabrina Nogueira
Sr. Nicolas Andrade,E,07/05/1945,Monteiro,PI,17/07/2017,15/07/2027,16.124.242-2,PC,SP,452.837.061-17,78226124959,E,Carlos Eduardo Rios,Srta. Nicole Costela,Sr. Nicolas Andrade
Luna Sa,D,14/09/1988,Duarte,BA,03/01/2023,31/12/2032,45.710.426-7,PC,SC,098.361.274-96,44988700062,D,Anthony Vieira,Brenda Abreu,Luna Sa
Pedro Miguel da Paz,E,14/04/1975,Gomes de Cardoso,AM,29/08/2017,27/08/2027,13.791.850-3,IIRGD,RO,651.309.742-80,51550002823,E,Gustavo Lima,Gabrielly Cirino,Pedro Miguel da Paz
Dra. Manuela Silveira,E,17/02/1976,Sampaio de Sampaio,RS,16/05/2016,14/05/2026,28.867.533-9,IIRGD,AP,874.963.051-20,10468901715,E,Yuri da Conceicao,Alice Lopes,Dra. Manuela Silveira
Srta. Milena Andrade,B,04/07/1968,Nascimento da Serra,MG,25/06/2022,22/06/2032,88.856.840-9,SSP,MA,723.068.491-96,53419181880,B,Dr. Rafael Siqueira,Helena das Neves,Srta. Milena Andrade
Ravi Barbosa,E,09/09/1988,Sa do Campo,MS,09/04/2020,07/04/2030,54.142.587-9,SSP,MT,046.592.178-76,61222066209,E,Caleb Nogueira,Daniela Nogueira,Ravi Barbosa
Thiago Cavalcanti,A,28/04/1964,Campos,SE,26/07/2019,23/07/2029,52.127.984-2,IFP,AL,495.130.782-05,79505550341,A,Dr. Ian da Cruz,Dra. Jade Campos,Thiago Cavalcanti
Isabela Costa,A,14/12/1995,Pinto do Oeste,BA,30/09/2024,28/09/2034,28.749.921-9,IFP,BA,537.184.269-19,17228493509,A,Ravi Lucca Siqueira,Liz Campos,Isabela Costa
Srta. Joana Ramos,E,18/07/1965,Pereira Verde,PA,08/03/2021,06/03/2031,55.970.483-8,PC,BA,720.859.614-01,00938877570,E,Ian Lima,Luna Moreira,Srta. Joana Ramos
Luiza Rodrigues,C,21/07/1962,Marques Verde,TO,19/11/2018,16/11/2028,38.851.304-1,IFP,BA,712.835.064-08,89978526894,C,Arthur Vasconcelos,Bruna Rezende,Luiza Rodrigues
Davi Lucca Cirino,E,01/03/1951,Cirino do Norte,CE,02/07/2017,30/06/2027,27.843.958-1,IIRGD,BA,893.420.167-31,67340839641,E,Vinicius Montenegro,Maria Nascimento,Davi Lucca Cirino
Noah Leao,E,03/06/1991,Machado,SE,11/03/2018,08/03/2028,76.484.350-9,SSP,AC,248.690.157-49,34336429842,E,Arthur Gabriel da Cunha,Natalia Brito,Noah Leao
Bianca da Cunha,E,13/10/2004,Silva,SC,29/11/2016,27/11/2026,88.354.417-3,SSP,MA,317.609.584-84,48216351144,E,Enrico Freitas,Eduarda Silva,Bianca da Cunha
Luiz Miguel Pereira,A,20/11/1982,Peixoto do Amparo,RS,28/10/2017,26/10/2027,79.505.847-7,PC,MG,624.908.731-13,33729653107,A,Luiz Miguel Pimenta,Sophie Azevedo,Luiz Miguel Pereira
Marcos Vinicius Montenegro,E,24/11/1994,Rios do Norte,PI,01/08/2024,30/07/2034,89.775.473-8,SSP,PI,432.185.790-23,69648729117,E,Caio Siqueira,Jade Marques,Marcos Vinicius Montenegro
Matteo Vasconcelos,B,04/02/1946,Castro,MT,12/06/2024,10/06/2034,23.762.956-3,IPF,PA,678.429.301-04,36191371695,B,Vitor Hugo Cavalcanti,Zoe Sampaio,Matteo Vasconcelos
Ryan Almeida,E,30/12/1986,Novais,SC,03/07/2016,01/07/2026,84.397.784-6,IFP,RN,762.518.490-02,49568824377,E,Leandro Ramos,Alana Sousa,Ryan Almeida
Paulo Correia,A,17/04/2004,Pires,MA,09/02/2016,06/02/2026,52.358.549-0,SSP,SC,214.790.863-04,25849694317,A,Mathias Vasconcelos,Aurora Cavalcanti,Paulo Correia
Ana Laura Pimenta,C,01/08/1992,Santos,AC,30/01/2023,27/01/2033,39.356.541-9,IFP,MA,791.382.540-50,27204247915,C,Erick Rocha,Maya da Cruz,Ana Laura Pimenta
Juan Brito,C,04/01/1957,Cardoso de Freitas,PB,26/03/2024,24/03/2034,74.177.223-2,IIRGD,RJ,657.013.984-39,79880197280,C,Luigi Camara,Marina Pereira,Juan Brito
Eduarda Ferreira,E,11/10/1994,Almeida de Sales,SE,14/03/2024,12/03/2034,36.499.947-8,IPF,PA,614.320.598-15,15840162825,E,Bento Carvalho,Lara da Mota,Eduarda Ferreira
Vinicius Cavalcanti,C,17/05/2000,Casa Grande,SC,08/04/2019,05/04/2029,75.764.376-6,IIRGD,MG,897.251.463-28,06174591828,C,Rhavi Andrade,Liz Vargas,Vinicius Cavalcanti
Nicole da Rocha,D,10/05/1977,Goncalves do Sul,PI,12/06/2024,10/06/2034,79.841.697-0,DETRAN,ES,528.430.619-89,57829707041,D,Mathias Macedo,Eloah Guerra,Nicole da Rocha
Matheus Araujo,A,20/02/1991,Moreira,SP,17/12/2021,15/12/2031,58.126.676-2,SSP,MA,723.145.068-71,22522840727,A,Breno Vasconcelos,Maria Vitoria Nunes,Matheus Araujo
Sr. Caua Cavalcante,B,10/10/1976,Costa da Serra,RN,21/06/2022,18/06/2032,32.113.324-4,IPF,RN,593.086.241-98,25526350537,B,Rael Siqueira,Dra. Mariah Azevedo,Sr. Caua Cavalcante
Davi Lucas Farias,E,13/04/1988,Freitas de Pereira,AL,17/12/2017,15/12/2027,22.783.317-6,IPF,PE,473.065.192-80,56680096729,E,Sr. Joao Gabriel Pinto,Bella Pereira,Davi Lucas Farias
Luisa Barros,E,30/11/1970,da Mota,SC,16/04/2020,14/04/2030,91.202.221-8,PC,PA,016.938.742-96,59772042706,E,Thomas Correia,Marina da Luz,Luisa Barros
Bella Nunes,D,23/12/1956,Siqueira,DF,04/01/2018,02/01/2028,42.704.336-8,PC,PE,621.597.384-09,08727209298,D,Dr. Emanuel Costela,Ana Sophia Fonseca,Bella Nunes
Luna Casa Grande,E,05/09/1980,Teixeira,PI,15/03/2019,12/03/2029,74.805.123-9,SSP,AM,489.261.350-98,05565512885,E,Luan Peixoto,Clarice da Paz,Luna Casa Grande
Srta. Maria Cecilia Campos,A,11/06/1977,Guerra do Amparo,MG,20/08/2020,18/08/2030,62.899.257-0,PC,BA,509.381.647-75,92458998941,A,Lucas Mendes,Dra. Heloisa Sousa,Srta. Maria Cecilia Campos
Ravi Lucca Rodrigues,A,22/12/1985,Monteiro,SP,24/02/2020,21/02/2030,68.349.194-4,DETRAN,SE,593.071.682-02,00884257178,A,Heitor Dias,Evelyn Vasconcelos,Ravi Lucca Rodrigues
Luiz Henrique Moura,B,23/10/1966,Montenegro de Camargo,PE,25/05/2016,23/05/2026,62.434.317-3,IIRGD,AC,382.196.574-64,54593112365,B,Davi Lucas da Rocha,Ana Carolina Cavalcante,Luiz Henrique Moura
Dr. Dom Porto,D,22/06/1976,da Costa,MT,26/08/2022,23/08/2032,97.333.585-8,IIRGD,AL,728.539.614-19,10129859275,D,Henry Gabriel Sampaio,Elisa Silva,Dr. Dom Porto
Maite Fonseca,C,01/09/1984,Rios da Prata,SC,23/08/2023,20/08/2033,33.189.127-8,PC,AL,198.240.756-58,30559178571,C,Gael Henrique Goncalves,Dra. Kamilly Teixeira,Maite Fonseca
Enzo Vieira,A,08/01/1949,Silveira de Correia,MT,20/05/2016,18/05/2026,40.236.320-8,IIRGD,MS,036.894.125-60,25528316702,A,Henrique Camara,Joana da Cunha,Enzo Vieira
Joao Lucas Almeida,D,02/06/1962,Costa,MT,22/01/2016,19/01/2026,60.442.707-6,SSP,RS,368.419.057-84,34266041517,D,Luiz Fernando das Neves,Rafaela Souza,Joao Lucas Almeida
Pedro Miguel Sales,C,26/05/1987,da Conceicao,DF,12/11/2021,10/11/2031,28.597.229-8,DETRAN,RJ,265.301.849-70,44196614502,C,Lucas Gabriel Nogueira,Maria Flor Pastor,Pedro Miguel Sales
Srta. Heloisa Goncalves,C,14/04/1978,Macedo das Flores,SE,08/02/2018,06/02/2028,96.901.837-3,IPF,AL,627.385.410-62,99991572493,C,Dr. Rael Ribeiro,Zoe Jesus,Srta. Heloisa Goncalves
Marina Barros,E,29/07/1980,Pinto,MS,21/01/2023,18/01/2033,56.290.160-8,IIRGD,RR,693.152.874-28,54406099949,E,Lorenzo Moura,Melina Pastor,Marina Barros
Alexandre Lima,C,01/01/1969,Borges Paulista,AP,20/09/2017,18/09/2027,25.488.565-0,DETRAN,RN,149.625.873-82,98491742884,C,Marcos Vinicius da Luz,Rebeca Moura,Alexandre Lima
Gabrielly Mendonca,B,06/04/2005,Teixeira da Serra,AC,18/10/2024,16/10/2034,76.205.206-9,DETRAN,CE,176.089.342-04,30646333659,B,Henry Gabriel Marques,Sra. Ana Julia Ramos,Gabrielly Mendonca
Dra. Lara Montenegro,A,22/08/1995,Pacheco da Mata,PI,23/08/2023,20/08/2033,19.103.605-8,IIRGD,RS,938.720.541-04,99521235767,A,Rhavi Cavalcanti,Maria Vitoria Marques,Dra. Lara Montenegro
Andre Rocha,D,03/11/1963,Lima do Amparo,PE,02/07/2022,29/06/2032,85.438.693-2,SSP,PB,728.061.495-76,75253818512,D,Sr. Enzo Goncalves,Mariane Caldeira,Andre Rocha
Oliver Rezende,D,04/01/1964,Jesus,PB,26/09/2021,24/09/2031,72.861.867-4,PC,ES,419.508.723-60,65994609543,D,Bruno Novais,Ester Casa Grande,Oliver Rezende
Eduardo Cassiano,A,20/04/1983,da Rosa da Serra,ES,22/07/2019,19/07/2029,12.576.155-0,DETRAN,GO,257.138.649-28,05890256593,A,Sr. Leo Farias,Srta. Luna Alves,Eduardo Cassiano
Lara Oliveira,A,10/01/1966,Goncalves da Praia,MT,24/11/2022,21/11/2032,72.464.632-2,DETRAN,SE,851.369.270-03,89751362011,A,Sr. Joao Miguel Vieira,Maria Sophia Camara,Lara Oliveira
Lucas Gabriel da Cunha,B,23/10/1992,da Conceicao Grande,PB,22/07/2020,20/07/2030,63.686.259-9,IPF,MT,386.057.419-10,35360295606,B,Jose Pedro Farias,Gabrielly Teixeira,Lucas Gabriel da Cunha
Fernando Ramos,E,13/12/1993,da Costa,SP,03/08/2019,31/07/2029,24.977.154-1,DETRAN,PR,264.018.739-22,90126102185,E,Matteo Correia,Ana Cecilia Lopes,Fernando Ramos
Natalia Mendes,D,18/05/1951,Barros,TO,01/02/2023,29/01/2033,71.788.723-6,IPF,SC,395.076.248-56,82299922637,D,Theodoro Garcia,Mariana Mendes,Natalia Mendes
Luara Pereira,D,05/08/1973,Camargo de Correia,AL,05/11/2020,03/11/2030,14.271.701-6,SSP,SC,596.207.481-58,74119325117,D,Anthony Gabriel Azevedo,Sofia Siqueira,Luara Pereira
Sofia Pires,B,06/08/1981,Santos de Goias,CE,13/05/2020,11/05/2030,83.449.112-7,IPF,BA,412.873.509-41,83172382644,B,Enzo Barbosa,Leticia Ribeiro,Sofia Pires
Ana Vitoria Pimenta,A,13/03/2001,Pastor de Farias,RS,03/11/2016,01/11/2026,36.386.597-2,IPF,DF,750.618.943-75,51172780200,A,Yan Novais,Dra. Juliana Cunha,Ana Vitoria Pimenta
Sra. Evelyn Costela,E,04/04/1975,Cassiano do Galho,DF,25/09/2018,22/09/2028,16.853.272-2,IPF,PB,946.013.752-07,15898653119,E,Sr. Ravi Lucca Freitas,Joana Pinto,Sra. Evelyn Costela
Stella Cassiano,B,06/11/1959,Caldeira,RO,28/01/2019,25/01/2029,56.975.682-5,IIRGD,SC,562.481.390-24,05337795613,B,Kaique Cardoso,Mirella da Luz,Stella Cassiano
Gabrielly Novaes,C,01/08/2005,Teixeira,TO,06/12/2021,04/12/2031,92.545.209-0,IFP,PB,692.804.531-06,19886647779,C,Caio Duarte,Eloa Sa,Gabrielly Novaes
Asafe Vasconcelos,A,02/07/1980,Ferreira,RR,20/08/2020,18/08/2030,51.644.371-4,IPF,CE,364.298.150-05,18352228983,A,Dante Borges,Larissa Pires,Asafe Vasconcelos
Sr. Davi Miguel Pinto,D,30/07/1954,Nunes do Galho,AP,26/03/2021,24/03/2031,96.637.333-9,IIRGD,ES,547.103.926-25,63800314165,D,Vitor Gabriel Andrade,Dra. Raquel Sampaio,Sr. Davi Miguel Pinto
Benicio Aragao,E,15/12/1949,da Rosa do Norte,CE,20/06/2024,18/06/2034,85.144.225-4,SSP,RJ,143.276.509-43,06779987379,E,Leonardo Cardoso,Ana Cecilia da Luz,Benicio Aragao
Otto Castro,E,30/11/1946,Martins de Siqueira,GO,08/09/2017,06/09/2027,96.839.116-0,DETRAN,TO,273.985.461-73,52278620977,E,Raul Rezende,Emilly Novais,Otto Castro
Lunna Sousa,E,20/04/1980,Costela,ES,31/12/2022,28/12/2032,97.317.897-8,IFP,AC,763.510.942-16,74445361037,E,Joao Souza,Lara Goncalves,Lunna Sousa
Eduardo Brito,C,04/07/1989,Gomes,PI,15/07/2024,13/07/2034,56.447.998-0,DETRAN,ES,067.245.139-52,12070776557,C,Mathias Campos,Sabrina Monteiro,Eduardo Brito
Ana Aragao,C,30/09/1981,Rocha,CE,01/08/2018,29/07/2028,77.168.734-7,SSP,MA,276.035.498-92,63938528989,C,Diego Pastor,Maria Eduarda Cunha,Ana Aragao
Ravy Dias,D,10/06/1978,Almeida,MS,14/03/2023,11/03/2033,33.574.423-8,PC,AM,671.024.398-22,07392062822,D,Ravy Vargas,Natalia Rodrigues,Ravy Dias
Clarice Pastor,B,07/10/1994,Vasconcelos do Amparo,PE,21/03/2022,18/03/2032,23.566.692-2,IPF,SE,508.931.246-05,30585093235,B,Sr. Isaque Pereira,Helena Macedo,Clarice Pastor
Augusto da Rocha,B,16/09/2000,Peixoto do Sul,AP,06/07/2020,04/07/2030,91.698.711-7,PC,TO,390.142.867-40,75647473205,B,Nicolas da Conceicao,Manuella Lima,Augusto da Rocha
Marcos Vinicius Aragao,D,19/02/2006,Goncalves,MS,22/01/2016,19/01/2026,11.119.153-9,IFP,ES,123.740.589-05,45225407151,D,Henry da Rocha,Luiza Carvalho,Marcos Vinicius Aragao
Srta. Ana Nunes,B,23/11/2007,Camara da Praia,AM,06/12/2024,04/12/2034,35.382.981-8,PC,PR,924.387.561-28,54195299554,B,Davi Luiz Carvalho,Eloa Moura,Srta. Ana Nunes
Kamilly Pereira,C,31/01/1990,Montenegro,PI,07/01/2016,04/01/2026,12.440.657-7,SSP,MA,736.289.054-00,99183352405,C,Otavio Fonseca,Maria Vitoria Azevedo,Kamilly Pereira
Dra. Mirella Pinto,A,18/04/1959,Jesus de Minas,AL,11/10/2018,08/10/2028,71.946.144-7,IPF,TO,473.609.581-48,44118059821,A,Sr. Joao Vitor Garcia,Lais Cunha,Dra. Mirella Pinto
Bruna Leao,C,08/10/2004,Martins,AC,18/10/2022,15/10/2032,40.400.946-0,IFP,ES,861.432.590-89,18045639999,C,Augusto da Mota,Maria Isis Fonseca,Bruna Leao
Lunna Pastor,B,18/10/2006,Castro da Mata,MS,21/03/2018,18/03/2028,65.153.733-1,IPF,CE,452.960.138-24,57760697571,B,Sr. Enzo Viana,Mariana da Cunha,Lunna Pastor
Murilo Rios,A,23/02/1978,Barros,CE,20/07/2023,17/07/2033,18.975.956-0,IPF,RO,081.457.639-75,67586804445,A,Sr. Isaque Ferreira,Ana Nascimento,Murilo Rios
Gabriel da Luz,E,12/04/1984,Viana de Araujo,MG,12/12/2018,09/12/2028,14.421.404-7,IPF,PE,612.570.893-40,86812567506,E,Lucas Rodrigues,Maria Liz Araujo,Gabriel da Luz
Maite Sa,A,25/10/1972,Monteiro,SC,16/10/2019,13/10/2029,68.851.203-2,SSP,AL,127.540.369-70,80281255592,A,Gael Henrique Almeida,Maria Luiza Monteiro,Maite Sa
Sr. Samuel Cavalcanti,D,16/10/1982,Ramos,MA,01/04/2024,30/03/2034,41.228.371-1,PC,MG,456.072.913-16,55790800859,D,Daniel Peixoto,Manuella Sousa,Sr. Samuel Cavalcanti
Sra. Maria Eduarda Pacheco,D,21/11/1982,Moura da Serra,RR,05/01/2019,02/01/2029,27.992.743-0,IIRGD,ES,602.974.185-30,63794707674,D,Gustavo Henrique da Rocha,Ana Laura Pires,Sra. Maria Eduarda Pacheco
Dra. Cecilia Pimenta,D,04/07/1948,da Luz da Prata,DF,18/01/2016,15/01/2026,13.760.284-7,SSP,CE,608.352.197-12,50946058197,D,Sr. Isaac Cavalcante,Srta. Maria Fernanda Viana,Dra. Cecilia Pimenta
Allana da Costa,A,08/02/1976,Carvalho,AP,13/03/2021,11/03/2031,67.184.802-7,IPF,RO,034.982.675-74,36189528553,A,Guilherme Cardoso,Antonella Fogaca,Allana da Costa
Jose Novais,C,21/05/1951,da Rosa da Serra,AP,02/10/2016,30/09/2026,58.122.264-1,IFP,RS,245.638.910-70,31176272281,C,Joao Lucas Marques,Isabela Dias,Jose Novais
Dra. Rafaela Melo,C,09/10/1975,Cardoso do Sul,MS,20/06/2019,17/06/2029,38.835.179-3,IPF,PI,564.793.180-48,10742927926,C,Arthur Gabriel Nascimento,Srta. Rebeca Vasconcelos,Dra. Rafaela Melo
Sra. Ana Carolina Dias,C,08/09/1975,Camara,RO,27/06/2017,25/06/2027,21.892.943-5,IPF,MT,209.784.163-50,86165446565,C,Davi Lucas Machado,Eloa Nogueira,Sra. Ana Carolina Dias
Sarah Aparecida,A,17/02/1973,Campos,PA,14/10/2020,12/10/2030,20.649.118-6,IFP,PI,504.672.891-58,64934916498,A,Luiz Miguel da Paz,Ana Livia Correia,Sarah Aparecida
Arthur Miguel Peixoto,B,29/01/2007,Moreira das Pedras,MG,13/05/2024,11/05/2034,59.227.299-4,IIRGD,RR,214.680.359-24,11673021935,B,Dr. Arthur Miguel Caldeira,Ana Luiza Fogaca,Arthur Miguel Peixoto
Alexia Porto,A,08/03/1976,Brito de Goias,MA,22/02/2019,19/02/2029,78.731.579-7,IPF,PE,341.526.078-07,07347545478,A,Pedro Lucas Barros,Isis da Cunha,Alexia Porto
Rafaela Freitas,A,31/07/1977,Cassiano,TO,28/07/2016,26/07/2026,89.705.973-2,IFP,RR,532.619.870-30,14219256895,A,Bernardo da Mata,Dra. Mirella Fogaca,Rafaela Freitas
Srta. Melina Teixeira,D,11/11/1985,Araujo,PA,16/12/2022,13/12/2032,88.354.772-5,IIRGD,MG,138.675.940-66,69225261516,D,Caua Borges,Heloisa Macedo,Srta. Melina Teixeira
Pedro Henrique Pires,D,08/01/1947,Abreu,DF,24/12/2023,21/12/2033,60.202.528-8,SSP,ES,678.350.924-92,92034420456,D,Antony da Costa,Cecilia Cassiano,Pedro Henrique Pires
Enrico Costela,C,01/03/1990,Camargo,GO,06/05/2017,04/05/2027,23.453.600-6,IFP,AM,581.730.692-12,78229441582,C,Augusto Macedo,Sophia Novais,Enrico Costela
Vitor Hugo das Neves,B,23/11/2004,Castro,AM,06/02/2021,04/02/2031,85.559.402-8,IFP,RS,475.216.839-19,99819131437,B,Davi Lucas da Conceicao,Alexia Silveira,Vitor Hugo das Neves
Lavinia Costela,A,09/05/1959,Silva,PE,26/12/2019,23/12/2029,43.216.995-0,IPF,SE,035.648.127-17,11543561605,A,Dom Cirino,Maria Flor Viana,Lavinia Costela
Mathias Porto,B,25/02/1979,Fonseca,PA,05/03/2020,03/03/2030,21.363.937-7,IIRGD,ES,734.059.216-43,38878064889,B,Apollo Oliveira,Raquel Gomes,Mathias Porto
Benjamin Lima,B,02/04/1968,Camargo da Praia,PR,11/08/2020,09/08/2030,85.584.842-4,SSP,PE,594.762.308-00,94754212786,B,Dante das Neves,Isabelly Monteiro,Benjamin Lima
Dr. Bruno Machado,D,23/07/1977,da Paz,DF,12/04/2022,09/04/2032,13.519.693-6,IIRGD,TO,103.892.754-41,82006184399,D,Fernando Novaes,Ana Carolina da Mota,Dr. Bruno Machado
Lucas Gabriel Fonseca,A,26/02/2004,Moura,PB,30/01/2017,28/01/2027,97.783.364-6,PC,AP,308.724.659-00,65451589758,A,Thiago Andrade,Srta. Eloah Goncalves,Lucas Gabriel Fonseca
Otavio Garcia,B,11/04/1985,Rezende,ES,03/09/2019,31/08/2029,72.756.918-5,SSP,RS,691.735.280-21,81335156769,B,Nicolas Nunes,Sofia Fernandes,Otavio Garcia
Bernardo Melo,B,18/05/1969,Sampaio das Flores,CE,13/03/2018,10/03/2028,96.815.968-1,IPF,RN,345.879.602-92,18000419211,B,Raul Rios,Maria Helena Castro,Bernardo Melo
Augusto Mendes,B,11/11/2001,Pacheco,SE,19/12/2015,16/12/2025,59.464.316-2,IIRGD,PB,069.572.318-95,81724663297,B,Yuri Lima,Luna Marques,Augusto Mendes
Barbara Cassiano,A,04/01/2001,da Mata,PA,08/03/2020,06/03/2030,18.484.481-0,SSP,PB,108.672.593-02,79053924514,A,Heitor Silveira,Maria Fernanda da Cunha,Barbara Cassiano
Hellena Vasconcelos,B,13/01/1962,Montenegro,RR,15/10/2023,12/10/2033,32.485.727-3,IFP,PB,057.692.438-56,41890400621,B,Francisco Abreu,Luara Rezende,Hellena Vasconcelos
Srta. Leticia Novais,B,18/09/2004,da Cunha dos Dourados,AC,16/03/2018,13/03/2028,63.119.870-6,SSP,RS,760.513.284-08,25418399869,B,Carlos Eduardo Duarte,Alana Lopes,Srta. Leticia Novais
Guilherme da Luz,C,18/10/2001,Lopes de Pacheco,RR,25/08/2021,23/08/2031,27.822.116-5,IPF,RJ,458.306.792-56,69385493752,C,Gustavo Pinto,Ana Beatriz Albuquerque,Guilherme da Luz
Sara Camara,D,06/12/1991,Araujo de da Luz,BA,02/06/2019,30/05/2029,49.792.129-0,SSP,PE,890.712.436-13,51551302479,D,Jose da Rocha,Stella Monteiro,Sara Camara
Asafe Fonseca,C,14/02/1985,Martins,MA,19/04/2016,17/04/2026,35.959.539-7,DETRAN,SE,047.815.923-41,22494799635,C,Joaquim Jesus,Dra. Antonella Silva,Asafe Fonseca
Gabriela Monteiro,E,05/09/1946,Ribeiro,ES,21/11/2017,19/11/2027,74.922.887-8,IFP,RR,916.582.304-42,69763234214,E,Pietro Cavalcante,Isis Cardoso,Gabriela Monteiro
Joao Miguel Silveira,A,10/09/1998,Santos,SP,22/05/2021,20/05/2031,13.206.351-7,IIRGD,CE,150.293.678-02,87071423374,A,Pietro Fogaca,Sra. Fernanda Rezende,Joao Miguel Silveira
Isaque Oliveira,D,23/07/2001,Moraes,CE,13/11/2016,11/11/2026,52.181.905-1,DETRAN,SE,524.980.713-50,41240593502,D,Sr. Yago da Luz,Maria Sophia da Paz,Isaque Oliveira
Sra. Rafaela Ferreira,D,05/03/1951,da Costa,RS,29/06/2021,27/06/2031,56.649.358-3,IPF,GO,652.018.374-17,61515388891,D,Kaique Fonseca,Cecilia Nascimento,Sra. Rafaela Ferreira
Srta. Alexia Goncalves,E,29/06/1999,Aragao,DF,13/01/2017,11/01/2027,39.212.819-8,SSP,ES,364.578.092-00,99769385569,E,Caua Pires,Jade Fogaca,Srta. Alexia Goncalves
Cecilia Pimenta,C,30/11/1965,Nogueira,BA,18/06/2024,16/06/2034,99.860.308-5,IIRGD,PI,801.793.562-59,46971285398,C,Leonardo Nascimento,Livia Guerra,Cecilia Pimenta
Dra. Lais Albuquerque,B,16/08/1974,Camara,DF,04/09/2017,02/09/2027,96.166.643-9,DETRAN,DF,102.864.953-33,15250529398,B,Lucas Gabriel Alves,Maria Mendes,Dra. Lais Albuquerque
Arthur Montenegro,E,08/05/1949,Farias,RN,19/02/2017,17/02/2027,45.921.226-2,IFP,RO,146.532.970-61,45068344677,E,Nicolas da Rosa,Sra. Maria Alice Pereira,Arthur Montenegro
Rafaela Machado,E,16/08/1945,Caldeira,RO,02/08/2019,30/07/2029,13.954.632-1,IIRGD,AL,631.052.978-12,34802718767,E,Caleb Moreira,Cecilia Alves,Rafaela Machado
Murilo Cavalcante,C,10/12/1953,Novaes,RO,31/08/2016,29/08/2026,50.571.642-6,IFP,GO,918.476.035-48,34341726286,C,Yan Vargas,Yasmin Jesus,Murilo Cavalcante
Jose Pedro Melo,D,25/11/1975,Pacheco de da Cunha,PA,12/04/2021,10/04/2031,52.701.448-7,DETRAN,DF,597.403.621-25,91012570433,D,Dr. Luan Rocha,Dra. Emanuella Duarte,Jose Pedro Melo
Bruno Fogaca,D,03/07/1957,Montenegro Grande,MA,25/12/2021,23/12/2031,17.326.755-2,IIRGD,RJ,069.283.415-05,41761131005,D,Yan Ribeiro,Lunna Farias,Bruno Fogaca
Livia Albuquerque,D,21/12/1963,Andrade Verde,MS,30/07/2019,27/07/2029,70.345.206-0,IIRGD,PA,803.975.614-66,69899084263,D,Arthur Borges,Beatriz Ferreira,Livia Albuquerque
Liz Farias,E,09/08/1991,Camargo,GO,27/04/2018,24/04/2028,75.127.908-4,SSP,SE,417.835.092-79,78343259462,E,Sr. Bento Melo,Bella Alves,Liz Farias
Bella Barros,B,24/10/2007,Pacheco de Dias,SP,04/05/2021,02/05/2031,99.604.359-8,IFP,AP,381.960.475-84,72623621012,B,Bernardo Dias,Cecilia Nascimento,Bella Barros
Ana Vitoria Goncalves,A,07/06/1980,Borges dos Dourados,MA,03/04/2021,01/04/2031,95.551.354-0,DETRAN,PB,816.570.923-21,25137345981,A,Pietro da Cruz,Pietra Costa,Ana Vitoria Goncalves
Emanuella Freitas,B,19/02/1996,Rios,RN,30/04/2020,28/04/2030,23.837.681-0,IIRGD,MG,827.940.653-00,89758811426,B,Joao Vitor Mendonca,Juliana Campos,Emanuella Freitas
Ravy da Rocha,D,21/10/1996,Sales de Albuquerque,MA,12/08/2021,10/08/2031,93.603.113-6,DETRAN,GO,348.061.297-04,86189613588,D,Sr. Asafe Albuquerque,Giovanna Ferreira,Ravy da Rocha
Luisa Vasconcelos,E,29/06/1956,Sa,DF,19/01/2019,16/01/2029,25.590.356-8,IPF,PE,694.013.587-10,00302789244,E,Ravi Lucca Vargas,Julia Marques,Luisa Vasconcelos
Sophie da Rocha,C,11/03/1951,Pinto,MG,14/07/2024,12/07/2034,63.803.834-3,PC,AP,830.159.724-05,20446221509,C,Joaquim Silveira,Stephany Mendonca,Sophie da Rocha
Luiz Fernando Siqueira,C,22/10/1954,da Conceicao de Campos,RO,14/12/2015,11/12/2025,93.583.991-8,IIRGD,DF,217.096.345-61,82461675136,C,Francisco Ferreira,Cecilia Novaes,Luiz Fernando Siqueira
Luiz Henrique Mendonca,C,20/09/2002,Correia,MA,12/06/2018,09/06/2028,31.353.299-8,IFP,GO,963.802.741-03,73396087867,C,Leo Andrade,Lara Alves,Luiz Henrique Mendonca
Arthur Miguel Nascimento,B,12/09/1989,da Paz de Azevedo,RR,12/05/2021,10/05/2031,19.517.482-7,PC,RJ,465.021.798-94,95284547940,B,Joao Gabriel Jesus,Maria Luisa Goncalves,Arthur Miguel Nascimento
Lunna Pastor,C,16/06/1956,Garcia de Cassiano,MT,14/12/2017,12/12/2027,22.865.165-2,IPF,DF,148.079.523-23,81362712904,C,Dr. Ian Moreira,Maria Julia Melo,Lunna Pastor
Calebe Peixoto,A,17/05/1997,Macedo,RN,08/12/2019,05/12/2029,56.344.319-7,IIRGD,ES,738.152.490-23,73864313790,A,Benicio Barros,Luiza Moura,Calebe Peixoto
Vitor Castro,B,23/08/2004,Guerra,DF,26/03/2020,24/03/2030,45.733.344-5,IFP,SE,635.894.721-46,05213851468,B,Dr. Thomas Cirino,Isabelly Sousa,Vitor Castro
Paulo Cassiano,D,26/03/1959,da Paz de Goias,RO,29/06/2018,26/06/2028,44.800.668-5,DETRAN,AP,487.296.310-50,42711742090,D,Gael Henrique Macedo,Heloisa Novaes,Paulo Cassiano
Ana Julia Porto,E,17/12/1995,da Mata das Pedras,RN,23/02/2021,21/02/2031,77.463.390-4,IPF,AM,207.418.635-53,92784916241,E,Gael Freitas,Ana Barbosa,Ana Julia Porto
Bella Camargo,A,24/05/1945,da Rosa de Araujo,TO,25/04/2023,22/04/2033,38.801.135-3,DETRAN,RS,253.084.617-08,24587826881,A,Davi Lucca Novaes,Rebeca Cardoso,Bella Camargo
Brenda Vasconcelos,B,22/02/2000,Fogaca,MT,09/06/2022,06/06/2032,16.616.132-6,PC,SP,291.830.476-03,63311588748,B,Joao Guilherme Garcia,Ayla Nunes,Brenda Vasconcelos
Larissa Pires,B,15/07/1991,Siqueira,SE,28/08/2021,26/08/2031,60.176.457-9,SSP,SP,360.152.874-62,57643298960,B,Dr. Luiz Miguel Pereira,Gabriela Fernandes,Larissa Pires
Sra. Anna Liz Guerra,C,11/09/1945,Cirino de Camargo,MA,30/04/2023,27/04/2033,18.428.231-8,IIRGD,RS,219.743.580-97,87296215675,C,Fernando Cassiano,Eloah Moura,Sra. Anna Liz Guerra
Dra. Clarice Goncalves,C,07/07/1998,Casa Grande,MG,10/08/2019,07/08/2029,30.248.975-1,SSP,MA,126.975.304-52,85143927648,C,Augusto Sa,Nicole Oliveira,Dra. Clarice Goncalves
Isabela Freitas,D,31/07/1987,Casa Grande da Serra,TO,27/12/2019,24/12/2029,96.351.421-0,IPF,DF,938.462.501-98,82742408277,D,Augusto da Cruz,Marcela Jesus,Isabela Freitas
Antonella Carvalho,E,21/08/1950,Machado,PB,30/07/2017,28/07/2027,33.100.475-0,PC,GO,120.469.573-34,02807985393,E,Caio Vieira,Maria Laura Abreu,Antonella Carvalho
Bernardo Moreira,E,13/09/1955,Monteiro das Flores,AM,03/06/2023,31/05/2033,66.776.199-2,DETRAN,SC,961.572.438-64,16240143392,E,Pedro Henrique Vargas,Bianca Souza,Bernardo Moreira
Sra. Eloa Oliveira,A,05/01/1965,Mendonca,RR,11/10/2016,09/10/2026,78.683.194-1,IFP,RO,452.961.087-01,97881162755,A,Isaque Martins,Eduarda Novaes,Sra. Eloa Oliveira
Calebe Lima,D,29/10/1982,Souza,ES,29/03/2017,27/03/2027,82.474.379-1,SSP,RJ,541.879.632-19,22408328428,D,Luiz Fernando Machado,Mirella Fonseca,Calebe Lima
Alice Fonseca,E,06/09/1947,Aparecida,PB,16/04/2019,13/04/2029,66.262.747-1,DETRAN,AP,025.468.913-24,69423166996,E,Matheus Vieira,Julia Rocha,Alice Fonseca
Sophie Silveira,A,24/08/1965,Vasconcelos de Goias,MA,04/01/2017,02/01/2027,38.665.826-1,DETRAN,RN,529.137.406-34,28724473916,A,Noah Freitas,Ana Livia Teixeira,Sophie Silveira
Isabelly Fernandes,D,31/12/1981,da Cunha,ES,16/11/2018,13/11/2028,73.236.509-0,IIRGD,PA,390.176.482-87,53257273503,D,Vinicius Macedo,Stella Araujo,Isabelly Fernandes
Agatha Borges,E,17/04/1991,Duarte,TO,15/11/2020,13/11/2030,19.951.880-3,PC,PE,904.516.738-75,80283245137,E,Joao Oliveira,Larissa Vasconcelos,Agatha Borges
Lais da Luz,C,08/03/1954,Siqueira,MS,02/03/2017,28/02/2027,19.921.564-6,SSP,SP,310.964.728-13,57563798407,C,Calebe Moreira,Beatriz Casa Grande,Lais da Luz
Lucca Campos,E,15/04/1980,Martins das Flores,AM,02/06/2022,30/05/2032,55.118.933-2,IFP,MA,871.946.023-69,93830228786,E,Eduardo Casa Grande,Ana Luiza Nogueira,Lucca Campos
Theodoro Vargas,C,06/08/1974,Abreu,PA,09/04/2016,07/04/2026,67.887.836-1,IIRGD,DF,345.721.690-80,23612633638,C,Bruno Alves,Maria Dias,Theodoro Vargas
Vitor Barros,A,09/08/1960,Pastor,PI,11/12/2016,09/12/2026,92.136.746-6,PC,MS,402.198.367-87,85639163039,A,Daniel Mendonca,Lavinia Gomes,Vitor Barros
Sr. Joao Pedro Moraes,A,17/12/2002,da Cruz Grande,SP,18/10/2018,15/10/2028,61.649.361-1,PC,RJ,741.530.982-05,35946512559,A,Ravi Lucca Teixeira,Eloah Camara,Sr. Joao Pedro Moraes
Anthony Gabriel da Costa,D,11/01/1992,Carvalho,SE,16/09/2016,14/09/2026,82.248.823-1,IFP,RJ,947.215.360-70,80013777555,D,Brayan Sampaio,Isabel Cavalcante,Anthony Gabriel da Costa
Isabelly Cavalcanti,B,16/08/1954,da Paz,GO,09/05/2024,07/05/2034,64.707.887-3,DETRAN,BA,132.078.645-62,91927077507,B,Calebe Leao,Sra. Ana Beatriz Fonseca,Isabelly Cavalcanti
Jade Goncalves,D,22/12/1947,Vasconcelos,AP,14/03/2024,12/03/2034,98.588.433-8,PC,MT,429.173.806-40,25989468592,D,Davi Luiz Macedo,Dra. Emanuella Sa,Jade Goncalves
Dra. Alice da Rosa,C,25/06/1962,da Cruz,AM,10/06/2024,08/06/2034,98.976.331-1,DETRAN,RS,642.518.379-91,52066871318,C,Dr. Dom Ribeiro,Bella Campos,Dra. Alice da Rosa
Gabrielly Fonseca,A,08/11/1948,Costa das Flores,RO,03/07/2021,01/07/2031,51.388.551-2,SSP,MA,249.651.708-49,49244943955,A,Anthony Gabriel Teixeira,Maya Silva,Gabrielly Fonseca
Ian Abreu,A,18/12/1953,Nunes,PB,14/03/2023,11/03/2033,92.615.101-9,PC,CE,654.908.127-02,19432499897,A,Jose Miguel Abreu,Agatha Nascimento,Ian Abreu
Arthur Miguel Cassiano,D,14/04/1985,Vargas do Campo,BA,10/01/2023,07/01/2033,50.891.149-6,IFP,PI,982.075.631-68,67912614456,D,Renan Cassiano,Luara da Cruz,Arthur Miguel Cassiano
Nicolas Melo,B,06/10/1966,Silva Alegre,RN,09/01/2022,07/01/2032,97.179.902-3,IIRGD,AC,103.269.478-50,29424555930,B,Diego Abreu,Isadora Cunha,Nicolas Melo
Joao Felipe Souza,A,05/11/1983,Garcia,ES,09/12/2020,07/12/2030,49.885.757-5,IFP,DF,398.561.470-93,23324721304,A,Benjamin Barbosa,Fernanda Nascimento,Joao Felipe Souza
Srta. Sofia Goncalves,E,13/01/2001,Freitas de Minas,SC,28/09/2019,25/09/2029,19.521.492-8,IPF,PE,687.143.952-82,60914830726,E,Lucas Cavalcante,Liz Cirino,Srta. Sofia Goncalves
Bianca Viana,E,16/10/1989,Araujo do Campo,MS,10/09/2021,08/09/2031,12.869.618-9,SSP,MG,831.456.709-48,83395549470,E,Dante Pires,Elisa Pimenta,Bianca Viana
Maria Costa,D,21/04/1950,Dias de Nunes,TO,13/05/2019,10/05/2029,16.350.762-2,PC,PI,241.608.953-60,40492353796,D,Gael Henrique Camargo,Hadassa Porto,Maria Costa
Ana Carolina Fonseca,A,15/05/1975,Lima da Serra,MT,02/01/2023,30/12/2032,31.653.338-3,SSP,PA,276.183.945-55,17023508386,A,Luiz Felipe Aragao,Maria Cecilia Campos,Ana Carolina Fonseca
Joao Vitor Lopes,E,08/06/1994,Melo das Flores,SC,17/07/2018,14/07/2028,59.525.852-3,SSP,ES,536.410.279-34,17628410795,E,Igor Mendes,Ana Livia Jesus,Joao Vitor Lopes
Srta. Mirella Gomes,A,02/02/1980,Correia da Praia,MA,29/08/2022,26/08/2032,61.896.190-2,IPF,PE,506.714.328-26,75877834776,A,Sr. Luiz Henrique Siqueira,Sarah da Costa,Srta. Mirella Gomes
Gabriel Aragao,A,27/12/1944,da Conceicao,RN,04/11/2018,01/11/2028,15.399.220-7,SSP,MA,963.148.527-73,93809884470,A,Benicio Cirino,Luiza Ribeiro,Gabriel Aragao
Eduarda Camara,B,14/02/1981,Caldeira da Prata,MG,05/06/2022,02/06/2032,67.887.260-1,IIRGD,AM,593.601.827-02,07710745673,B,Rafael Barbosa,Bruna Camargo,Eduarda Camara
Eduarda Carvalho,E,04/01/1952,da Rocha de Ramos,BA,02/08/2024,31/07/2034,62.179.436-1,DETRAN,ES,410.329.867-78,78251162550,E,Juan Sales,Manuella Camara,Eduarda Carvalho
Caua Sales,B,09/12/1947,Mendes da Prata,AP,21/06/2018,18/06/2028,74.437.659-3,DETRAN,ES,791.024.563-70,08368873894,B,Matheus Almeida,Maria Liz Duarte,Caua Sales
Mateus Moura,D,14/03/1975,Melo,RO,16/06/2018,13/06/2028,49.586.124-0,SSP,BA,319.046.728-50,60164247636,D,Vinicius Peixoto,Giovanna Rodrigues,Mateus Moura
Luna da Mota,A,11/08/1955,da Mata,ES,25/07/2018,22/07/2028,29.667.536-5,PC,PA,438.601.592-24,70020762657,A,Yago Silveira,Srta. Aylla Novaes,Luna da Mota
Mariah Sampaio,D,18/05/1998,Araujo do Sul,DF,01/04/2016,30/03/2026,19.763.970-2,IFP,SE,518.672.094-11,81642835213,D,Benicio Ramos,Emilly Pires,Mariah Sampaio
Isadora Souza,B,29/08/2007,Camargo de Vieira,GO,23/10/2016,21/10/2026,30.354.298-7,SSP,RO,250.947.168-67,86356059929,B,Bento Lima,Maria Duarte,Isadora Souza
Dr. Jose Pedro Peixoto,D,05/02/1999,Moreira,AP,15/09/2017,13/09/2027,10.256.529-8,IIRGD,MG,135.608.249-15,71705807605,D,Theo Pastor,Julia Peixoto,Dr. Jose Pedro Peixoto
Leo Cavalcanti,E,19/11/1990,Casa Grande,MG,17/02/2017,15/02/2027,29.528.236-1,IPF,PE,957.402.681-76,14692645775,E,Josue Camara,Marcela Cavalcanti,Leo Cavalcanti
Ana Carolina da Rocha,C,16/08/1950,da Cunha de Rodrigues,SC,02/08/2022,30/07/2032,78.968.520-5,IFP,RJ,704.812.935-23,11124631888,C,Jose Miguel Souza,Srta. Maria Flor Moraes,Ana Carolina da Rocha
Luiz Felipe Cassiano,B,12/06/1949,Almeida da Mata,AP,27/05/2024,25/05/2034,51.287.460-3,IFP,PI,435.819.620-98,84630032591,B,Ravi Lucca Jesus,Stephany Goncalves,Luiz Felipe Cassiano
Ayla Macedo,A,24/04/2004,Silveira de Goias,BA,07/01/2019,04/01/2029,81.919.495-9,IPF,GO,763.014.852-62,93419216315,A,Dr. Igor Farias,Carolina Farias,Ayla Macedo
Thomas Goncalves,B,27/10/2001,Nunes Paulista,PA,03/09/2019,31/08/2029,82.753.173-5,IIRGD,TO,346.897.205-92,14934094061,B,Vicente Ramos,Hellena das Neves,Thomas Goncalves
Ester Nogueira,D,06/09/1956,Ramos de Goias,MG,10/04/2023,07/04/2033,20.724.833-2,IPF,MG,092.781.346-78,31081292248,D,Joao Pedro da Conceicao,Agatha Siqueira,Ester Nogueira
Ana Laura Cirino,A,16/09/1977,Monteiro da Mata,CE,27/08/2022,24/08/2032,35.249.661-4,IIRGD,AM,304.519.287-41,50745677243,A,Murilo Cavalcanti,Sra. Barbara Teixeira,Ana Laura Cirino
Danilo Leao,C,08/08/1989,Fonseca das Pedras,GO,01/10/2020,29/09/2030,94.957.877-7,IFP,RJ,720.354.196-70,47240454782,C,Samuel Souza,Emilly da Paz,Danilo Leao
Sra. Isis Siqueira,B,25/04/1957,da Conceicao do Campo,GO,22/08/2020,20/08/2030,36.296.384-5,DETRAN,CE,180.629.547-49,85256432595,B,Arthur Miguel Silveira,Bruna Correia,Sra. Isis Siqueira
Ana Clara Oliveira,C,09/12/2003,Sampaio,DF,25/03/2022,22/03/2032,72.580.992-3,IIRGD,PB,501.692.874-67,11840460607,C,Bernardo Sa,Sra. Eloah Guerra,Ana Clara Oliveira
Cecilia Ferreira,A,23/09/1985,Alves Verde,CE,09/05/2016,07/05/2026,80.747.641-7,DETRAN,CE,725.014.869-94,64477564165,A,Isaac da Costa,Isabel Garcia,Cecilia Ferreira
Dr. Arthur Miguel Moraes,E,24/06/1981,Duarte,ES,21/09/2018,18/09/2028,15.888.437-0,IFP,SP,639.481.257-91,82773059403,E,Alexandre Cassiano,Stephany Siqueira,Dr. Arthur Miguel Moraes
Stephany Mendonca,B,02/11/1975,Sales,BA,08/09/2018,05/09/2028,57.168.668-9,SSP,PB,296.053.718-12,05612707136,B,Yuri Pacheco,Catarina Vieira,Stephany Mendonca
Emilly Pereira,A,27/02/2002,Borges,ES,22/08/2021,20/08/2031,69.442.695-6,PC,ES,356.240.781-53,72374345110,A,Sr. Nathan Sousa,Isabela Borges,Emilly Pereira
Daniel Moreira,E,18/10/1964,Garcia,ES,18/05/2017,16/05/2027,83.173.722-5,DETRAN,RR,531.897.460-01,46039360329,E,Pedro Henrique Azevedo,Maria Eduarda Marques,Daniel Moreira
Livia Rios,E,02/09/1969,Pires de Cunha,PA,23/01/2020,20/01/2030,77.550.845-8,IIRGD,ES,123.658.947-55,93045349593,E,Ravy Albuquerque,Isadora da Cruz,Livia Rios
Agatha Moura,C,07/03/1962,Teixeira,PA,11/12/2023,08/12/2033,32.418.366-9,IIRGD,PE,278.930.564-10,48266689600,C,Dr. Theo Vargas,Julia Machado,Agatha Moura
Murilo Rodrigues,B,04/10/1993,Campos dos Dourados,SE,11/10/2021,09/10/2031,72.933.828-7,SSP,RN,312.794.805-05,59231951526,B,Daniel Correia,Natalia Cavalcante,Murilo Rodrigues
Ana Vitoria Costela,C,11/08/1967,Aragao de Pimenta,SE,08/04/2018,05/04/2028,88.173.725-6,IPF,SP,915.780.263-77,77491946863,C,Levi Azevedo,Luara Nogueira,Ana Vitoria Costela
Isadora da Conceicao,B,16/02/1994,Pimenta da Serra,RR,29/02/2016,26/02/2026,12.313.248-3,IFP,MS,385.649.107-48,85062686577,B,Dr. Joao Pedro Macedo,Julia Farias,Isadora da Conceicao
Joana Pimenta,B,01/04/1997,Teixeira,RS,30/12/2023,27/12/2033,33.658.495-1,SSP,TO,489.215.367-28,91781459126,B,Samuel Macedo,Olivia Porto,Joana Pimenta
Luiz Felipe Vasconcelos,C,16/07/2004,Pastor Verde,CE,21/03/2020,19/03/2030,74.233.449-9,IIRGD,PE,831.605.947-93,70232808423,C,Luiz Otavio Monteiro,Srta. Maria Luisa Ramos,Luiz Felipe Vasconcelos
Bento Moreira,D,01/10/1970,Sa de Goias,DF,27/09/2020,25/09/2030,55.554.325-9,PC,GO,397.016.284-03,53201419718,D,Arthur Gabriel Leao,Luisa da Costa,Bento Moreira
Dra. Heloisa Vieira,C,30/05/1951,Azevedo,DF,30/10/2017,28/10/2027,97.289.881-9,IPF,RS,018.632.759-59,21579052834,C,Theo Teixeira,Bruna da Cunha,Dra. Heloisa Vieira
Dr. Noah da Cruz,B,28/03/1953,Azevedo,MT,21/09/2020,19/09/2030,50.529.201-5,DETRAN,RS,374.821.905-97,98872565984,B,Caue Moura,Raquel Castro,Dr. Noah da Cruz
Diego da Paz,C,09/11/1984,Fernandes do Norte,AP,16/12/2017,14/12/2027,61.897.489-6,IIRGD,AM,460.512.738-08,03259953772,C,Valentim Moura,Luisa Vieira,Diego da Paz
Dr. Rodrigo Campos,A,13/04/1994,Lima de Borges,PA,25/03/2022,22/03/2032,36.678.509-6,IPF,SP,658.239.740-00,62977438856,A,Levi Aparecida,Isabella da Cunha,Dr. Rodrigo Campos
Gabriel Cavalcanti,C,20/06/1957,da Cunha,RN,28/06/2023,25/06/2033,54.961.956-0,PC,RJ,524.169.783-73,06787199384,C,Sr. Davi Luiz Vargas,Emanuella da Rosa,Gabriel Cavalcanti
Bryan Almeida,B,19/09/2003,Cunha das Pedras,PI,12/09/2020,10/09/2030,81.730.226-1,IPF,RJ,946.157.230-16,60578446199,B,Arthur Gabriel Sales,Melina Araujo,Bryan Almeida
Felipe Cavalcante,E,09/07/1971,Freitas do Norte,GO,21/06/2019,18/06/2029,40.433.279-8,PC,PI,185.940.276-30,33601626110,E,Kaique Macedo,Ana Carolina Macedo,Felipe Cavalcante
Felipe Sa,D,09/06/1981,Azevedo de Porto,SC,05/02/2016,02/02/2026,49.282.201-5,PC,RN,980.176.542-94,18727344590,D,Ryan Alves,Mariane Peixoto,Felipe Sa
Vinicius Moura,C,09/06/1953,das Neves dos Dourados,ES,18/09/2024,16/09/2034,10.205.844-4,PC,RR,859.041.723-97,97707016471,C,Theodoro Alves,Manuella Cassiano,Vinicius Moura
Francisco Vieira,B,07/03/1979,Aparecida do Sul,TO,24/12/2015,21/12/2025,33.239.313-9,IPF,SP,431.687.905-75,42961092113,B,Thiago Andrade,Stephany Machado,Francisco Vieira
Ana Liz Fernandes,C,20/11/1995,da Cunha,MT,31/07/2016,29/07/2026,44.131.225-8,IFP,PE,067.213.548-53,02393237501,C,Joao Gabriel Pinto,Olivia Pinto,Ana Liz Fernandes
Isabela Vasconcelos,E,02/11/1953,Santos de Garcia,PE,09/02/2016,06/02/2026,46.680.218-1,SSP,SC,021.584.769-58,11470808276,E,Dr. Joaquim Garcia,Sra. Allana da Paz,Isabela Vasconcelos
Dra. Ana Julia Azevedo,A,10/05/2006,Nogueira,TO,02/07/2018,29/06/2028,93.272.407-7,IIRGD,MS,693.581.042-60,02267971174,A,Dr. Isaque Rezende,Hadassa Rocha,Dra. Ana Julia Azevedo
Julia Camargo,B,20/01/1967,Costela dos Dourados,PA,13/08/2019,10/08/2029,39.412.823-2,DETRAN,MG,271.435.096-80,46111145197,B,Dr. Pedro Miguel Costela,Gabriela Albuquerque,Julia Camargo
Srta. Sarah Freitas,C,23/05/2007,Lopes do Sul,RN,07/06/2024,05/06/2034,47.114.389-5,DETRAN,PR,041.329.578-88,64152043769,C,Benjamin Rezende,Srta. Melina Machado,Srta. Sarah Freitas
Caroline da Paz,A,28/07/2007,Freitas,MA,30/06/2018,27/06/2028,47.435.374-8,PC,PR,185.246.703-71,80109406212,A,Calebe Borges,Maria Cardoso,Caroline da Paz
Dra. Juliana Camargo,D,11/08/1980,Camara da Serra,PA,19/03/2020,17/03/2030,45.708.141-7,IFP,AP,169.430.852-98,89709682096,D,Vitor Hugo Pacheco,Sarah Mendonca,Dra. Juliana Camargo
Dra. Ana Julia Peixoto,A,30/07/2007,Pereira do Campo,SP,04/09/2019,01/09/2029,91.916.272-9,IIRGD,RS,549.731.628-09,70879625757,A,Benjamin das Neves,Srta. Evelyn Borges,Dra. Ana Julia Peixoto
Ana Luiza Araujo,B,07/12/1967,Cavalcante,AL,23/01/2016,20/01/2026,32.632.277-3,DETRAN,TO,701.985.462-11,04114458633,B,Calebe Novais,Jade Sousa,Ana Luiza Araujo
Bryan Jesus,C,26/09/1945,da Cunha da Praia,PA,24/10/2020,22/10/2030,19.537.590-5,IPF,RN,258.037.496-56,34686253094,C,Dr. Theo da Cunha,Valentina Viana,Bryan Jesus
Nathan Cassiano,D,17/08/1989,Araujo,SE,11/09/2023,08/09/2033,54.607.987-9,PC,SC,467.290.513-61,85604334168,D,Vitor Costa,Melina Aparecida,Nathan Cassiano
Eduarda Ferreira,D,13/07/2007,Lopes do Norte,PR,22/02/2022,20/02/2032,26.250.629-6,IPF,BA,462.175.098-49,80324746585,D,Dr. Pietro Moura,Rafaela Cunha,Eduarda Ferreira
Stella Fogaca,B,03/07/1953,Albuquerque,RS,04/09/2018,01/09/2028,28.388.836-0,DETRAN,AL,307.491.865-93,82189790354,B,Otavio Pinto,Maria Laura Andrade,Stella Fogaca
Dr. Otavio Cardoso,C,22/03/1986,Cassiano,RS,13/02/2016,10/02/2026,83.923.358-1,IFP,SC,587.916.304-01,07236155400,C,Luiz Otavio Azevedo,Ana Julia Rodrigues,Dr. Otavio Cardoso
Lorena Goncalves,A,04/09/2004,Almeida do Oeste,DF,24/11/2022,21/11/2032,31.380.879-8,DETRAN,CE,374.126.905-07,32573045237,A,Jose Fogaca,Allana Ramos,Lorena Goncalves
Isabel Almeida,E,11/05/1991,Azevedo Grande,PA,25/12/2018,22/12/2028,73.687.656-7,IIRGD,PI,690.237.415-52,02470546647,E,Joao Novais,Eduarda da Luz,Isabel Almeida
Marcela Novaes,C,12/10/1957,Ribeiro Alegre,SC,18/08/2021,16/08/2031,12.808.407-9,IFP,MA,481.765.902-58,33132666820,C,Sr. Davi Miguel Porto,Bruna da Luz,Marcela Novaes
Sra. Maria Alice Lima,B,09/03/1973,Martins do Amparo,CE,18/07/2016,16/07/2026,11.638.469-0,IIRGD,MG,268.059.743-56,48365469170,B,Pedro Sousa,Maria Laura Farias,Sra. Maria Alice Lima
Dr. Arthur Miguel Garcia,C,24/05/1988,Guerra,TO,31/12/2019,28/12/2029,68.922.153-0,SSP,PI,640.372.591-25,20886201959,C,Dr. Thiago Moraes,Lunna Montenegro,Dr. Arthur Miguel Garcia
Sara Albuquerque,A,09/11/1972,Sa do Galho,SP,13/02/2019,10/02/2029,98.141.462-1,IFP,PB,592.481.306-15,45503052156,A,Felipe da Rosa,Isadora Martins,Sara Albuquerque
Ravy Vasconcelos,D,13/04/1960,Fogaca,SP,21/06/2016,19/06/2026,51.665.837-0,PC,AC,594.632.087-47,88477639924,D,Antony Silva,Amanda Rios,Ravy Vasconcelos
Benicio Vieira,C,07/03/1955,Araujo,BA,25/01/2020,22/01/2030,55.866.779-7,SSP,SE,621.408.735-80,22491101452,C,Leo Cardoso,Maria Eduarda Duarte,Benicio Vieira
Luiz Gustavo Castro,D,16/04/1995,da Luz Paulista,RO,07/03/2019,04/03/2029,45.504.523-1,IFP,ES,746.091.538-66,27735968194,D,Lucas Gabriel Azevedo,Srta. Rebeca Cavalcanti,Luiz Gustavo Castro
Srta. Alexia Pimenta,B,28/01/1985,Sampaio,RR,23/09/2016,21/09/2026,90.880.846-3,IIRGD,TO,217.965.480-49,86899655891,B,Gabriel Azevedo,Mariah Pastor,Srta. Alexia Pimenta
Vitor Gabriel Nogueira,A,30/01/1992,Azevedo,SP,20/12/2023,17/12/2033,83.916.917-6,DETRAN,PR,327.869.540-29,69542854618,A,Dr. Igor Moura,Manuella Sampaio,Vitor Gabriel Nogueira
Miguel Camara,C,21/02/1958,da Mata das Flores,PA,12/12/2017,10/12/2027,46.900.627-0,IPF,MS,738.059.462-10,03281416752,C,Joao da Paz,Isabelly Monteiro,Miguel Camara
Kaique Rios,D,16/04/1991,Sousa,RO,09/04/2019,06/04/2029,50.145.262-1,SSP,SE,029.184.367-04,02265854420,D,Thomas Pinto,Beatriz Rodrigues,Kaique Rios
Mariah Rezende,C,04/01/1962,Correia,MG,10/04/2016,08/04/2026,11.672.598-8,IFP,RR,579.386.014-20,98089496992,C,Mathias Freitas,Maria Julia Vasconcelos,Mariah Rezende
Alexia da Rosa,D,04/04/1973,Rocha das Pedras,PE,07/04/2021,05/04/2031,98.989.389-6,IPF,GO,086.417.539-66,45852049486,D,Erick Borges,Camila Aragao,Alexia da Rosa
Benjamim das Neves,A,05/04/1973,da Costa de Nunes,RJ,06/10/2017,04/10/2027,69.875.986-1,DETRAN,RJ,270.193.854-60,52946117004,A,Luigi Sa,Camila Machado,Benjamim das Neves
Maria Vitoria Gomes,B,07/04/1995,Cardoso,PB,05/06/2018,02/06/2028,18.570.393-1,DETRAN,ES,129.375.460-99,06389781524,B,Matheus Guerra,Liz Lopes,Maria Vitoria Gomes
Luigi Nascimento,E,23/06/1977,Gomes,TO,21/08/2022,18/08/2032,49.302.250-0,SSP,MA,624.173.905-07,98748316989,E,Asafe Sousa,Dra. Gabrielly Rezende,Luigi Nascimento
Eduardo Jesus,D,18/05/1970,Freitas,DF,30/11/2021,28/11/2031,50.432.591-9,IIRGD,SP,387.462.091-31,92869242433,D,Danilo Camargo,Fernanda Goncalves,Eduardo Jesus
Pedro Lucas Nunes,D,26/02/1996,Vieira Paulista,PI,11/07/2024,09/07/2034,74.282.580-0,IFP,AC,849.712.530-41,63556646017,D,Jose Miguel Garcia,Dra. Nina da Luz,Pedro Lucas Nunes
Dr. Gustavo Henrique Alves,D,01/07/1971,Campos da Serra,RS,31/01/2023,28/01/2033,46.913.376-4,IFP,RR,186.475.320-07,42180658014,D,Sr. Jose Pedro Pacheco,Agatha Souza,Dr. Gustavo Henrique Alves
Davi Lucca Albuquerque,A,20/03/1951,da Costa de Rodrigues,GO,04/08/2024,02/08/2034,16.256.831-6,IIRGD,AC,508.461.273-26,28434804382,A,Luiz Gustavo Rezende,Melissa Moreira,Davi Lucca Albuquerque
Enzo Gabriel da Paz,A,08/08/1986,Barros,GO,10/11/2019,07/11/2029,67.100.217-2,IPF,PE,679.204.538-10,83450644701,A,Dr. Henry Souza,Antonella Mendonca,Enzo Gabriel da Paz
Vitor Gabriel Rezende,E,25/09/1986,Rodrigues Verde,BA,18/08/2023,15/08/2033,14.975.820-4,IIRGD,GO,470.938.516-57,68232268980,E,Antonio Cassiano,Julia Aragao,Vitor Gabriel Rezende
Sophia Casa Grande,D,07/05/1951,Caldeira,TO,10/02/2018,08/02/2028,42.689.299-6,DETRAN,CE,946.573.081-57,53578150000,D,Sr. Joao Vitor Moraes,Alana Sa,Sophia Casa Grande
Kevin Castro,A,21/08/1963,da Mata,PB,16/03/2022,13/03/2032,14.558.539-2,SSP,TO,563.971.240-61,06108589301,A,Dante Pastor,Maria Julia Nunes,Kevin Castro
Isaac Cavalcante,D,22/11/1987,da Mota de Goias,PA,22/07/2024,20/07/2034,12.795.757-9,PC,MA,701.356.982-86,02501741435,D,Enzo da Rocha,Kamilly Fernandes,Isaac Cavalcante
Vitor Gabriel Novais,C,21/02/1962,Nascimento,SC,24/09/2022,21/09/2032,12.174.727-7,SSP,RJ,590.473.216-34,80759474966,C,Vinicius Farias,Sra. Lara Costela,Vitor Gabriel Novais
Enzo Gabriel das Neves,B,03/07/1956,Novaes,MA,16/01/2019,13/01/2029,96.617.678-4,SSP,PA,902.437.861-31,03391189668,B,Renan Souza,Dra. Daniela Melo,Enzo Gabriel das Neves
Joao Pedro Vasconcelos,B,08/11/1998,Brito Paulista,RN,09/04/2022,06/04/2032,75.419.694-7,SSP,MS,723.915.468-82,96328710073,B,Dr. Heitor Fernandes,Maria Eduarda das Neves,Joao Pedro Vasconcelos
Dr. Oliver da Luz,E,29/01/1965,Gomes do Amparo,AC,21/01/2018,19/01/2028,45.632.246-0,IPF,PA,568.403.712-71,87720724281,E,Dr. Marcelo Andrade,Daniela Ribeiro,Dr. Oliver da Luz
Dr. Dom Casa Grande,A,15/04/1992,Albuquerque de Marques,RO,07/08/2020,05/08/2030,54.174.279-6,PC,AM,761.593.408-75,84031288077,A,Samuel Leao,Maria Laura Ramos,Dr. Dom Casa Grande
Joao Vitor Costa,E,02/01/1995,Araujo de Goias,SC,17/01/2019,14/01/2029,10.932.280-6,SSP,RR,793.158.620-40,01831518565,E,Yuri Cavalcanti,Daniela das Neves,Joao Vitor Costa
Nathan Fernandes,B,02/10/1963,Farias,AL,02/11/2017,31/10/2027,47.863.200-7,SSP,RJ,127.456.380-17,16886483948,B,Rael Vieira,Alicia Nunes,Nathan Fernandes
Ana Peixoto,E,20/05/2004,Moraes,RR,31/10/2019,28/10/2029,63.641.978-8,IFP,BA,219.738.560-77,12999969933,E,Emanuel Santos,Nicole Rocha,Ana Peixoto
Matheus Brito,D,13/03/1991,da Cunha,GO,03/10/2016,01/10/2026,28.108.707-5,IIRGD,AM,963.428.751-46,51039520742,D,Samuel Fonseca,Lais Cirino,Matheus Brito
Bento Sa,A,04/03/2007,Mendes Paulista,RO,21/12/2019,18/12/2029,84.846.606-2,IPF,AL,023.965.781-03,79583253813,A,Diogo Casa Grande,Srta. Maria Laura Pimenta,Bento Sa
Theo Ferreira,B,02/10/1972,Santos,MG,23/09/2023,20/09/2033,11.528.100-1,PC,PE,358.602.179-86,86569342174,B,Jose Pedro Pinto,Emanuelly da Costa,Theo Ferreira
Ravy Campos,D,07/06/1952,Barbosa do Norte,ES,27/05/2024,25/05/2034,85.187.122-2,IIRGD,PR,042.783.651-44,40416509115,D,Dr. Isaque Novais,Maria Julia Novais,Ravy Campos
Dr. Vinicius Cavalcante,B,08/12/1948,Pacheco das Pedras,MA,29/07/2017,27/07/2027,74.443.986-7,DETRAN,RJ,379.481.056-20,91094398593,B,Davi Ribeiro,Dra. Ayla Aparecida,Dr. Vinicius Cavalcante
Kamilly da Cunha,D,28/07/1954,Leao do Galho,AP,16/09/2022,13/09/2032,61.519.620-0,IFP,MA,841.025.976-11,90047240022,D,Caue Camargo,Stella Macedo,Kamilly da Cunha
Noah Correia,B,15/06/1972,Abreu,PB,29/07/2020,27/07/2030,34.726.594-8,DETRAN,RJ,084.679.123-40,51231322160,B,Davi Lucca Dias,Ana Liz Campos,Noah Correia
Giovanna Silveira,B,02/02/1990,Campos,SP,02/07/2022,29/06/2032,81.178.195-8,PC,AM,705.482.961-11,34511823799,B,Ryan Porto,Lunna Cunha,Giovanna Silveira
Luiz Felipe Cavalcanti,E,15/06/1988,Pinto da Mata,SE,05/06/2021,03/06/2031,78.555.891-0,IFP,AC,354.829.067-10,00129787112,E,Asafe Correia,Srta. Ana Cecilia Novaes,Luiz Felipe Cavalcanti
Enzo Gabriel Pacheco,B,18/01/1945,Pimenta Paulista,RN,03/05/2016,01/05/2026,73.216.222-2,IIRGD,PR,519.807.263-02,15811528646,B,Leandro Carvalho,Leticia Ribeiro,Enzo Gabriel Pacheco
Dra. Vitoria Montenegro,A,30/08/2003,Mendonca,SE,23/03/2018,20/03/2028,43.982.462-3,DETRAN,BA,601.783.249-22,68570290889,A,Theodoro Pastor,Mariane Moura,Dra. Vitoria Montenegro
Gustavo Henrique Macedo,D,27/07/2003,Peixoto,MS,16/11/2017,14/11/2027,66.515.297-6,IFP,MS,238.451.760-08,46835795612,D,Ryan Ribeiro,Luna da Conceicao,Gustavo Henrique Macedo
Hadassa Silva,E,17/01/2004,Peixoto,RN,16/05/2024,14/05/2034,22.159.202-9,IIRGD,RN,075.493.216-80,29290648895,E,Pedro Henrique Nogueira,Maria Isis Siqueira,Hadassa Silva
Sra. Ana Julia Borges,A,03/08/1956,Lima,PB,12/06/2024,10/06/2034,92.806.739-9,IFP,SE,395.781.260-77,12884671457,A,Antonio Caldeira,Gabrielly Albuquerque,Sra. Ana Julia Borges
Isabela Costela,A,02/09/1961,Campos,PB,24/02/2018,22/02/2028,12.199.455-1,IPF,SP,084.273.195-41,97640437902,A,Leo Barros,Livia Almeida,Isabela Costela
Sra. Ayla Costela,C,26/05/2003,Pacheco,AL,12/12/2020,10/12/2030,52.590.524-6,IPF,TO,274.058.639-65,08987869347,C,Vicente Farias,Agatha Lima,Sra. Ayla Costela
Luiza Teixeira,B,02/08/1966,Pimenta da Praia,MA,27/09/2022,24/09/2032,70.470.778-9,IIRGD,RS,304.956.781-39,85644600546,B,Yago Leao,Isabella Brito,Luiza Teixeira
Andre Rios,C,15/07/1985,das Neves,PR,17/09/2016,15/09/2026,72.478.369-9,IPF,AM,157.846.923-64,33845291139,C,Diego Silveira,Lorena Cirino,Andre Rios
Anna Liz Siqueira,D,17/10/2006,Gomes das Flores,RS,18/04/2024,16/04/2034,15.347.843-8,IIRGD,AP,659.874.103-39,54593227403,D,Sr. Carlos Eduardo Mendes,Maria Isis da Cruz,Anna Liz Siqueira
Joao Guilherme Ramos,A,24/11/1990,Costela,SE,17/06/2018,14/06/2028,30.788.480-5,SSP,TO,091.278.543-88,46574911586,A,Otavio Souza,Sra. Alana Pimenta,Joao Guilherme Ramos
Dra. Pietra Sampaio,B,24/12/1976,Novaes,MG,30/09/2016,28/09/2026,83.200.213-2,PC,MS,809.712.563-30,37220412082,B,Luiz Otavio Sousa,Bianca Nunes,Dra. Pietra Sampaio
Alana Ramos,C,03/09/2003,da Conceicao do Amparo,AL,25/02/2021,23/02/2031,46.252.662-9,SSP,PB,198.234.570-50,03961875314,C,Joao Miguel Pimenta,Srta. Manuella Abreu,Alana Ramos
Juan Rezende,B,15/09/1988,Cavalcanti,RJ,07/12/2016,05/12/2026,67.108.406-6,IIRGD,AP,849.732.506-00,87646305148,B,Joao Miguel da Conceicao,Ana Liz Albuquerque,Juan Rezende
Agatha da Paz,C,29/09/1961,Cavalcante,RO,29/07/2024,27/07/2034,86.831.881-3,IIRGD,SP,602.457.819-94,14122607594,C,Nathan Moraes,Hellena Barros,Agatha da Paz
Maria Fernanda Macedo,D,08/12/1947,Caldeira de Minas,PA,02/01/2023,30/12/2032,84.189.358-4,SSP,MG,528.390.746-56,64798836841,D,Guilherme Siqueira,Ana Sophia Aragao,Maria Fernanda Macedo
Dr. Apollo Jesus,C,02/08/1952,Vieira de Camargo,SC,28/12/2023,25/12/2033,93.152.532-4,IFP,SE,182.390.657-59,08796775769,C,Brayan Viana,Helena Moreira,Dr. Apollo Jesus
Carolina Alves,A,18/11/1952,Oliveira do Amparo,RS,11/03/2018,08/03/2028,75.855.908-7,PC,TO,296.478.305-56,46266601717,A,Dr. Arthur Gabriel da Conceicao,Bella Lopes,Carolina Alves
Vitoria Peixoto,B,30/05/1993,Cirino do Norte,CE,08/12/2017,06/12/2027,34.409.941-1,DETRAN,TO,193.584.270-60,44935458426,B,Matteo Fernandes,Olivia Porto,Vitoria Peixoto
Joao Gabriel Mendonca,B,10/01/1959,Cirino dos Dourados,PB,13/09/2020,11/09/2030,34.216.818-3,DETRAN,RJ,271.954.368-37,31050588535,B,Dr. Vinicius Aparecida,Eloah Teixeira,Joao Gabriel Mendonca
Lorena Santos,C,17/03/1962,Martins do Sul,AM,09/10/2017,07/10/2027,86.514.544-2,IIRGD,AL,573.412.086-35,83070891164,C,Noah Souza,Alice Azevedo,Lorena Santos
Isadora Marques,B,14/11/1947,Nunes da Prata,BA,17/03/2016,15/03/2026,63.138.668-6,SSP,BA,395.280.164-05,35756198798,B,Noah Pimenta,Nina Barros,Isadora Marques
Lavinia da Mota,B,05/01/1946,Oliveira das Pedras,AP,24/07/2022,21/07/2032,31.993.773-3,PC,PB,049.716.382-96,63741122447,B,Samuel Ferreira,Nicole da Paz,Lavinia da Mota
Dra. Sarah da Rocha,B,14/11/1984,da Cruz,RJ,18/04/2016,16/04/2026,75.179.332-9,IFP,BA,203.697.845-29,49108148627,B,Vinicius Pacheco,Sra. Esther da Cruz,Dra. Sarah da Rocha
Igor Fonseca,C,11/12/1966,Andrade,AM,28/01/2024,25/01/2034,58.396.528-7,IIRGD,SP,437.980.526-38,69111260289,C,Anthony Mendonca,Srta. Amanda Cassiano,Igor Fonseca
Davi Luiz Fonseca,D,12/02/1990,Machado,MS,13/07/2021,11/07/2031,38.152.576-5,IPF,SC,298.350.647-92,79289910133,D,Ravi Lucca Lima,Isis Fogaca,Davi Luiz Fonseca
Benicio Sousa,A,10/07/1999,Santos,CE,29/09/2024,27/09/2034,92.500.809-7,IIRGD,PI,980.526.317-77,49152688136,A,Lucca Brito,Esther Casa Grande,Benicio Sousa
Caue Vargas,C,14/07/1965,Montenegro,MT,18/10/2020,16/10/2030,53.836.173-0,SSP,RJ,345.081.729-97,29244678970,C,Mathias Pastor,Eloa Teixeira,Caue Vargas
Arthur Monteiro,A,23/06/1975,Sousa,CE,14/10/2020,12/10/2030,97.652.272-9,PC,DF,132.798.504-79,93012215743,A,Francisco Carvalho,Sara Mendes,Arthur Monteiro
Sr. Raul Machado,C,20/08/1987,Mendonca,AP,05/02/2020,02/02/2030,68.151.106-0,DETRAN,RO,845.913.267-64,27565245254,C,Lucca Azevedo,Maria Laura Novaes,Sr. Raul Machado
Gael Macedo,A,15/11/2005,da Paz de Santos,RR,18/04/2021,16/04/2031,67.311.481-5,DETRAN,PI,926.154.807-58,59125594875,A,Lucas Ramos,Nina Siqueira,Gael Macedo
Maria Fernanda Novais,D,20/03/1946,Goncalves,MG,15/11/2017,13/11/2027,90.395.620-7,IFP,ES,298.765.304-29,79202843337,D,Gustavo Rodrigues,Agatha Fernandes,Maria Fernanda Novais
Cecilia Nunes,C,04/07/1948,Costa,SP,08/03/2023,05/03/2033,75.394.488-2,SSP,PB,127.903.856-02,68719065298,C,Yuri Sousa,Stella Castro,Cecilia Nunes
Cecilia Goncalves,E,16/09/1989,Vieira,RJ,02/01/2019,30/12/2028,42.394.640-4,IFP,ES,610.593.728-86,04179077333,E,Antony Azevedo,Isadora Castro,Cecilia Goncalves
Olivia Viana,C,09/02/2001,Cassiano,MG,05/09/2024,03/09/2034,90.883.964-2,IFP,AL,763.895.210-30,82508048150,C,Dr. Yuri Moura,Dra. Heloisa Pinto,Olivia Viana
Felipe Pastor,D,06/05/1953,Pimenta Alegre,MS,05/07/2018,02/07/2028,90.176.566-9,DETRAN,PE,320.418.675-07,75914516207,D,Luan Garcia,Maria Laura Cunha,Felipe Pastor
Luiz Fernando Nascimento,E,05/01/1962,da Mata,PB,23/03/2018,20/03/2028,77.309.472-6,PC,RO,936.127.580-12,33447178437,E,Samuel da Luz,Dra. Raquel Teixeira,Luiz Fernando Nascimento
Caroline Lopes,C,30/10/1968,Guerra Grande,ES,23/05/2020,21/05/2030,79.247.301-1,PC,MG,815.329.407-50,92498570559,C,Dr. Noah Borges,Livia Andrade,Caroline Lopes
Dr. Brayan Lima,B,22/12/1946,Cavalcanti da Prata,BA,01/04/2018,29/03/2028,33.568.549-0,DETRAN,PB,056.234.917-07,25434544615,B,Gael Henrique Camara,Heloisa Brito,Dr. Brayan Lima
Maria Liz Rocha,A,11/09/1983,Cirino de Costa,RR,16/01/2018,14/01/2028,45.248.706-4,DETRAN,MS,182.076.593-86,92181573251,A,Juan Alves,Dra. Olivia Mendonca,Maria Liz Rocha
Yan da Rosa,B,25/03/1986,Cavalcanti,SP,05/06/2018,02/06/2028,62.278.949-7,IIRGD,RS,371.249.508-05,26312368903,B,Dr. Rhavi da Cruz,Lunna Correia,Yan da Rosa
Bryan Mendes,C,10/06/1955,Nunes Paulista,MS,18/08/2018,15/08/2028,74.412.507-3,IPF,AP,153.980.624-33,24247894839,C,Davi Lucca Marques,Maria Liz Rezende,Bryan Mendes
Sra. Isabelly da Conceicao,C,12/08/1985,Campos,AM,30/09/2022,27/09/2032,59.250.960-3,IFP,SP,763.154.980-00,59534834442,C,Apollo da Rosa,Joana Silva,Sra. Isabelly da Conceicao
Luara Castro,B,15/12/1979,da Rocha de Montenegro,ES,05/07/2022,02/07/2032,42.789.806-0,SSP,RS,643.987.501-93,19284658083,B,Sr. Otto da Costa,Srta. Gabriela Pastor,Luara Castro
Luiz Fernando Cassiano,C,08/04/1997,Ramos,SC,05/12/2017,03/12/2027,88.809.178-5,DETRAN,MA,165.408.397-66,62229460644,C,Theodoro Guerra,Sra. Maite da Rocha,Luiz Fernando Cassiano
Aylla Macedo,C,06/07/1981,Sales de da Costa,PR,19/05/2023,16/05/2033,39.890.963-7,DETRAN,PE,756.219.034-80,38669142022,C,Dr. Jose Pedro Abreu,Ana Julia Andrade,Aylla Macedo
Heitor das Neves,C,18/05/1950,Mendes,AM,07/01/2019,04/01/2029,52.527.167-5,IIRGD,DF,093.486.715-10,02268092606,C,Pietro Carvalho,Lara Vieira,Heitor das Neves
Nathan Pinto,E,25/08/1948,Freitas,MG,08/02/2024,05/02/2034,47.126.704-2,IFP,SC,580.276.493-74,50059561802,E,Yan Cavalcante,Sara das Neves,Nathan Pinto
Arthur da Mota,E,10/11/1961,Ramos,SC,21/01/2021,19/01/2031,95.111.330-5,IFP,PI,732.695.408-92,42275391981,E,Diego Monteiro,Lais Lima,Arthur da Mota
Dra. Beatriz Alves,B,17/05/1975,Ramos das Flores,MA,04/03/2016,02/03/2026,48.141.296-8,SSP,PR,074.683.952-92,41096942662,B,Rhavi Cavalcante,Caroline Costela,Dra. Beatriz Alves
Otto Sa,C,23/10/1946,Barbosa,MA,25/11/2016,23/11/2026,71.582.500-6,IIRGD,AL,143.058.296-06,95615857029,C,Dr. Joao Pedro Pastor,Allana Pires,Otto Sa
Ana Laura Barros,E,10/01/1989,Marques,RN,14/07/2018,11/07/2028,52.634.754-5,IFP,ES,237.094.651-25,42932309119,E,Davi Albuquerque,Marcela Pastor,Ana Laura Barros
Srta. Stella Cunha,E,29/05/2006,Fonseca da Prata,MG,05/02/2023,02/02/2033,61.320.341-3,PC,PR,319.647.508-57,66422175506,E,Otto Monteiro,Sra. Eloa Cassiano,Srta. Stella Cunha
Vitor Silveira,E,26/04/1965,Caldeira Verde,RJ,28/07/2024,26/07/2034,38.310.119-1,IFP,AM,021.859.743-60,78717114376,E,Dr. Leandro Siqueira,Ana Clara Teixeira,Vitor Silveira
Gabriela Costela,E,21/11/1948,Costa da Praia,BA,28/07/2024,26/07/2034,26.545.322-4,IIRGD,RR,341.586.029-98,03796899284,E,Carlos Eduardo da Rocha,Melissa Vieira,Gabriela Costela
Sra. Catarina Souza,C,13/02/1954,Rios do Campo,RJ,28/08/2019,25/08/2029,24.774.142-4,SSP,TO,916.307.284-03,66504156324,C,Igor Camargo,Maria Luiza da Conceicao,Sra. Catarina Souza
Rebeca Siqueira,D,16/04/2003,Andrade,PR,28/01/2023,25/01/2033,78.828.726-5,IFP,PE,219.857.603-12,91744479081,D,Pedro Henrique Lima,Ana Carolina da Paz,Rebeca Siqueira
Isabel Cavalcanti,D,20/01/1973,Cassiano,BA,27/10/2023,24/10/2033,79.121.527-9,PC,TO,869.431.752-46,89054292886,D,Leandro Cassiano,Vitoria Cassiano,Isabel Cavalcanti
Theo Santos,D,22/08/1994,Nogueira de Mendes,PR,02/01/2016,30/12/2025,78.324.193-6,IIRGD,AP,137.546.890-10,11197551952,D,Dr. Joaquim Mendonca,Ana Laura Duarte,Theo Santos
Joao Miguel Nunes,D,07/01/1967,Sampaio,RS,20/06/2023,17/06/2033,71.672.757-7,DETRAN,SP,463.158.907-84,34494527130,D,Jose Pedro Abreu,Camila Andrade,Joao Miguel Nunes
Giovanna Rios,B,02/11/1960,Rocha,DF,27/07/2023,24/07/2033,62.997.478-0,DETRAN,RO,193.862.470-03,02988221388,B,Augusto Nunes,Eloa Oliveira,Giovanna Rios
Laura Souza,B,23/06/1957,Martins,PA,29/07/2020,27/07/2030,48.765.647-1,DETRAN,GO,781.243.506-71,84155413112,B,Anthony Mendonca,Maria Flor Barros,Laura Souza
Emanuelly Viana,E,30/07/1994,Cunha do Oeste,GO,06/06/2019,03/06/2029,45.197.403-0,IIRGD,PR,208.675.941-01,51286602792,E,Arthur Gabriel Porto,Srta. Marcela Teixeira,Emanuelly Viana
Cecilia Camargo,D,27/11/1953,Fernandes,TO,27/09/2018,24/09/2028,69.882.147-4,IIRGD,MG,510.248.936-42,06089794234,D,Nathan Ramos,Ana Clara Siqueira,Cecilia Camargo
Cecilia Rocha,E,17/10/1987,Almeida do Sul,ES,19/10/2017,17/10/2027,55.948.717-5,IFP,DF,639.802.175-40,61536808093,E,Dr. Francisco Siqueira,Heloisa Albuquerque,Cecilia Rocha
Dr. Caio Sa,A,28/05/1952,Carvalho,AL,05/09/2020,03/09/2030,29.110.457-3,DETRAN,SE,532.974.180-79,22051185358,A,Ryan Pires,Srta. Antonella Ferreira,Dr. Caio Sa
Luana Pinto,A,12/07/2004,Brito da Prata,RN,12/05/2018,09/05/2028,36.161.858-3,PC,RO,045.273.698-65,85364296546,A,Arthur Barros,Maria Luiza Pires,Luana Pinto
Maria Julia Cavalcanti,D,11/02/1964,Santos,RR,29/08/2021,27/08/2031,75.386.182-5,IPF,PR,764.815.329-73,92595301289,D,Benicio da Mota,Melina Peixoto,Maria Julia Cavalcanti
Maria Laura Macedo,E,27/09/1988,Casa Grande das Pedras,SP,14/04/2017,12/04/2027,32.926.714-6,DETRAN,AP,125.493.068-05,33523756108,E,Vitor Hugo Campos,Anna Liz Campos,Maria Laura Macedo
Alexandre Campos,D,28/02/1999,Vargas Paulista,ES,13/05/2018,10/05/2028,44.928.176-4,SSP,PI,264.037.851-17,96785861668,D,Benicio Cardoso,Manuella Martins,Alexandre Campos
Sara Dias,D,26/07/1979,Macedo,SP,10/02/2017,08/02/2027,91.394.574-3,IIRGD,AM,107.953.468-75,50502276296,D,Ryan Silveira,Emanuelly Ribeiro,Sara Dias
Liam Carvalho,B,30/10/1951,Monteiro,PI,30/06/2020,28/06/2030,83.374.196-5,DETRAN,AP,590.126.384-70,36505173841,B,Dr. Vitor Sa,Ana Luiza Lima,Liam Carvalho
Yago Vargas,D,02/06/1959,Farias,MA,13/03/2024,11/03/2034,22.278.490-2,IPF,RN,293.765.840-74,37287454341,D,Brayan Freitas,Fernanda Lopes,Yago Vargas
Thomas da Cunha,A,26/05/1948,Carvalho das Pedras,TO,16/03/2019,13/03/2029,54.553.512-0,PC,PR,230.674.958-29,78822704415,A,Nicolas Almeida,Melina Rocha,Thomas da Cunha
Ana Beatriz Rodrigues,E,04/10/1968,da Rocha,PI,04/09/2019,01/09/2029,66.687.892-2,IPF,MA,632.570.189-59,62823409099,E,Sr. Joao Lucas Andrade,Isadora Novaes,Ana Beatriz Rodrigues
Dom Rodrigues,C,18/01/1965,da Conceicao dos Dourados,SP,29/04/2018,26/04/2028,94.118.238-1,PC,RO,654.017.328-80,00118977801,C,Luiz Felipe Peixoto,Sra. Olivia Pastor,Dom Rodrigues
Maya Nascimento,C,26/08/1945,Guerra da Praia,RO,27/06/2023,24/06/2033,40.939.614-2,DETRAN,MG,807.239.641-22,34065849754,C,Pedro Rezende,Zoe Brito,Maya Nascimento
Leo da Conceicao,D,21/09/1967,Araujo do Galho,PI,24/08/2017,22/08/2027,98.447.987-6,SSP,GO,629.315.874-19,83862885837,D,Enrico Novaes,Maria Flor Novaes,Leo da Conceicao
Henrique da Conceicao,D,28/11/1991,Albuquerque,SP,06/10/2016,04/10/2026,65.814.951-8,IFP,CE,410.785.936-39,48997426419,D,Josue Costa,Emanuella Brito,Henrique da Conceicao
Milena da Conceicao,B,20/10/1995,Jesus das Flores,AC,05/10/2019,02/10/2029,44.323.360-7,DETRAN,AP,306.215.984-70,18461368465,B,Leo Ramos,Dra. Ana Luiza Santos,Milena da Conceicao
Francisco Mendes,C,04/07/2005,da Mata,ES,24/11/2021,22/11/2031,66.769.857-0,DETRAN,AC,672.451.983-73,01394506555,C,Kaique Melo,Sra. Maria Vitoria Aparecida,Francisco Mendes
Alexia Rodrigues,C,04/05/1966,Goncalves,DF,06/03/2021,04/03/2031,26.736.507-0,IPF,GO,490.283.567-38,65592418833,C,Luan Novais,Gabrielly Rios,Alexia Rodrigues
Sra. Cecilia Goncalves,E,14/11/1981,Mendes,MG,07/12/2021,05/12/2031,28.301.155-3,SSP,RO,051.329.764-25,90831207413,E,Lorenzo Aparecida,Sofia Aparecida,Sra. Cecilia Goncalves
Mateus Macedo,B,24/04/1972,Alves,DF,04/02/2023,01/02/2033,80.464.817-7,IIRGD,RN,436.172.509-80,07804950602,B,Vitor Hugo Borges,Dra. Hadassa Rodrigues,Mateus Macedo
Joao Felipe Teixeira,A,27/04/1958,Rocha do Sul,ES,18/04/2024,16/04/2034,16.507.562-9,SSP,DF,389.670.421-40,31866236234,A,Mateus Camargo,Antonella Garcia,Joao Felipe Teixeira
Joao Cardoso,C,15/09/1986,Lima Alegre,GO,19/08/2024,17/08/2034,25.177.763-0,PC,TO,348.071.526-53,04188890696,C,Heitor Novaes,Marina Fernandes,Joao Cardoso
Rhavi da Rocha,E,16/04/1965,Fernandes de Campos,SC,17/07/2020,15/07/2030,90.386.110-1,IIRGD,CE,825.409.673-29,27978122126,E,Leonardo Monteiro,Srta. Maria Eduarda Cardoso,Rhavi da Rocha
Mathias Mendonca,E,20/10/1951,Silveira da Praia,PE,27/10/2019,24/10/2029,87.165.268-9,IPF,MG,863.075.192-40,08893692820,E,Vinicius Marques,Dra. Isis Novaes,Mathias Mendonca
Maria Cecilia Albuquerque,B,04/03/2003,Barros das Pedras,DF,01/09/2016,30/08/2026,56.692.326-3,DETRAN,MA,762.143.809-69,53450816327,B,Daniel Dias,Ana Liz Porto,Maria Cecilia Albuquerque
Eloah Albuquerque,C,17/10/1987,Andrade,ES,22/04/2016,20/04/2026,86.185.254-7,DETRAN,AP,291.873.046-78,74519744751,C,Diogo Vargas,Sra. Olivia Gomes,Eloah Albuquerque
Heitor Vieira,B,31/03/1955,Nascimento de da Paz,SE,19/08/2024,17/08/2034,53.595.767-7,SSP,RR,218.436.907-13,07562775771,B,Sr. Ryan Jesus,Ana Luiza Farias,Heitor Vieira
Dra. Lavinia Fogaca,B,28/07/1996,Ribeiro Alegre,RN,13/10/2019,10/10/2029,95.895.688-0,IPF,MA,216.758.394-09,35261254459,B,Davi Miguel Sa,Valentina Freitas,Dra. Lavinia Fogaca
Gustavo Henrique Cunha,C,09/01/2006,Goncalves,AC,08/05/2018,05/05/2028,40.469.754-5,PC,PA,329.401.675-16,24826234343,C,Caue Camara,Mariah Freitas,Gustavo Henrique Cunha
Cecilia Souza,A,17/03/2004,da Costa Grande,AC,09/02/2020,06/02/2030,25.267.825-8,PC,RS,276.301.549-25,44447578789,A,Emanuel da Rocha,Carolina Almeida,Cecilia Souza
Caue Caldeira,E,03/06/1974,Sa,BA,11/04/2022,08/04/2032,87.188.440-5,IIRGD,MA,069.852.341-51,18782860726,E,Jose Miguel da Conceicao,Milena Goncalves,Caue Caldeira
Isabel Martins,A,12/01/1951,Abreu,DF,27/11/2019,24/11/2029,28.990.372-9,IPF,PR,038.546.921-70,49371296714,A,Luan Castro,Srta. Sophie Oliveira,Isabel Martins
Calebe Caldeira,D,27/02/1953,Garcia Alegre,PR,11/05/2019,08/05/2029,94.647.973-7,DETRAN,RS,759.162.804-67,41715144526,D,Brayan Lopes,Beatriz Nunes,Calebe Caldeira
Sabrina Andrade,B,23/04/1953,Rios Paulista,SE,02/04/2018,30/03/2028,27.815.467-1,IFP,PI,163.587.240-53,37104284200,B,Dr. Rhavi Almeida,Manuela Siqueira,Sabrina Andrade
Thales Pimenta,C,19/04/1988,da Rocha,RJ,28/08/2017,26/08/2027,64.685.537-7,IIRGD,ES,137.804.256-53,56492482260,C,Marcos Vinicius Cunha,Leticia Macedo,Thales Pimenta
Guilherme Montenegro,C,12/04/1953,Sousa de Novaes,MS,10/09/2017,08/09/2027,50.854.599-3,IIRGD,TO,036.824.719-87,46673305986,C,Luiz Felipe Machado,Evelyn Teixeira,Guilherme Montenegro
Sr. Samuel Cardoso,C,12/11/2004,Araujo,AP,28/01/2024,25/01/2034,45.356.515-3,IPF,PR,096.174.852-49,87539231242,C,Rhavi da Cunha,Raquel Casa Grande,Sr. Samuel Cardoso
Sr. Jose Miguel da Conceicao,A,03/06/2000,Marques de Freitas,DF,03/10/2021,01/10/2031,12.619.989-8,DETRAN,MG,359.086.147-93,32771041818,A,Heitor Oliveira,Clara Freitas,Sr. Jose Miguel da Conceicao
Dra. Maria Alice Moraes,A,20/07/1975,Pinto do Norte,AL,07/09/2016,05/09/2026,88.930.293-3,IFP,SP,507.236.894-74,14669620227,A,Enzo Gabriel Araujo,Alana Borges,Dra. Maria Alice Moraes
Joao Lucas Nunes,C,05/09/1996,Monteiro do Oeste,PE,29/05/2017,27/05/2027,91.555.190-9,IPF,CE,294.175.836-46,09876460239,C,Theodoro Rios,Sra. Lorena Duarte,Joao Lucas Nunes
Emanuel Leao,E,05/02/1975,Barbosa,RR,18/05/2020,16/05/2030,56.248.231-1,IIRGD,CE,896.057.243-83,77081433241,E,Josue Cunha,Kamilly Gomes,Emanuel Leao
Lorenzo Barros,D,07/04/1981,Vasconcelos Paulista,SC,25/12/2021,23/12/2031,88.308.465-7,IPF,MA,693.284.571-73,13580179408,D,Davi Luiz Correia,Ana Beatriz da Cunha,Lorenzo Barros
Bianca Barbosa,B,11/06/2003,Marques,SP,21/07/2019,18/07/2029,11.274.295-2,DETRAN,AL,097.541.382-14,77254789924,B,Luiz Fernando Ferreira,Rafaela Sa,Bianca Barbosa
Arthur Miguel Ferreira,E,09/09/2003,Souza,PI,17/06/2022,14/06/2032,24.664.610-5,SSP,PI,815.720.963-30,80405648482,E,Jose Pedro Aparecida,Dra. Juliana Nogueira,Arthur Miguel Ferreira
Sra. Maria Luiza Barros,D,29/01/1986,Aparecida,SC,05/12/2021,03/12/2031,73.861.435-7,PC,SP,197.824.306-50,65705465235,D,Yago Gomes,Anna Liz da Mata,Sra. Maria Luiza Barros
Maria Sophia Rezende,B,12/01/1981,Duarte,RR,13/04/2020,11/04/2030,99.644.946-9,IFP,PR,940.378.512-88,78409834575,B,Nicolas Barros,Dra. Eloah Ramos,Maria Sophia Rezende
Mariana Albuquerque,E,11/06/1968,da Paz de Goias,SE,25/04/2016,23/04/2026,20.392.913-8,IFP,GO,415.897.306-66,89769295687,E,Dr. Leandro Nunes,Ana Vitoria Leao,Mariana Albuquerque
Pietro Melo,C,29/07/1960,Dias do Norte,AM,10/02/2023,07/02/2033,54.347.412-1,SSP,AM,980.265.314-42,41785589572,C,Davi Luiz Camara,Clara Jesus,Pietro Melo
Maria Luisa Mendonca,B,13/05/1950,Novaes,MA,01/10/2024,29/09/2034,92.387.371-5,IPF,PI,974.215.860-67,08805738847,B,Dr. Bruno Lopes,Ana Sophia Silveira,Maria Luisa Mendonca
Maria Eduarda da Paz,E,11/10/1987,Barros,AC,04/06/2023,01/06/2033,51.507.975-2,IIRGD,AL,137.892.564-55,81666401648,E,Otavio Nunes,Heloisa Siqueira,Maria Eduarda da Paz
Maria Vitoria Pacheco,D,31/12/1975,Costela de Rezende,AL,14/12/2015,11/12/2025,83.267.320-4,PC,RS,685.307.419-00,44342433517,D,Apollo Teixeira,Gabrielly Fogaca,Maria Vitoria Pacheco
Emanuelly Moreira,D,10/12/1948,Pimenta,PE,23/02/2023,20/02/2033,77.192.515-2,SSP,AC,078.312.965-30,65719574941,D,Asafe Marques,Maria Luisa Sousa,Emanuelly Moreira
Lorenzo Teixeira,A,25/09/1987,Ramos,RN,17/12/2023,14/12/2033,88.657.228-3,SSP,AL,271.908.563-40,11180717253,A,Jose Moreira,Sra. Alana da Luz,Lorenzo Teixeira
Mirella Pimenta,A,05/08/1996,Macedo,PE,12/07/2018,09/07/2028,61.480.800-5,SSP,RR,195.026.843-89,07317151869,A,Luiz Otavio Barbosa,Dra. Fernanda Rezende,Mirella Pimenta
Maria Flor Mendonca,B,18/10/1981,Vasconcelos da Prata,CE,20/10/2018,17/10/2028,15.733.433-8,PC,MG,395.804.271-60,73738918790,B,Calebe Novaes,Brenda Novaes,Maria Flor Mendonca
Bella Pimenta,B,24/10/1994,Souza das Pedras,SE,27/03/2018,24/03/2028,24.354.147-2,SSP,MT,572.896.413-37,17653118188,B,Ravi Lucca Rezende,Maria Julia Alves,Bella Pimenta
Ana Cecilia Jesus,B,16/06/2007,das Neves da Praia,PB,09/06/2018,06/06/2028,16.701.985-9,IPF,MT,653.401.972-80,36048058450,B,Luiz Gustavo Novais,Maya Sa,Ana Cecilia Jesus
Sophia Borges,C,24/04/2006,Duarte,PR,09/11/2022,06/11/2032,38.309.568-3,IFP,CE,310.746.589-57,72279738673,C,Leandro Marques,Camila Camargo,Sophia Borges
Brayan Silva,D,17/09/1969,da Paz,MG,05/09/2023,02/09/2033,70.161.796-5,SSP,TO,524.387.169-91,08870860224,D,Ravi Siqueira,Alice da Costa,Brayan Silva
Luiz Fernando Costela,C,31/05/1998,Almeida,PI,18/08/2020,16/08/2030,69.879.742-1,IPF,RR,634.179.520-34,26547199626,C,Levi Fogaca,Luisa Souza,Luiz Fernando Costela
Julia Porto,A,29/08/1977,Guerra do Sul,DF,17/07/2018,14/07/2028,95.678.770-4,SSP,SC,416.529.708-94,18885376294,A,Paulo Cassiano,Yasmin Ramos,Julia Porto
Helena Siqueira,C,21/10/1984,Montenegro do Campo,PE,14/03/2019,11/03/2029,30.349.951-8,IPF,GO,125.879.463-28,33317702568,C,Juan Castro,Alexia Oliveira,Helena Siqueira
Dr. Joao Lucas Peixoto,D,10/12/1984,Sousa da Prata,ES,10/08/2019,07/08/2029,65.881.873-9,IIRGD,AP,328.907.564-83,03292214286,D,Isaque Santos,Eduarda Sa,Dr. Joao Lucas Peixoto
Sr. Leo Nascimento,B,03/11/1996,Vargas da Prata,DF,13/03/2023,10/03/2033,85.376.788-9,DETRAN,CE,431.025.786-08,94273980978,B,Gael Carvalho,Dra. Isabela Sampaio,Sr. Leo Nascimento
Ana Livia Alves,B,28/08/1995,da Mota,PB,19/08/2018,16/08/2028,93.681.627-9,IFP,SP,419.285.760-01,66120208289,B,Bryan Teixeira,Dra. Natalia Cardoso,Ana Livia Alves
Liam Porto,C,14/01/1967,da Paz de Porto,PI,02/12/2021,30/11/2031,35.751.948-5,PC,SC,927.510.836-68,23740569182,C,Bryan Rodrigues,Amanda Sa,Liam Porto
Kevin Rios,B,13/11/1979,Vieira do Campo,RO,21/01/2018,19/01/2028,95.753.416-8,IFP,RR,610.928.354-15,31612564082,B,Sr. Isaque da Rosa,Milena Casa Grande,Kevin Rios
Pedro Caldeira,E,17/12/1997,Ramos,SP,16/01/2021,14/01/2031,28.225.530-6,PC,TO,849.176.235-37,34752760442,E,Dr. Caua Mendes,Daniela Rodrigues,Pedro Caldeira
Ayla Fonseca,A,22/08/1969,Nogueira,BA,23/06/2022,20/06/2032,66.106.199-5,IFP,RO,358.196.024-98,75831729766,A,Dr. Anthony Gabriel Cavalcanti,Evelyn Vargas,Ayla Fonseca
Dom Aparecida,C,10/10/1996,Alves de Goias,MA,18/12/2017,16/12/2027,83.241.588-2,IPF,AC,876.042.395-10,82803275742,C,Rael da Cruz,Milena Pires,Dom Aparecida
Lara da Cruz,D,02/03/1978,Novaes,DF,01/03/2019,26/02/2029,59.523.555-4,SSP,PR,493.520.167-34,40371245237,D,Benjamim Fonseca,Maria Julia Oliveira,Lara da Cruz
Luan Barbosa,A,04/01/1983,Jesus,SC,19/07/2017,17/07/2027,47.112.144-5,IFP,PB,039.684.275-56,63693759536,A,Asafe Siqueira,Evelyn Goncalves,Luan Barbosa
Otavio Camargo,B,16/06/1972,Castro de da Cruz,RR,14/12/2022,11/12/2032,74.204.462-9,IFP,AL,315.826.079-40,27720479311,B,Jose Miguel Leao,Manuella Novais,Otavio Camargo
Yan Pinto,D,17/12/1985,Sousa,PE,27/04/2022,24/04/2032,33.552.491-2,SSP,DF,395.468.721-64,06872851970,D,Joao Lucas Cavalcante,Bruna Lima,Yan Pinto
Carolina Nogueira,E,24/10/1995,Pereira,BA,17/12/2020,15/12/2030,17.654.142-0,PC,PI,038.965.721-21,12512076011,E,Gael Henrique da Rocha,Isis Azevedo,Carolina Nogueira
Allana Rios,D,20/02/1983,Fogaca das Pedras,AP,25/04/2018,22/04/2028,80.658.120-2,PC,ES,957.624.301-70,97034921935,D,Bento Gomes,Sra. Maria Isis Melo,Allana Rios
Ian Cassiano,D,16/07/2002,da Cruz,PA,15/12/2019,12/12/2029,46.637.293-8,DETRAN,MT,321.859.704-88,09346530651,D,Caleb Goncalves,Dra. Sofia Moraes,Ian Cassiano
Manuella Pastor,C,12/03/1966,da Rosa de Cavalcante,MT,15/09/2022,12/09/2032,37.732.995-6,SSP,BA,720.634.591-34,22475338248,C,Dr. Pedro Montenegro,Srta. Ana Liz Vieira,Manuella Pastor
Leo Viana,E,08/04/1954,Pastor,PA,30/03/2021,28/03/2031,18.118.927-1,DETRAN,RO,206.745.381-53,44194282486,E,Yuri Moraes,Clarice Machado,Leo Viana
Carolina Cavalcanti,D,10/01/2003,Sousa,RJ,23/04/2021,21/04/2031,38.891.203-9,SSP,DF,091.342.768-31,91469052228,D,Davi Lucca Albuquerque,Esther Rezende,Carolina Cavalcanti
Maria Eduarda das Neves,D,31/03/1985,Cirino,PI,13/11/2024,11/11/2034,49.117.872-2,DETRAN,MG,164.389.507-93,76112003127,D,Pietro Campos,Agatha Martins,Maria Eduarda das Neves
Clara Rodrigues,D,02/01/1985,Moreira,MS,01/12/2016,29/11/2026,22.312.413-4,IFP,AP,073.915.246-70,00365017772,D,Sr. Raul Silva,Ana Livia Nunes,Clara Rodrigues
Augusto Guerra,B,20/06/1966,Albuquerque,PE,17/08/2023,14/08/2033,53.917.532-1,PC,SC,285.976.140-30,12445324482,B,Thales Cirino,Camila Novais,Augusto Guerra
Ana Laura Souza,E,22/01/1982,Moraes de Guerra,AL,15/12/2016,13/12/2026,96.103.396-7,SSP,GO,960.351.482-98,78153467683,E,Sr. Jose Miguel Correia,Laura Camara,Ana Laura Souza
Thales da Costa,D,19/08/1969,Sa,PA,06/07/2017,04/07/2027,96.743.696-5,DETRAN,PI,721.593.086-68,17762854451,D,Davi Dias,Brenda Teixeira,Thales da Costa
Lucas Gabriel da Mota,B,17/04/1963,Moraes,TO,09/06/2023,06/06/2033,52.222.508-0,IFP,MS,609.547.382-92,05895125029,B,Otavio Rios,Ana Beatriz Fonseca,Lucas Gabriel da Mota
Caroline Dias,A,27/11/1960,Rodrigues,RS,16/05/2016,14/05/2026,27.826.313-1,DETRAN,PB,038.162.597-40,78894789802,A,Matteo Lima,Elisa Moraes,Caroline Dias
Ravy da Rocha,C,05/06/1954,Melo,RN,30/10/2017,28/10/2027,47.526.838-9,DETRAN,SE,681.942.035-89,66307788114,C,Davi Miguel Rezende,Isabella da Rosa,Ravy da Rocha
Breno Camara,B,24/10/1996,Vargas,DF,25/05/2022,22/05/2032,55.160.625-4,SSP,AM,123.965.874-55,55773260076,B,Davi Lucca da Costa,Maria Isis Siqueira,Breno Camara
Carolina Castro,D,18/08/1960,Cassiano da Serra,AL,22/01/2017,20/01/2027,26.469.312-5,IFP,PE,863.409.572-00,96961515002,D,Theo Montenegro,Srta. Bianca da Rosa,Carolina Castro
Fernando da Mota,C,28/05/1980,Rios,RN,16/11/2017,14/11/2027,85.647.111-8,SSP,PA,310.678.542-07,63392494298,C,Dante Costa,Lavinia Novaes,Fernando da Mota
Davi Garcia,E,08/03/1968,Martins,PR,22/11/2019,19/11/2029,55.612.385-0,DETRAN,GO,096.371.825-86,99283540110,E,Apollo Silveira,Sra. Emilly Fonseca,Davi Garcia
Sr. Joao Miguel Martins,D,07/06/2007,da Mata,BA,31/08/2018,28/08/2028,68.472.697-9,IFP,RO,076.918.325-59,60159981284,D,Pedro Henrique Souza,Nina Carvalho,Sr. Joao Miguel Martins
Kamilly Ramos,E,24/10/1945,Vargas,AL,05/06/2024,03/06/2034,37.640.349-4,IIRGD,RS,258.014.396-33,43488672357,E,Dr. Vitor Gabriel Cavalcanti,Heloisa Borges,Kamilly Ramos
Dr. Lucca Fogaca,E,29/05/1990,Goncalves das Flores,RR,24/01/2017,22/01/2027,42.498.717-0,SSP,RN,382.941.607-50,04082139811,E,Sr. Pedro Lucas Pacheco,Gabriela Cirino,Dr. Lucca Fogaca
Diego Cardoso,D,28/11/1974,Moura de Goias,AL,13/02/2017,11/02/2027,15.726.390-5,IPF,PB,518.293.406-89,92962080330,D,Arthur Miguel Nunes,Sra. Catarina Farias,Diego Cardoso
Pietro Caldeira,C,29/09/2003,Montenegro de Minas,SE,16/03/2021,14/03/2031,21.283.645-8,IPF,AC,190.427.538-97,65074856769,C,Gael Henrique Mendes,Ana Garcia,Pietro Caldeira
Melissa Andrade,B,01/03/1964,Barros da Serra,AL,29/08/2021,27/08/2031,60.699.718-2,DETRAN,AL,483.915.067-20,29645279085,B,Caleb da Paz,Bruna Viana,Melissa Andrade
Rafaela Oliveira,B,04/01/1991,Novais,MS,05/06/2021,03/06/2031,61.669.141-6,IFP,CE,385.926.401-05,82832316595,B,Dr. Gustavo Henrique da Rosa,Rafaela Goncalves,Rafaela Oliveira
Lucas Gabriel Rezende,A,12/09/1953,Rocha do Sul,AL,07/02/2024,04/02/2034,91.411.232-6,SSP,TO,513.806.279-40,61045301160,A,Dr. Henry Cavalcante,Heloisa Cirino,Lucas Gabriel Rezende
Sra. Julia da Costa,C,09/08/1977,Freitas das Flores,SP,25/03/2020,23/03/2030,82.294.187-5,IFP,RJ,604.278.153-71,20186762579,C,Sr. Nathan Ribeiro,Ana Luiza Ferreira,Sra. Julia da Costa
Catarina Nascimento,C,19/03/1992,Albuquerque Paulista,MS,05/12/2020,03/12/2030,55.949.646-6,SSP,CE,086.235.479-00,14227671948,C,Caio Camara,Cecilia Ribeiro,Catarina Nascimento
Joao Felipe Monteiro,D,24/11/1998,Araujo da Mata,BA,11/10/2023,08/10/2033,71.999.967-3,IFP,TO,580.362.974-00,93590178804,D,Jose Miguel Silva,Olivia Silva,Joao Felipe Monteiro
Ana Livia Castro,D,29/04/1945,Novais,DF,17/05/2021,15/05/2031,97.505.777-8,DETRAN,PB,987.130.254-14,47861329344,D,Anthony da Rocha,Sofia Duarte,Ana Livia Castro
Rhavi Camargo,A,13/03/1980,Pimenta,SP,07/10/2024,05/10/2034,67.234.593-4,SSP,PI,291.784.530-97,66020860175,A,Dr. Miguel Sousa,Eduarda Guerra,Rhavi Camargo
Ana Beatriz Cavalcante,E,27/06/2007,da Cunha,ES,23/05/2021,21/05/2031,78.622.107-3,IIRGD,MA,359.406.128-06,31723406687,E,Joao Pedro Sousa,Raquel Cunha,Ana Beatriz Cavalcante
Dr. Enzo da Paz,A,18/07/1977,Pimenta da Mata,RS,31/10/2020,29/10/2030,90.178.535-9,IFP,PB,528.971.043-41,28373917853,A,Davi Luiz Cassiano,Maria Alice da Rocha,Dr. Enzo da Paz
Sra. Leticia Montenegro,D,28/01/1976,Mendes,ES,15/06/2020,13/06/2030,57.414.775-7,IFP,RS,435.627.809-74,84557560061,D,Benicio Moura,Marcela Nogueira,Sra. Leticia Montenegro
Helena Porto,E,29/12/1953,Pires,AM,30/07/2017,28/07/2027,54.981.502-5,SSP,PB,376.150.489-66,15414363242,E,Sr. Joao Pedro Oliveira,Sophie Dias,Helena Porto
Brenda Azevedo,B,05/10/1969,Borges da Praia,RR,01/03/2019,26/02/2029,70.700.408-7,IPF,MT,061.839.542-33,42072344228,B,Brayan da Costa,Sophia Cunha,Brenda Azevedo
Luan Montenegro,E,17/04/1969,das Neves,GO,07/12/2018,04/12/2028,77.426.894-2,SSP,SC,120.756.483-44,20432312939,E,Enzo Moraes,Sra. Isis Rios,Luan Montenegro
Enrico da Cruz,A,16/05/1947,Montenegro,GO,13/03/2020,11/03/2030,16.199.966-5,PC,RR,419.658.732-19,42249869231,A,Diego Jesus,Heloisa Macedo,Enrico da Cruz
Davi Miguel Correia,A,15/12/2003,da Costa do Galho,PR,19/02/2019,16/02/2029,43.919.731-6,IFP,RJ,651.293.074-61,22637771426,A,Henrique Oliveira,Lunna Borges,Davi Miguel Correia
Alexia Porto,C,28/07/1945,Moraes,DF,03/02/2020,31/01/2030,77.562.790-3,IPF,AC,965.278.340-47,97005434709,C,Diogo Rocha,Sabrina Jesus,Alexia Porto
Eloah Ferreira,B,03/01/1992,Abreu,MG,02/10/2016,30/09/2026,36.521.157-8,IFP,ES,561.347.028-62,97472688001,B,Henry Oliveira,Mariah da Luz,Eloah Ferreira
Lais Teixeira,D,30/11/1953,da Mota do Sul,RN,12/11/2017,10/11/2027,14.731.627-8,SSP,ES,439.716.208-50,62891289867,D,Kevin Goncalves,Lavinia Siqueira,Lais Teixeira
Julia Garcia,D,25/05/1973,Martins de Sa,DF,26/10/2018,23/10/2028,81.356.357-1,DETRAN,SE,213.079.684-22,51094171915,D,Juan Cunha,Maysa Peixoto,Julia Garcia
Henry Gabriel Correia,A,22/04/1956,Barbosa de Pires,AL,01/06/2019,29/05/2029,74.502.142-2,SSP,MG,357.891.406-10,24568206194,A,Oliver Moreira,Elisa Alves,Henry Gabriel Correia
Enrico Jesus,B,11/02/1967,Alves de Camara,PA,12/02/2022,10/02/2032,27.320.671-5,IIRGD,PR,892.741.306-78,88600194234,B,Arthur Gabriel Nogueira,Beatriz Borges,Enrico Jesus
Josue Barbosa,E,04/06/1955,Cirino,CE,06/03/2017,04/03/2027,69.273.677-1,IIRGD,RR,134.569.720-16,40321013845,E,Theo Rios,Dra. Isabella Marques,Josue Barbosa
Sra. Barbara Correia,C,11/11/1972,da Cunha,DF,10/03/2022,07/03/2032,79.546.450-5,IIRGD,AL,849.701.256-94,89015671868,C,Sr. Luiz Felipe Lopes,Bruna Leao,Sra. Barbara Correia
Joaquim Nascimento,A,14/04/2000,Albuquerque do Campo,MA,11/12/2017,09/12/2027,67.430.589-3,PC,SE,409.738.561-57,73658701168,A,Sr. Thales Vieira,Dra. Fernanda Vargas,Joaquim Nascimento
Raul Camara,A,19/12/1977,da Mota de Freitas,PB,06/08/2018,03/08/2028,62.824.321-5,DETRAN,AM,490.513.782-97,28330599704,A,Benicio Duarte,Jade Garcia,Raul Camara
Rodrigo Rocha,D,20/08/1952,Sampaio das Flores,AP,12/09/2021,10/09/2031,33.904.214-1,IIRGD,AC,309.657.214-34,79616558505,D,Joao Costela,Liz Melo,Rodrigo Rocha
Luisa Pinto,C,23/05/1956,Barros,PA,13/06/2022,10/06/2032,67.718.788-3,IPF,ES,046.371.928-03,03204271953,C,Benicio Abreu,Melina Moraes,Luisa Pinto
Maria Vitoria Peixoto,C,22/02/1966,Sampaio,AP,21/10/2017,19/10/2027,75.308.181-3,IPF,AL,729.804.356-00,78254805791,C,Henry Gabriel Pinto,Maria Luiza Pires,Maria Vitoria Peixoto
Henry Gabriel Nascimento,B,14/04/1951,Aparecida de Araujo,RO,15/12/2017,13/12/2027,65.511.395-2,IFP,SC,531.094.628-42,99522529850,B,Dom da Paz,Ana Sophia Barbosa,Henry Gabriel Nascimento
Isabela Gomes,A,04/10/1987,Vasconcelos,DF,07/12/2016,05/12/2026,15.674.816-5,IIRGD,AP,194.836.502-24,08882655215,A,Rael Nogueira,Olivia Dias,Isabela Gomes
Allana Castro,A,27/09/1970,Santos,RS,09/11/2022,06/11/2032,47.531.270-1,IFP,RS,913.602.847-96,57818372830,A,Dr. Marcelo Moura,Cecilia Moreira,Allana Castro
Noah Moreira,D,14/03/1945,Sampaio,PI,15/06/2019,12/06/2029,63.655.472-7,SSP,AC,624.809.375-00,26974910613,D,Jose Teixeira,Isabela Machado,Noah Moreira
Thiago Rodrigues,E,28/07/2007,Teixeira dos Dourados,AP,13/01/2022,11/01/2032,39.808.591-0,PC,PE,269.083.571-12,68095590840,E,Fernando Azevedo,Mariah Barbosa,Thiago Rodrigues
Alice Silva,E,02/02/2001,Albuquerque do Galho,RN,31/07/2019,28/07/2029,88.672.888-6,IIRGD,PR,652.387.049-92,55353828556,E,Anthony Gabriel Costela,Maria Vitoria Porto,Alice Silva
Mateus Lima,D,20/08/2004,Novais do Norte,SE,06/07/2018,03/07/2028,68.245.984-8,DETRAN,SP,415.790.382-04,84918344186,D,Anthony Goncalves,Ana Liz Cavalcante,Mateus Lima
Clarice Guerra,B,01/11/1957,Brito do Amparo,MG,10/10/2016,08/10/2026,65.573.745-8,PC,SP,721.586.493-64,60229019052,B,Leandro Macedo,Bruna da Rocha,Clarice Guerra
Liam Rodrigues,D,14/12/1995,Monteiro da Mata,SP,28/12/2021,26/12/2031,26.783.117-2,IPF,RO,960.532.841-06,43216080462,D,Mateus da Paz,Esther Pastor,Liam Rodrigues
Ana Julia Ramos,D,08/09/1996,Albuquerque do Sul,PI,06/03/2018,03/03/2028,88.548.396-5,IPF,MA,378.195.064-66,29195940580,D,Sr. Isaac Pimenta,Brenda Lopes,Ana Julia Ramos
Rafael Leao,C,10/12/1966,Monteiro,BA,16/12/2022,13/12/2032,36.928.367-5,SSP,CE,496.508.372-56,46343267122,C,Sr. Leandro Ferreira,Lorena Campos,Rafael Leao
Vitor Hugo Cirino,C,18/01/1971,Carvalho Paulista,MA,28/12/2015,25/12/2025,62.943.470-7,IFP,SE,624.815.039-70,17605523121,C,Joao Vitor Sousa,Antonella da Cruz,Vitor Hugo Cirino
Rafaela Fernandes,A,28/12/1992,Ribeiro do Galho,TO,23/06/2019,20/06/2029,49.590.135-2,DETRAN,GO,374.690.851-57,93881738236,A,Enrico Moreira,Larissa Rocha,Rafaela Fernandes
Bento Almeida,D,02/08/1964,Cunha da Mata,AP,18/09/2019,15/09/2029,74.579.269-9,DETRAN,PI,501.372.894-05,12817888784,D,Rael da Paz,Sra. Marina Gomes,Bento Almeida
Natalia da Conceicao,D,30/01/1979,da Rocha do Galho,SC,30/11/2018,27/11/2028,53.442.555-8,IPF,PI,972.681.435-91,88033162507,D,Marcos Vinicius da Mata,Rafaela Rezende,Natalia da Conceicao
Barbara Cavalcanti,C,06/11/1977,Novaes de Ribeiro,ES,30/09/2022,27/09/2032,85.522.230-8,PC,PI,247.389.560-00,81163964547,C,Pietro Guerra,Livia Alves,Barbara Cavalcanti
Joaquim Albuquerque,B,06/08/1956,Nunes,ES,30/09/2024,28/09/2034,24.430.645-8,SSP,PR,086.517.943-39,44630550323,B,Dr. Leandro Costa,Manuela Freitas,Joaquim Albuquerque
Vicente Nogueira,C,04/01/1973,Duarte,CE,03/10/2017,01/10/2027,36.980.931-0,PC,RS,940.567.321-16,79230572668,C,Diego Sampaio,Agatha Peixoto,Vicente Nogueira
Dante Silveira,E,25/08/1975,Caldeira,MS,24/10/2019,21/10/2029,86.493.104-8,IIRGD,DF,826.715.043-90,64979514800,E,Calebe Farias,Lais Cunha,Dante Silveira
Maria Alice Porto,B,10/10/1980,Pacheco,MS,09/04/2023,06/04/2033,90.192.643-4,IIRGD,ES,407.196.538-00,64839549320,B,Joao Pinto,Fernanda da Cruz,Maria Alice Porto
Agatha Machado,D,19/02/1981,Teixeira,AP,11/11/2017,09/11/2027,90.590.959-1,PC,MG,837.145.692-19,25891193256,D,Vitor Gabriel da Conceicao,Maria Liz Abreu,Agatha Machado
Kamilly Marques,E,07/09/2005,Cunha,CE,25/03/2016,23/03/2026,39.462.169-4,IIRGD,MS,402.976.135-61,60346071262,E,Calebe Machado,Barbara Duarte,Kamilly Marques
Rafaela Goncalves,B,17/10/1978,Rodrigues,PB,01/12/2016,29/11/2026,61.410.422-2,SSP,RJ,143.950.278-14,73374433863,B,Thiago Costa,Sra. Julia Rios,Rafaela Goncalves
Vitor Hugo Rocha,B,20/03/1984,Novais Paulista,RS,13/12/2015,10/12/2025,76.953.565-3,IPF,SP,208.965.471-67,11269152456,B,Theo Silveira,Pietra Ferreira,Vitor Hugo Rocha
Caio da Rosa,B,15/10/1970,Cassiano,SP,25/11/2021,23/11/2031,47.300.408-6,IFP,SP,803.962.154-24,08892075080,B,Marcelo Almeida,Srta. Luna Sa,Caio da Rosa
Rodrigo Rodrigues,E,14/06/1987,Brito,PA,07/08/2019,04/08/2029,87.990.554-0,IIRGD,AM,514.639.280-33,60856566720,E,Joao Miguel Sousa,Luara da Costa,Rodrigo Rodrigues
Valentim Peixoto,B,17/12/1994,da Costa,SP,22/08/2023,19/08/2033,60.434.237-1,DETRAN,ES,654.087.192-94,45093662035,B,Ryan Camara,Daniela Azevedo,Valentim Peixoto
Heloisa Correia,B,04/08/1955,Barbosa,TO,19/08/2018,16/08/2028,12.903.532-6,IFP,PR,578.013.942-32,08731040160,B,Ravy Melo,Ana Carolina Barbosa,Heloisa Correia
Esther Peixoto,A,13/03/1970,Pimenta do Campo,PE,20/09/2016,18/09/2026,25.208.974-6,IFP,RN,125.963.470-16,49492889057,A,Joaquim Araujo,Yasmin Vieira,Esther Peixoto
Bianca Oliveira,A,22/10/1986,Camargo de Castro,PA,17/04/2019,14/04/2029,32.330.748-3,DETRAN,BA,531.670.842-35,83819077767,A,Gustavo Souza,Kamilly Cavalcanti,Bianca Oliveira
Caue Viana,D,24/09/1967,Ramos do Oeste,GO,10/08/2017,08/08/2027,46.117.671-9,SSP,AC,806.421.735-08,13967497808,D,Sr. Joao Miguel Jesus,Ana Julia Cirino,Caue Viana
Bryan Barros,E,25/12/1996,Casa Grande da Mata,MT,26/10/2021,24/10/2031,23.142.190-0,DETRAN,ES,905.412.673-61,22955240304,E,Kaique Mendonca,Sofia Camargo,Bryan Barros
Raquel Camargo,C,16/06/1978,Siqueira de Cavalcanti,TO,20/04/2024,18/04/2034,89.558.224-5,PC,AM,631.750.942-52,49001126552,C,Dr. Leonardo Pinto,Valentina Rios,Raquel Camargo
Juliana Silva,B,02/05/1963,da Luz,AP,10/05/2021,08/05/2031,83.356.410-5,SSP,TO,928.546.013-51,93873809695,B,Andre Cardoso,Isabela Goncalves,Juliana Silva
Renan Almeida,B,17/05/1997,Vieira de Lima,TO,13/04/2023,10/04/2033,29.203.595-7,IPF,MG,958.726.013-95,34266921882,B,Jose Silva,Milena Farias,Renan Almeida
Agatha da Mota,E,30/11/1996,Cunha,MS,28/12/2019,25/12/2029,48.378.602-5,PC,SC,056.493.712-61,10222656086,E,Raul Casa Grande,Dra. Antonella Novais,Agatha da Mota
Lara Machado,E,08/06/1957,Moura,AC,13/12/2017,11/12/2027,32.455.288-5,IIRGD,AP,097.653.214-06,40271624380,E,Arthur Pimenta,Leticia Oliveira,Lara Machado
Sra. Marcela da Costa,A,04/09/1999,Albuquerque,MA,25/12/2022,22/12/2032,27.134.956-7,IPF,PB,245.731.890-41,94582129613,A,Luiz Fernando Siqueira,Ana Cecilia Pimenta,Sra. Marcela da Costa
Giovanna Pereira,E,12/01/1970,Fonseca dos Dourados,AL,25/11/2024,23/11/2034,88.915.167-1,DETRAN,PB,709.854.231-88,63851652375,E,Nicolas Teixeira,Barbara Fernandes,Giovanna Pereira
Lais Rodrigues,C,12/03/1996,Albuquerque,PB,06/01/2019,03/01/2029,80.959.994-5,SSP,TO,145.276.809-94,70332090868,C,Vitor Hugo Cunha,Marina Monteiro,Lais Rodrigues
Gael Pinto,C,28/11/1990,Farias Verde,RO,30/12/2020,28/12/2030,40.119.587-3,PC,PI,143.290.856-15,94806555032,C,Sr. Jose Costela,Hadassa da Cruz,Gael Pinto
Stella Sampaio,C,26/05/1962,Oliveira das Flores,TO,02/05/2020,30/04/2030,47.825.158-5,DETRAN,PE,765.942.380-00,06103233002,C,Dr. Luiz Fernando da Conceicao,Lais Sa,Stella Sampaio
Ana Moraes,B,09/11/1996,Ferreira,PB,31/12/2017,29/12/2027,53.246.537-9,IFP,PR,493.675.201-07,42264643797,B,Ravi Pinto,Sra. Eduarda Fogaca,Ana Moraes
Caleb Marques,B,05/08/2007,Cirino da Serra,PR,10/02/2018,08/02/2028,54.659.891-0,IFP,BA,401.382.569-42,58908944410,B,Dr. Mateus Pimenta,Julia Fernandes,Caleb Marques
Alicia da Mata,E,07/01/1993,Vasconcelos Verde,SP,14/03/2023,11/03/2033,62.614.633-8,DETRAN,AP,031.942.568-15,54858976672,E,Kaique Campos,Evelyn Rezende,Alicia da Mata
Bernardo Costa,A,04/08/1964,Cavalcante,AP,01/10/2017,29/09/2027,22.409.373-4,SSP,SP,240.765.193-61,31173782327,A,Anthony Abreu,Elisa Correia,Bernardo Costa
Rafaela Vasconcelos,D,10/04/1972,Mendonca,RR,22/12/2023,19/12/2033,53.148.858-3,SSP,AM,490.826.573-92,90528949324,D,Joao Miguel Casa Grande,Kamilly Fernandes,Rafaela Vasconcelos
Dr. Gabriel Mendonca,C,25/01/1977,Fogaca de Goias,AP,18/06/2019,15/06/2029,18.631.884-6,IFP,RR,912.063.547-80,26198327844,C,Mateus Peixoto,Larissa Sousa,Dr. Gabriel Mendonca
Francisco Farias,B,12/01/1969,Sales de Machado,RJ,20/08/2019,17/08/2029,36.255.560-2,DETRAN,RN,748.905.321-88,06600628068,B,Diego Moreira,Rafaela Sales,Francisco Farias
Maria Clara da Costa,B,21/07/1993,Borges de Minas,GO,23/07/2020,21/07/2030,13.214.518-3,IFP,MS,083.127.496-40,48441586284,B,Rodrigo Moura,Maite Abreu,Maria Clara da Costa
Antony Cassiano,E,04/08/1964,Carvalho do Norte,AC,15/11/2022,12/11/2032,62.175.701-5,IIRGD,GO,730.452.961-06,67410473757,E,Dr. Bernardo Lima,Agatha Novais,Antony Cassiano
Davi Lucas da Cunha,A,02/02/1989,Aparecida Grande,GO,12/12/2021,10/12/2031,30.741.645-1,PC,PA,067.139.528-95,30788230262,A,Leo Borges,Larissa Oliveira,Davi Lucas da Cunha
Stella Castro,C,19/05/1978,Correia Paulista,AL,05/07/2024,03/07/2034,57.966.964-2,IPF,PA,014.798.562-58,70868474035,C,Dr. Henry Lima,Maria Clara da Paz,Stella Castro
Davi Lucca Rios,C,08/05/1973,Cassiano,CE,23/06/2018,20/06/2028,97.963.537-3,PC,SP,912.370.486-13,75665878871,C,Benjamim Martins,Mariah Santos,Davi Lucca Rios
Gael Henrique Sousa,A,21/02/1973,Fernandes,TO,27/10/2019,24/10/2029,27.430.939-6,DETRAN,DF,297.068.315-68,03825869679,A,Breno Siqueira,Isadora Vasconcelos,Gael Henrique Sousa
Eduardo Borges,A,04/05/1971,Nascimento,MA,28/02/2022,26/02/2032,56.917.268-0,SSP,AL,419.785.620-20,05594932689,A,Benjamin Ribeiro,Lavinia Nogueira,Eduardo Borges
Ana Laura Pacheco,C,30/05/1981,Viana,MT,21/04/2022,18/04/2032,14.868.930-8,IFP,SP,374.596.802-65,83990090783,C,Ravi Lucca Rocha,Maria Cecilia Pastor,Ana Laura Pacheco
